1743181038590472 0
1743181038591095 0
1743181038591719 -1
1743181038592345 0
1743181038592969 0
1743181038593596 0
1743181038594220 0
1743181038594845 0
1743181038595470 0
1743181038596095 0
1743181038596720 0
1743181038597345 0
1743181038597970 0
1743181038598594 0
1743181038599220 0
1743181038599844 0
1743181038600470 0
1743181038601096 0
1743181038601719 0
1743181038602345 0
1743181038602970 0
1743181038603595 -1
1743181038604220 0
1743181038604845 0
1743181038605470 0
1743181038606094 0
1743181038606720 0
1743181038607345 0
1743181038607970 0
1743181038608595 0
1743181038609220 0
1743181038609845 0
1743181038610470 0
1743181038611094 0
1743181038611720 0
1743181038612344 0
1743181038612970 0
1743181038613595 0
1743181038614219 0
1743181038614845 0
1743181038615469 0
1743181038616095 0
1743181038616720 0
1743181038617344 0
1743181038617970 0
1743181038618595 0
1743181038619220 0
1743181038619845 0
1743181038620470 0
1743181038621096 0
1743181038621719 0
1743181038622345 0
1743181038622970 0
1743181038623595 0
1743181038624220 0
1743181038624845 -1
1743181038625470 0
1743181038626095 0
1743181038626719 0
1743181038627345 0
1743181038627970 0
1743181038628595 0
1743181038629220 0
1743181038629844 0
1743181038630470 0
1743181038631094 0
1743181038631720 0
1743181038632345 0
1743181038632970 0
1743181038633594 0
1743181038634219 0
1743181038634845 0
1743181038635469 0
1743181038636094 0
1743181038636719 0
1743181038637344 0
1743181038637970 0
1743181038638594 0
1743181038639219 0
1743181038639845 0
1743181038640469 0
1743181038641095 0
1743181038641719 0
1743181038642344 0
1743181038642969 0
1743181038643594 0
1743181038644219 0
1743181038644844 0
1743181038645469 0
1743181038646094 0
1743181038646719 0
1743181038647344 0
1743181038647969 0
1743181038648595 0
1743181038649220 0
1743181038649844 0
1743181038650469 0
1743181038651094 -1
1743181038651719 0
1743181038652344 0
1743181038652969 0
1743181038653594 0
1743181038654219 0
1743181038654844 0
1743181038655469 0
1743181038656094 0
1743181038656719 0
1743181038657344 0
1743181038657969 0
1743181038658594 0
1743181038659219 0
1743181038659844 0
1743181038660469 0
1743181038661095 0
1743181038661719 0
1743181038662344 0
1743181038662969 0
1743181038663594 0
1743181038664219 0
1743181038664844 0
1743181038665470 0
1743181038666094 0
1743181038666719 0
1743181038667344 0
1743181038667969 0
1743181038668594 0
1743181038669220 0
1743181038669843 0
1743181038670470 0
1743181038671094 0
1743181038671719 0
1743181038672345 0
1743181038672969 0
1743181038673594 0
1743181038674219 0
1743181038674844 0
1743181038675469 0
1743181038676094 0
1743181038676719 0
1743181038677344 0
1743181038677969 0
1743181038678594 0
1743181038679219 0
1743181038679844 0
1743181038680469 0
1743181038681095 0
1743181038681719 0
1743181038682344 0
1743181038682969 0
1743181038683594 0
1743181038684219 0
1743181038684845 0
1743181038685469 0
1743181038686094 0
1743181038686719 0
1743181038687344 0
1743181038687969 0
1743181038688594 0
1743181038689220 0
1743181038689844 0
1743181038690469 0
1743181038691094 0
1743181038691719 0
1743181038692344 0
1743181038692969 0
1743181038693594 0
1743181038694219 0
1743181038694845 0
1743181038695469 0
1743181038696094 0
1743181038696719 0
1743181038697344 0
1743181038697969 0
1743181038698594 0
1743181038699219 0
1743181038699844 0
1743181038700469 0
1743181038701095 0
1743181038701719 0
1743181038702344 0
1743181038702969 0
1743181038703594 0
1743181038704219 0
1743181038704844 0
1743181038705469 0
1743181038706094 0
1743181038706720 0
1743181038707344 0
1743181038707969 0
1743181038708594 0
1743181038709220 0
1743181038709843 0
1743181038710469 0
1743181038711094 0
1743181038711719 0
1743181038712344 0
1743181038712969 0
1743181038713595 0
1743181038714219 0
1743181038714844 0
1743181038715469 0
1743181038716094 0
1743181038716719 0
1743181038717344 0
1743181038717969 0
1743181038718594 0
1743181038719219 0
1743181038719844 0
1743181038720469 0
1743181038721095 0
1743181038721719 0
1743181038722344 0
1743181038722969 0
1743181038723594 0
1743181038724219 0
1743181038724844 0
1743181038725469 0
1743181038726095 0
1743181038726719 0
1743181038727344 0
1743181038727970 0
1743181038728594 0
1743181038729220 0
1743181038729843 0
1743181038730470 0
1743181038731094 0
1743181038731719 0
1743181038732344 0
1743181038732969 0
1743181038733594 0
1743181038734219 0
1743181038734844 0
1743181038735469 0
1743181038736094 0
1743181038736719 0
1743181038737344 0
1743181038737969 0
1743181038738594 0
1743181038739219 0
1743181038739844 0
1743181038740469 0
1743181038741095 0
1743181038741719 0
1743181038742344 0
1743181038742969 0
1743181038743594 0
1743181038744219 0
1743181038744844 0
1743181038745469 0
1743181038746094 0
1743181038746719 0
1743181038747344 0
1743181038747969 0
1743181038748594 0
1743181038749220 0
1743181038749844 0
1743181038750469 0
1743181038751094 0
1743181038751719 0
1743181038752344 0
1743181038752969 0
1743181038753594 0
1743181038754219 0
1743181038754844 0
1743181038755469 0
1743181038756094 0
1743181038756719 0
1743181038757344 0
1743181038757969 0
1743181038758594 0
1743181038759219 0
1743181038759844 0
1743181038760469 0
1743181038761095 0
1743181038761719 0
1743181038762344 0
1743181038762969 0
1743181038763594 0
1743181038764219 0
1743181038764844 0
1743181038765469 0
1743181038766094 0
1743181038766719 0
1743181038767344 0
1743181038767970 0
1743181038768594 0
1743181038769220 0
1743181038769844 0
1743181038770469 0
1743181038771094 0
1743181038771719 0
1743181038772344 0
1743181038772969 -1
1743181038773594 0
1743181038774219 0
1743181038774844 0
1743181038775469 0
1743181038776094 0
1743181038776719 0
1743181038777344 0
1743181038777969 0
1743181038778594 0
1743181038779219 0
1743181038779844 0
1743181038780469 0
1743181038781095 0
1743181038781719 0
1743181038782344 0
1743181038782969 0
1743181038783594 0
1743181038784219 0
1743181038784844 0
1743181038785469 0
1743181038786094 0
1743181038786719 0
1743181038787344 0
1743181038787969 0
1743181038788594 0
1743181038789220 0
1743181038789844 0
1743181038790469 0
1743181038791094 0
1743181038791719 0
1743181038792344 -1
1743181038792969 0
1743181038793595 0
1743181038794220 0
1743181038794845 0
1743181038795470 0
1743181038796095 0
1743181038796719 0
1743181038797345 0
1743181038797969 0
1743181038798595 0
1743181038799220 0
1743181038799844 0
1743181038800470 0
1743181038801095 0
1743181038801719 0
1743181038802345 0
1743181038802969 0
1743181038803595 0
1743181038804220 0
1743181038804845 0
1743181038805470 0
1743181038806095 0
1743181038806720 0
1743181038807345 0
1743181038807970 0
1743181038808595 0
1743181038809220 0
1743181038809844 0
1743181038810470 0
1743181038811095 0
1743181038811720 0
1743181038812344 0
1743181038812970 0
1743181038813594 0
1743181038814219 0
1743181038814844 0
1743181038815469 0
1743181038816094 0
1743181038816719 0
1743181038817345 0
1743181038817969 0
1743181038818596 0
1743181038819219 0
1743181038819844 0
1743181038820469 0
1743181038821095 0
1743181038821718 0
1743181038822344 0
1743181038822969 0
1743181038823594 0
1743181038824219 0
1743181038824844 0
1743181038825469 0
1743181038826094 0
1743181038826719 0
1743181038827344 0
1743181038827969 0
1743181038828594 0
1743181038829220 0
1743181038829844 0
1743181038830469 0
1743181038831094 0
1743181038831719 0
1743181038832344 0
1743181038832969 0
1743181038833595 0
1743181038834220 0
1743181038834845 0
1743181038835470 0
1743181038836095 0
1743181038836719 0
1743181038837345 0
1743181038837970 0
1743181038838595 0
1743181038839220 0
1743181038839844 0
1743181038840470 0
1743181038841096 0
1743181038841719 0
1743181038842345 0
1743181038842970 0
1743181038843595 0
1743181038844220 0
1743181038844845 0
1743181038845470 0
1743181038846095 0
1743181038846720 0
1743181038847345 0
1743181038847969 0
1743181038848595 0
1743181038849220 0
1743181038849844 0
1743181038850469 0
1743181038851094 0
1743181038851720 0
1743181038852345 0
1743181038852970 0
1743181038853595 0
1743181038854220 0
1743181038854845 0
1743181038855470 0
1743181038856095 0
1743181038856719 0
1743181038857345 0
1743181038857970 0
1743181038858594 0
1743181038859220 0
1743181038859844 0
1743181038860470 0
1743181038861096 0
1743181038861719 0
1743181038862345 0
1743181038862969 0
1743181038863595 0
1743181038864220 -1
1743181038864844 0
1743181038865470 0
1743181038866095 0
1743181038866720 0
1743181038867345 0
1743181038867969 0
1743181038868595 0
1743181038869220 0
1743181038869844 0
1743181038870470 0
1743181038871094 0
1743181038871720 0
1743181038872345 0
1743181038872970 0
1743181038873594 0
1743181038874219 0
1743181038874844 0
1743181038875469 0
1743181038876094 -1
1743181038876719 0
1743181038877344 0
1743181038877969 0
1743181038878594 0
1743181038879219 0
1743181038879844 0
1743181038880469 0
1743181038881095 0
1743181038881718 0
1743181038882344 0
1743181038882969 0
1743181038883594 0
1743181038884219 0
1743181038884844 0
1743181038885469 0
1743181038886094 0
1743181038886719 0
1743181038887344 0
1743181038887969 0
1743181038888594 0
1743181038889220 0
1743181038889844 0
1743181038890469 0
1743181038891094 0
1743181038891719 0
1743181038892344 0
1743181038892969 0
1743181038893594 0
1743181038894219 0
1743181038894844 0
1743181038895469 0
1743181038896094 0
1743181038896719 0
1743181038897344 0
1743181038897969 0
1743181038898594 0
1743181038899219 0
1743181038899844 0
1743181038900469 0
1743181038901095 0
1743181038901718 0
1743181038902344 0
1743181038902969 0
1743181038903594 0
1743181038904219 0
1743181038904844 0
1743181038905469 0
1743181038906094 0
1743181038906719 0
1743181038907344 0
1743181038907969 0
1743181038908594 0
1743181038909220 0
1743181038909843 0
1743181038910469 0
1743181038911094 0
1743181038911719 0
1743181038912344 0
1743181038912969 0
1743181038913595 0
1743181038914220 0
1743181038914845 0
1743181038915470 0
1743181038916095 0
1743181038916720 0
1743181038917345 0
1743181038917970 0
1743181038918595 0
1743181038919220 0
1743181038919845 0
1743181038920470 0
1743181038921096 0
1743181038921719 0
1743181038922345 0
1743181038922970 0
1743181038923594 0
1743181038924220 0
1743181038924845 0
1743181038925470 0
1743181038926095 0
1743181038926719 0
1743181038927345 0
1743181038927969 0
1743181038928595 0
1743181038929220 0
1743181038929844 0
1743181038930470 0
1743181038931094 0
1743181038931720 0
1743181038932345 0
1743181038932970 0
1743181038933594 0
1743181038934219 0
1743181038934844 0
1743181038935469 0
1743181038936094 0
1743181038936719 0
1743181038937344 0
1743181038937969 0
1743181038938594 0
1743181038939219 0
1743181038939844 0
1743181038940469 0
1743181038941095 0
1743181038941719 0
1743181038942344 0
1743181038942969 0
1743181038943594 0
1743181038944219 0
1743181038944844 0
1743181038945469 0
1743181038946095 0
1743181038946719 0
1743181038947344 0
1743181038947969 0
1743181038948594 0
1743181038949220 0
1743181038949843 0
1743181038950469 0
1743181038951094 0
1743181038951719 0
1743181038952345 0
1743181038952969 0
1743181038953594 0
1743181038954219 0
1743181038954844 0
1743181038955469 0
1743181038956094 0
1743181038956719 0
1743181038957344 0
1743181038957969 0
1743181038958594 0
1743181038959219 0
1743181038959844 0
1743181038960469 0
1743181038961095 0
1743181038961719 0
1743181038962344 0
1743181038962969 0
1743181038963594 0
1743181038964219 0
1743181038964844 0
1743181038965469 0
1743181038966094 0
1743181038966719 0
1743181038967344 0
1743181038967969 0
1743181038968594 0
1743181038969220 0
1743181038969843 0
1743181038970469 0
1743181038971094 0
1743181038971719 0
1743181038972344 0
1743181038972969 0
1743181038973595 0
1743181038974220 0
1743181038974845 0
1743181038975470 0
1743181038976094 0
1743181038976720 0
1743181038977344 0
1743181038977970 0
1743181038978595 0
1743181038979220 0
1743181038979845 0
1743181038980470 0
1743181038981095 0
1743181038981720 0
1743181038982345 0
1743181038982970 0
1743181038983595 0
1743181038984220 0
1743181038984845 0
1743181038985470 0
1743181038986095 0
1743181038986719 0
1743181038987345 0
1743181038987970 0
1743181038988594 0
1743181038989220 0
1743181038989844 0
1743181038990470 0
1743181038991095 0
1743181038991719 0
1743181038992345 0
1743181038992969 0
1743181038993594 0
1743181038994219 0
1743181038994844 0
1743181038995469 0
1743181038996094 0
1743181038996719 0
1743181038997344 0
1743181038997969 0
1743181038998594 0
1743181038999219 0
1743181038999844 0
1743181039000469 0
1743181039001095 0
1743181039001719 0
1743181039002344 0
1743181039002969 0
1743181039003594 0
1743181039004219 0
1743181039004844 0
1743181039005469 0
1743181039006094 0
1743181039006719 0
1743181039007344 0
1743181039007969 0
1743181039008594 0
1743181039009220 0
1743181039009843 0
1743181039010469 0
1743181039011094 0
1743181039011719 0
1743181039012344 0
1743181039012969 0
1743181039013595 0
1743181039014219 0
1743181039014844 0
1743181039015469 0
1743181039016094 0
1743181039016719 0
1743181039017344 0
1743181039017969 0
1743181039018594 0
1743181039019219 0
1743181039019844 -1
1743181039020469 0
1743181039021095 0
1743181039021719 0
1743181039022344 0
1743181039022969 0
1743181039023594 0
1743181039024219 0
1743181039024844 0
1743181039025469 0
1743181039026094 0
1743181039026719 0
1743181039027344 0
1743181039027969 0
1743181039028594 0
1743181039029220 0
1743181039029844 0
1743181039030469 0
1743181039031094 0
1743181039031719 0
1743181039032344 0
1743181039032969 0
1743181039033594 0
1743181039034219 0
1743181039034844 0
1743181039035469 0
1743181039036094 0
1743181039036719 0
1743181039037344 0
1743181039037969 0
1743181039038594 0
1743181039039220 0
1743181039039844 0
1743181039040469 0
1743181039041095 0
1743181039041719 0
1743181039042344 0
1743181039042969 0
1743181039043594 0
1743181039044219 0
1743181039044844 0
1743181039045469 0
1743181039046094 0
1743181039046719 0
1743181039047344 0
1743181039047969 0
1743181039048594 0
1743181039049220 0
1743181039049844 0
1743181039050469 0
1743181039051094 0
1743181039051719 0
1743181039052344 0
1743181039052970 0
1743181039053594 0
1743181039054219 0
1743181039054844 0
1743181039055469 0
1743181039056094 -1
1743181039056719 0
1743181039057344 0
1743181039057969 0
1743181039058594 0
1743181039059219 0
1743181039059844 0
1743181039060469 0
1743181039061095 0
1743181039061719 0
1743181039062345 0
1743181039062969 0
1743181039063596 0
1743181039064218 0
1743181039064844 0
1743181039065469 0
1743181039066094 0
1743181039066719 0
1743181039067344 0
1743181039067970 0
1743181039068595 0
1743181039069220 0
1743181039069844 0
1743181039070469 0
1743181039071094 0
1743181039071719 0
1743181039072344 0
1743181039072970 0
1743181039073595 0
1743181039074220 0
1743181039074845 0
1743181039075470 0
1743181039076095 0
1743181039076719 0
1743181039077345 0
1743181039077969 0
1743181039078595 0
1743181039079220 0
1743181039079845 0
1743181039080470 0
1743181039081096 0
1743181039081719 0
1743181039082345 0
1743181039082970 0
1743181039083595 0
1743181039084220 0
1743181039084845 0
1743181039085470 0
1743181039086094 0
1743181039086720 0
1743181039087344 0
1743181039087969 0
1743181039088596 0
1743181039089223 0
1743181039089843 0
1743181039090470 0
1743181039091095 0
1743181039091720 0
1743181039092345 0
1743181039092971 0
1743181039093594 -1
1743181039094220 0
1743181039094845 0
1743181039095470 0
1743181039096095 0
1743181039096719 0
1743181039097345 0
1743181039097970 0
1743181039098594 0
1743181039099220 0
1743181039099844 0
1743181039100470 0
1743181039101096 0
1743181039101719 0
1743181039102348 0
1743181039102972 0
1743181039103603 0
1743181039104229 0
1743181039104852 0
1743181039105485 0
1743181039106105 0
1743181039106732 0
1743181039107360 0
1743181039107987 0
1743181039108606 0
1743181039109225 0
1743181039109851 0
1743181039110476 0
1743181039111103 0
1743181039111730 0
1743181039112354 0
1743181039112989 0
1743181039113602 0
1743181039114230 0
1743181039114857 0
1743181039115481 0
1743181039116102 0
1743181039116741 0
1743181039117376 0
1743181039117977 0
1743181039118601 0
1743181039119234 0
1743181039119856 0
1743181039120479 0
1743181039121101 0
1743181039121727 0
1743181039122353 0
1743181039122976 0
1743181039123603 0
1743181039124227 0
1743181039124854 0
1743181039125478 0
1743181039126101 0
1743181039126729 0
1743181039127357 0
1743181039127979 0
1743181039128600 0
1743181039129223 0
1743181039129853 0
1743181039130476 0
1743181039131099 0
1743181039131726 0
1743181039132353 0
1743181039133008 0
1743181039133546 0
1743181039134230 0
1743181039134852 0
1743181039135481 0
1743181039136108 0
1743181039136727 0
1743181039137352 0
1743181039137982 0
1743181039138607 0
1743181039139233 0
1743181039139856 0
1743181039140482 0
1743181039141104 0
1743181039141730 0
1743181039142357 0
1743181039142980 0
1743181039143606 0
1743181039144231 0
1743181039144853 0
1743181039145483 0
1743181039146110 0
1743181039146729 0
1743181039147353 0
1743181039147978 0
1743181039148606 0
1743181039149230 0
1743181039149851 0
1743181039150475 0
1743181039151101 0
1743181039151727 0
1743181039152352 0
1743181039152990 0
1743181039153604 0
1743181039154229 0
1743181039154854 0
1743181039155478 0
1743181039156135 0
1743181039156728 0
1743181039157391 0
1743181039157973 0
1743181039158642 0
1743181039159233 0
1743181039159873 0
1743181039160480 0
1743181039161107 0
1743181039161728 0
1743181039162354 0
1743181039162977 0
1743181039163600 0
1743181039164224 0
1743181039164857 0
1743181039165482 0
1743181039166107 0
1743181039166735 0
1743181039167358 0
1743181039167978 0
1743181039168605 0
1743181039169230 0
1743181039169857 0
1743181039170483 0
1743181039171106 0
1743181039171731 0
1743181039172357 0
1743181039172986 0
1743181039173606 0
1743181039174231 0
1743181039174860 0
1743181039175476 0
1743181039176099 0
1743181039176723 0
1743181039177352 0
1743181039177978 0
1743181039178602 0
1743181039179231 0
1743181039179853 0
1743181039180475 0
1743181039181101 -1
1743181039181729 0
1743181039182356 0
1743181039182979 0
1743181039183604 0
1743181039184234 0
1743181039184856 0
1743181039185480 0
1743181039186104 0
1743181039186727 0
1743181039187355 0
1743181039187985 0
1743181039188631 0
1743181039189184 0
1743181039189855 0
1743181039190479 0
1743181039191105 0
1743181039191731 0
1743181039192355 0
1743181039192987 0
1743181039193606 0
1743181039194231 0
1743181039194863 0
1743181039195481 0
1743181039196101 0
1743181039196724 0
1743181039197348 0
1743181039197975 0
1743181039198601 0
1743181039199233 0
1743181039199858 0
1743181039200484 0
1743181039201113 -1
1743181039201730 0
1743181039202354 0
1743181039202977 0
1743181039203597 2047
1743181039204219 2047
1743181039204844 2047
1743181039205469 2047
1743181039206095 2047
1743181039206719 2047
1743181039207344 2047
1743181039207969 2047
1743181039208594 2047
1743181039209220 2047
1743181039209846 2047
1743181039210469 2047
1743181039211094 2047
1743181039211719 2047
1743181039212344 2047
1743181039212969 2047
1743181039213595 2047
1743181039214220 2047
1743181039214844 2047
1743181039215469 2047
1743181039216094 2047
1743181039216719 2047
1743181039217345 2047
1743181039217969 2047
1743181039218594 2047
1743181039219219 2047
1743181039219844 2047
1743181039220469 2047
1743181039221095 2047
1743181039221719 2047
1743181039222345 2047
1743181039222969 2047
1743181039223594 2047
1743181039224219 2047
1743181039224844 2047
1743181039225469 2047
1743181039226094 2047
1743181039226720 2047
1743181039227344 2047
1743181039227969 2047
1743181039228594 2047
1743181039229220 2047
1743181039229844 2047
1743181039230469 2047
1743181039231095 2047
1743181039231719 2047
1743181039232344 2047
1743181039232969 2047
1743181039233595 2047
1743181039234219 2047
1743181039234846 2047
1743181039235469 2047
1743181039236094 2047
1743181039236720 2047
1743181039237345 2047
1743181039237970 2047
1743181039238595 2047
1743181039239222 2047
1743181039239844 2047
1743181039240469 2047
1743181039241096 2047
1743181039241719 2047
1743181039242345 2047
1743181039242970 2047
1743181039243595 2047
1743181039244220 2047
1743181039244845 2047
1743181039245470 2047
1743181039246095 2047
1743181039246719 2047
1743181039247345 2047
1743181039247969 2047
1743181039248594 2047
1743181039249221 2047
1743181039249844 2047
1743181039250470 2047
1743181039251095 2047
1743181039251721 2047
1743181039252344 2047
1743181039252970 2047
1743181039253595 510
1743181039254220 0
1743181039254845 0
1743181039255470 0
1743181039256096 0
1743181039256719 0
1743181039257345 0
1743181039257969 0
1743181039258595 0
1743181039259220 0
1743181039259845 0
1743181039260470 0
1743181039261095 0
1743181039261719 0
1743181039262345 0
1743181039262970 0
1743181039263595 0
1743181039264220 0
1743181039264845 0
1743181039265469 0
1743181039266095 0
1743181039266719 0
1743181039267345 0
1743181039267970 0
1743181039268595 0
1743181039269220 0
1743181039269844 0
1743181039270470 0
1743181039271095 0
1743181039271719 0
1743181039272344 0
1743181039272969 0
1743181039273595 0
1743181039274219 0
1743181039274844 0
1743181039275469 0
1743181039276094 0
1743181039276719 0
1743181039277345 0
1743181039277969 0
1743181039278594 0
1743181039279219 0
1743181039279844 0
1743181039280469 0
1743181039281095 0
1743181039281719 0
1743181039282344 0
1743181039282969 0
1743181039283594 0
1743181039284219 0
1743181039284844 0
1743181039285469 0
1743181039286094 0
1743181039286719 0
1743181039287344 0
1743181039287970 0
1743181039288594 0
1743181039289220 0
1743181039289844 0
1743181039290469 0
1743181039291094 0
1743181039291719 0
1743181039292344 0
1743181039292969 0
1743181039293594 0
1743181039294219 0
1743181039294844 0
1743181039295469 0
1743181039296094 0
1743181039296719 0
1743181039297344 0
1743181039297969 -1
1743181039298594 0
1743181039299219 0
1743181039299844 0
1743181039300469 0
1743181039301095 0
1743181039301718 0
1743181039302344 0
1743181039302969 0
1743181039303594 2047
1743181039304219 2047
1743181039304844 2047
1743181039305469 2047
1743181039306094 2047
1743181039306719 2047
1743181039307344 2047
1743181039307969 2047
1743181039308594 2047
1743181039309220 2047
1743181039309844 2047
1743181039310469 2047
1743181039311094 2047
1743181039311719 2047
1743181039312344 2047
1743181039312969 2047
1743181039313594 2047
1743181039314219 2047
1743181039314844 2047
1743181039315469 2047
1743181039316094 2047
1743181039316719 2047
1743181039317345 2047
1743181039317969 2047
1743181039318594 2047
1743181039319219 2047
1743181039319844 2047
1743181039320469 2047
1743181039321095 2047
1743181039321718 2047
1743181039322344 2047
1743181039322969 2047
1743181039323594 2047
1743181039324219 2047
1743181039324844 2047
1743181039325469 2047
1743181039326094 2047
1743181039326720 2047
1743181039327345 2047
1743181039327970 2047
1743181039328594 2047
1743181039329221 2047
1743181039329843 2047
1743181039330469 2047
1743181039331095 2047
1743181039331719 2047
1743181039332344 2047
1743181039332969 2047
1743181039333595 2047
1743181039334220 2047
1743181039334844 2047
1743181039335470 2047
1743181039336095 2047
1743181039336719 2047
1743181039337345 2047
1743181039337969 2047
1743181039338595 2047
1743181039339220 2047
1743181039339845 2047
1743181039340470 2047
1743181039341095 2047
1743181039341719 2047
1743181039342345 2047
1743181039342969 2047
1743181039343595 2047
1743181039344219 2047
1743181039344845 2047
1743181039345470 2047
1743181039346095 2047
1743181039346720 2047
1743181039347344 2047
1743181039347970 2047
1743181039348595 2047
1743181039349220 2047
1743181039349844 2047
1743181039350469 2047
1743181039351095 2047
1743181039351720 2047
1743181039352344 2047
1743181039352970 2047
1743181039353594 2047
1743181039354220 0
1743181039354844 0
1743181039355469 0
1743181039356094 0
1743181039356719 0
1743181039357345 0
1743181039357969 0
1743181039358594 0
1743181039359219 0
1743181039359844 0
1743181039360470 0
1743181039361095 0
1743181039361719 0
1743181039362344 0
1743181039362969 0
1743181039363594 0
1743181039364219 0
1743181039364844 0
1743181039365470 0
1743181039366094 0
1743181039366719 0
1743181039367344 0
1743181039367969 0
1743181039368594 0
1743181039369220 0
1743181039369844 0
1743181039370469 0
1743181039371094 0
1743181039371722 0
1743181039372343 0
1743181039372969 0
1743181039373595 0
1743181039374220 0
1743181039374845 0
1743181039375469 0
1743181039376095 0
1743181039376719 0
1743181039377345 0
1743181039377970 0
1743181039378595 0
1743181039379220 0
1743181039379844 0
1743181039380470 0
1743181039381095 0
1743181039381719 0
1743181039382344 0
1743181039382970 0
1743181039383595 0
1743181039384220 0
1743181039384844 0
1743181039385470 0
1743181039386095 0
1743181039386720 0
1743181039387345 0
1743181039387970 0
1743181039388595 0
1743181039389220 0
1743181039389844 0
1743181039390469 0
1743181039391095 0
1743181039391720 0
1743181039392344 0
1743181039392969 0
1743181039393595 0
1743181039394220 0
1743181039394845 0
1743181039395469 0
1743181039396095 0
1743181039396719 -1
1743181039397345 0
1743181039397970 0
1743181039398594 0
1743181039399220 0
1743181039399844 0
1743181039400470 -1
1743181039401096 0
1743181039401719 0
1743181039402344 0
1743181039402969 0
1743181039403595 0
1743181039404220 2047
1743181039404845 2047
1743181039405470 2047
1743181039406095 2047
1743181039406720 2047
1743181039407345 2047
1743181039407969 2047
1743181039408595 2047
1743181039409220 2047
1743181039409844 2047
1743181039410470 2047
1743181039411094 2047
1743181039411720 2047
1743181039412344 2047
1743181039412970 2047
1743181039413595 2047
1743181039414219 2047
1743181039414845 2047
1743181039415470 2047
1743181039416095 2047
1743181039416720 2047
1743181039417345 2047
1743181039417970 2047
1743181039418595 2047
1743181039419220 2047
1743181039419845 2047
1743181039420469 2047
1743181039421096 2047
1743181039421719 2047
1743181039422345 2047
1743181039422969 2047
1743181039423595 2047
1743181039424220 2047
1743181039424844 2047
1743181039425470 2047
1743181039426094 2047
1743181039426719 2047
1743181039427344 2047
1743181039427969 2047
1743181039428594 2047
1743181039429220 2047
1743181039429844 2047
1743181039430469 2047
1743181039431094 2047
1743181039431719 2047
1743181039432344 2047
1743181039432969 2047
1743181039433595 2047
1743181039434219 2047
1743181039434845 2047
1743181039435469 2047
1743181039436095 2047
1743181039436720 2047
1743181039437345 2047
1743181039437969 2047
1743181039438595 2047
1743181039439219 2047
1743181039439845 2047
1743181039440469 2047
1743181039441095 2047
1743181039441719 2047
1743181039442344 2047
1743181039442970 2047
1743181039443594 2047
1743181039444220 2047
1743181039444844 2047
1743181039445470 2047
1743181039446095 2047
1743181039446719 2047
1743181039447345 2047
1743181039447969 2047
1743181039448595 2047
1743181039449221 2047
1743181039449844 2047
1743181039450470 2047
1743181039451094 2047
1743181039451720 2047
1743181039452345 2047
1743181039452970 2047
1743181039453595 2047
1743181039454219 0
1743181039454844 0
1743181039455469 0
1743181039456094 0
1743181039456719 0
1743181039457344 0
1743181039457969 0
1743181039458594 0
1743181039459219 0
1743181039459844 0
1743181039460469 0
1743181039461095 0
1743181039461718 0
1743181039462344 0
1743181039462969 0
1743181039463594 0
1743181039464219 0
1743181039464844 0
1743181039465469 0
1743181039466094 0
1743181039466719 0
1743181039467344 0
1743181039467969 0
1743181039468594 0
1743181039469220 0
1743181039469843 0
1743181039470469 0
1743181039471094 0
1743181039471719 0
1743181039472344 0
1743181039472969 0
1743181039473595 0
1743181039474219 0
1743181039474845 0
1743181039475470 0
1743181039476094 0
1743181039476720 0
1743181039477345 0
1743181039477970 0
1743181039478595 0
1743181039479219 0
1743181039479845 0
1743181039480469 0
1743181039481096 0
1743181039481719 0
1743181039482344 0
1743181039482970 0
1743181039483594 0
1743181039484220 0
1743181039484844 0
1743181039485470 0
1743181039486095 0
1743181039486720 0
1743181039487345 0
1743181039487969 0
1743181039488594 0
1743181039489221 0
1743181039489844 0
1743181039490470 0
1743181039491094 0
1743181039491719 0
1743181039492345 0
1743181039492969 0
1743181039493595 0
1743181039494220 0
1743181039494845 0
1743181039495470 0
1743181039496095 0
1743181039496720 0
1743181039497345 0
1743181039497969 0
1743181039498595 0
1743181039499219 0
1743181039499845 0
1743181039500469 0
1743181039501095 0
1743181039501719 0
1743181039502345 0
1743181039502970 0
1743181039503595 0
1743181039504220 2047
1743181039504845 2047
1743181039505470 2047
1743181039506095 2047
1743181039506719 2047
1743181039507345 2047
1743181039507970 2047
1743181039508594 2047
1743181039509220 2047
1743181039509844 2047
1743181039510470 2047
1743181039511094 2047
1743181039511719 2047
1743181039512344 2047
1743181039512969 2047
1743181039513594 2047
1743181039514219 2047
1743181039514844 2047
1743181039515469 2047
1743181039516094 2047
1743181039516719 2047
1743181039517344 2047
1743181039517970 2047
1743181039518594 2047
1743181039519219 2047
1743181039519844 2047
1743181039520469 2047
1743181039521095 2047
1743181039521719 2047
1743181039522344 2047
1743181039522969 2047
1743181039523594 2047
1743181039524219 2047
1743181039524844 2047
1743181039525469 2047
1743181039526094 2047
1743181039526719 2047
1743181039527344 2047
1743181039527969 2047
1743181039528594 2047
1743181039529220 2047
1743181039529843 2047
1743181039530469 2047
1743181039531094 2047
1743181039531719 2047
1743181039532344 2047
1743181039532969 2047
1743181039533594 2047
1743181039534219 2047
1743181039534844 2047
1743181039535469 2047
1743181039536094 2047
1743181039536719 2047
1743181039537344 2047
1743181039537969 2047
1743181039538594 2047
1743181039539219 2047
1743181039539844 2047
1743181039540469 2047
1743181039541095 2047
1743181039541719 2047
1743181039542344 2047
1743181039542969 2047
1743181039543594 2047
1743181039544219 2047
1743181039544844 2047
1743181039545469 2047
1743181039546094 2047
1743181039546719 2047
1743181039547344 2047
1743181039547969 2047
1743181039548594 2047
1743181039549220 2047
1743181039549843 2047
1743181039550470 2047
1743181039551094 2047
1743181039551719 2047
1743181039552344 2047
1743181039552969 2047
1743181039553594 2047
1743181039554219 0
1743181039554844 0
1743181039555469 0
1743181039556094 0
1743181039556719 0
1743181039557344 0
1743181039557969 0
1743181039558594 0
1743181039559219 0
1743181039559844 0
1743181039560469 0
1743181039561095 0
1743181039561718 0
1743181039562344 0
1743181039562969 0
1743181039563594 0
1743181039564219 0
1743181039564844 0
1743181039565469 0
1743181039566094 0
1743181039566719 0
1743181039567344 0
1743181039567969 0
1743181039568594 0
1743181039569220 0
1743181039569844 0
1743181039570469 0
1743181039571094 0
1743181039571719 0
1743181039572344 0
1743181039572969 0
1743181039573594 0
1743181039574219 0
1743181039574844 0
1743181039575469 0
1743181039576095 0
1743181039576719 0
1743181039577344 0
1743181039577969 0
1743181039578594 0
1743181039579219 0
1743181039579844 0
1743181039580469 0
1743181039581095 0
1743181039581719 0
1743181039582344 0
1743181039582969 0
1743181039583594 0
1743181039584219 0
1743181039584845 0
1743181039585469 0
1743181039586094 0
1743181039586719 0
1743181039587344 0
1743181039587969 0
1743181039588594 0
1743181039589220 0
1743181039589843 0
1743181039590469 0
1743181039591094 0
1743181039591719 0
1743181039592344 0
1743181039592969 0
1743181039593594 0
1743181039594219 0
1743181039594844 0
1743181039595469 0
1743181039596094 0
1743181039596719 0
1743181039597344 0
1743181039597969 0
1743181039598594 0
1743181039599219 0
1743181039599844 0
1743181039600469 0
1743181039601095 0
1743181039601719 0
1743181039602344 0
1743181039602969 0
1743181039603594 -1
1743181039604219 2047
1743181039604844 2047
1743181039605469 2047
1743181039606094 2047
1743181039606719 2047
1743181039607344 2047
1743181039607969 2047
1743181039608594 2047
1743181039609220 2047
1743181039609843 2047
1743181039610469 2047
1743181039611094 2047
1743181039611719 2047
1743181039612344 2047
1743181039612969 2047
1743181039613594 2047
1743181039614219 2047
1743181039614844 2047
1743181039615469 2047
1743181039616094 2047
1743181039616719 2047
1743181039617345 2047
1743181039617969 2047
1743181039618594 2047
1743181039619219 2047
1743181039619844 2047
1743181039620469 2047
1743181039621095 2047
1743181039621719 2047
1743181039622344 2047
1743181039622969 2047
1743181039623594 2047
1743181039624219 2047
1743181039624844 2047
1743181039625469 2047
1743181039626094 2047
1743181039626719 2047
1743181039627344 2047
1743181039627969 2047
1743181039628594 2047
1743181039629220 2047
1743181039629844 2047
1743181039630469 2047
1743181039631094 2047
1743181039631719 2047
1743181039632344 2047
1743181039632969 2047
1743181039633594 2047
1743181039634219 2047
1743181039634844 2047
1743181039635469 2047
1743181039636094 2047
1743181039636719 2047
1743181039637345 2047
1743181039637969 2047
1743181039638594 2047
1743181039639219 2047
1743181039639844 2047
1743181039640469 2047
1743181039641095 2047
1743181039641719 2047
1743181039642344 2047
1743181039642969 2047
1743181039643594 2047
1743181039644219 2047
1743181039644844 2047
1743181039645470 2047
1743181039646094 2047
1743181039646719 2047
1743181039647344 2047
1743181039647969 2047
1743181039648594 2047
1743181039649220 2047
1743181039649843 2047
1743181039650469 2047
1743181039651094 2047
1743181039651719 2047
1743181039652344 2047
1743181039652969 2047
1743181039653594 2047
1743181039654219 1291
1743181039654844 0
1743181039655469 0
1743181039656094 0
1743181039656719 0
1743181039657344 0
1743181039657969 0
1743181039658594 0
1743181039659219 0
1743181039659844 0
1743181039660470 0
1743181039661095 0
1743181039661718 0
1743181039662344 0
1743181039662969 0
1743181039663594 0
1743181039664219 0
1743181039664844 0
1743181039665469 0
1743181039666094 0
1743181039666719 0
1743181039667344 0
1743181039667969 0
1743181039668594 0
1743181039669220 0
1743181039669844 0
1743181039670469 0
1743181039671094 0
1743181039671719 0
1743181039672344 0
1743181039672969 0
1743181039673595 0
1743181039674220 0
1743181039674845 0
1743181039675470 0
1743181039676095 0
1743181039676719 0
1743181039677345 0
1743181039677970 0
1743181039678594 0
1743181039679220 0
1743181039679845 0
1743181039680470 0
1743181039681095 0
1743181039681719 0
1743181039682344 0
1743181039682969 0
1743181039683595 0
1743181039684220 0
1743181039684844 0
1743181039685470 0
1743181039686095 0
1743181039686720 -1
1743181039687345 1
1743181039687970 -1
1743181039688594 0
1743181039689220 0
1743181039689844 0
1743181039690470 0
1743181039691094 0
1743181039691720 0
1743181039692344 0
1743181039692970 0
1743181039693595 0
1743181039694219 0
1743181039694844 0
1743181039695469 0
1743181039696094 0
1743181039696719 0
1743181039697344 0
1743181039697969 0
1743181039698594 0
1743181039699219 -1
1743181039699844 0
1743181039700469 0
1743181039701095 0
1743181039701719 0
1743181039702344 0
1743181039702969 0
1743181039703594 0
1743181039704219 1452
1743181039704844 2047
1743181039705470 2047
1743181039706094 2047
1743181039706719 2047
1743181039707345 2047
1743181039707969 2047
1743181039708594 2047
1743181039709220 2047
1743181039709844 2047
1743181039710469 2047
1743181039711094 2047
1743181039711719 2047
1743181039712344 2047
1743181039712969 2047
1743181039713595 2047
1743181039714219 2047
1743181039714845 2047
1743181039715469 2047
1743181039716095 2047
1743181039716719 2047
1743181039717344 2047
1743181039717970 2047
1743181039718595 2047
1743181039719220 2047
1743181039719845 2047
1743181039720469 2047
1743181039721095 2047
1743181039721719 2047
1743181039722345 2047
1743181039722970 2047
1743181039723595 2047
1743181039724220 2047
1743181039724844 2047
1743181039725470 2047
1743181039726095 2047
1743181039726719 2047
1743181039727345 2047
1743181039727969 2047
1743181039728595 2047
1743181039729220 2047
1743181039729844 2047
1743181039730470 2047
1743181039731094 2047
1743181039731719 2047
1743181039732345 2047
1743181039732969 2047
1743181039733594 2047
1743181039734219 2047
1743181039734844 2047
1743181039735469 2047
1743181039736094 2047
1743181039736719 2047
1743181039737344 2047
1743181039737969 2047
1743181039738594 2047
1743181039739219 2047
1743181039739844 2047
1743181039740469 2047
1743181039741095 2047
1743181039741718 2047
1743181039742344 2047
1743181039742970 2047
1743181039743594 2047
1743181039744219 2047
1743181039744844 2047
1743181039745469 2047
1743181039746094 2047
1743181039746719 2047
1743181039747344 2047
1743181039747969 2047
1743181039748594 2047
1743181039749220 2047
1743181039749844 2047
1743181039750469 2047
1743181039751094 2047
1743181039751719 2047
1743181039752344 2047
1743181039752969 2047
1743181039753594 2047
1743181039754219 2047
1743181039754844 0
1743181039755469 0
1743181039756094 0
1743181039756719 0
1743181039757344 0
1743181039757969 0
1743181039758594 0
1743181039759219 0
1743181039759844 0
1743181039760469 0
1743181039761095 0
1743181039761719 0
1743181039762344 0
1743181039762969 0
1743181039763594 -1
1743181039764219 0
1743181039764844 0
1743181039765469 0
1743181039766094 0
1743181039766719 0
1743181039767344 0
1743181039767969 0
1743181039768594 0
1743181039769220 0
1743181039769843 0
1743181039770469 0
1743181039771094 0
1743181039771719 0
1743181039772344 0
1743181039772969 -1
1743181039773594 0
1743181039774219 0
1743181039774844 0
1743181039775469 0
1743181039776094 0
1743181039776719 0
1743181039777344 0
1743181039777969 0
1743181039778595 0
1743181039779219 0
1743181039779844 0
1743181039780469 0
1743181039781095 0
1743181039781719 0
1743181039782344 0
1743181039782969 0
1743181039783594 0
1743181039784219 0
1743181039784845 0
1743181039785469 0
1743181039786094 0
1743181039786719 0
1743181039787344 0
1743181039787969 0
1743181039788594 0
1743181039789220 0
1743181039789843 0
1743181039790469 0
1743181039791094 0
1743181039791719 0
1743181039792344 0
1743181039792969 0
1743181039793594 0
1743181039794219 0
1743181039794844 0
1743181039795469 0
1743181039796094 0
1743181039796719 0
1743181039797345 0
1743181039797969 0
1743181039798594 0
1743181039799219 0
1743181039799844 0
1743181039800469 0
1743181039801095 0
1743181039801719 0
1743181039802345 0
1743181039802969 0
1743181039803594 0
1743181039804219 0
1743181039804844 2047
1743181039805469 2047
1743181039806094 2047
1743181039806719 2047
1743181039807344 2047
1743181039807969 2047
1743181039808594 2047
1743181039809220 2047
1743181039809843 2047
1743181039810469 2047
1743181039811095 2047
1743181039811719 2047
1743181039812344 2047
1743181039812969 2047
1743181039813594 2047
1743181039814219 2047
1743181039814844 2047
1743181039815469 2047
1743181039816094 2047
1743181039816719 2047
1743181039817344 2047
1743181039817969 2047
1743181039818594 2047
1743181039819219 2047
1743181039819844 2047
1743181039820469 2047
1743181039821095 2047
1743181039821719 2047
1743181039822344 2047
1743181039822969 2047
1743181039823594 2047
1743181039824219 2047
1743181039824844 2047
1743181039825469 2047
1743181039826094 2047
1743181039826719 2047
1743181039827344 2047
1743181039827969 2047
1743181039828594 2047
1743181039829220 2047
1743181039829844 2047
1743181039830469 2047
1743181039831094 2047
1743181039831719 2047
1743181039832344 2047
1743181039832969 2047
1743181039833594 2047
1743181039834219 2047
1743181039834844 2047
1743181039835469 2047
1743181039836094 2047
1743181039836719 2047
1743181039837345 2047
1743181039837969 2047
1743181039838594 2047
1743181039839219 2047
1743181039839845 2047
1743181039840469 2047
1743181039841095 2047
1743181039841719 2047
1743181039842344 2047
1743181039842969 2047
1743181039843594 2047
1743181039844219 2047
1743181039844844 2047
1743181039845469 2047
1743181039846094 2047
1743181039846719 2047
1743181039847344 2047
1743181039847969 2047
1743181039848594 2047
1743181039849220 2047
1743181039849844 2047
1743181039850469 2047
1743181039851094 2047
1743181039851719 2047
1743181039852344 2047
1743181039852969 2047
1743181039853595 2047
1743181039854220 2047
1743181039854844 0
1743181039855470 0
1743181039856095 0
1743181039856720 0
1743181039857345 0
1743181039857970 0
1743181039858595 0
1743181039859220 0
1743181039859844 0
1743181039860470 0
1743181039861095 0
1743181039861719 0
1743181039862345 0
1743181039862969 0
1743181039863595 0
1743181039864220 0
1743181039864845 0
1743181039865469 0
1743181039866094 0
1743181039866720 0
1743181039867345 0
1743181039867970 0
1743181039868594 0
1743181039869221 0
1743181039869844 0
1743181039870470 0
1743181039871094 0
1743181039871719 0
1743181039872345 0
1743181039872970 0
1743181039873594 0
1743181039874220 0
1743181039874844 0
1743181039875469 0
1743181039876094 0
1743181039876719 0
1743181039877344 0
1743181039877969 0
1743181039878594 0
1743181039879219 0
1743181039879844 0
1743181039880469 0
1743181039881095 0
1743181039881719 0
1743181039882344 0
1743181039882969 0
1743181039883594 0
1743181039884219 0
1743181039884844 0
1743181039885469 0
1743181039886094 0
1743181039886719 0
1743181039887344 0
1743181039887969 0
1743181039888595 0
1743181039889220 0
1743181039889844 0
1743181039890469 0
1743181039891094 0
1743181039891719 0
1743181039892344 0
1743181039892969 0
1743181039893595 0
1743181039894220 0
1743181039894845 0
1743181039895470 0
1743181039896095 0
1743181039896719 0
1743181039897345 0
1743181039897970 0
1743181039898595 0
1743181039899219 0
1743181039899845 0
1743181039900470 0
1743181039901095 0
1743181039901719 0
1743181039902345 0
1743181039902969 0
1743181039903595 0
1743181039904220 0
1743181039904845 2047
1743181039905470 2047
1743181039906094 2047
1743181039906720 2047
1743181039907344 2047
1743181039907970 2047
1743181039908595 2047
1743181039909220 2047
1743181039909844 2047
1743181039910469 2047
1743181039911094 2047
1743181039911720 2047
1743181039912345 2047
1743181039912970 2047
1743181039913595 2047
1743181039914220 2047
1743181039914845 2047
1743181039915470 2047
1743181039916095 2047
1743181039916719 2047
1743181039917345 2047
1743181039917970 2047
1743181039918594 2047
1743181039919219 2047
1743181039919845 2047
1743181039920470 2047
1743181039921095 2047
1743181039921719 2047
1743181039922344 2047
1743181039922969 2047
1743181039923594 2047
1743181039924220 2047
1743181039924844 2047
1743181039925470 2047
1743181039926095 2047
1743181039926720 2047
1743181039927345 2047
1743181039927969 2047
1743181039928595 2047
1743181039929220 2047
1743181039929844 2047
1743181039930469 2047
1743181039931095 2047
1743181039931720 2047
1743181039932345 2047
1743181039932970 2047
1743181039933595 2047
1743181039934220 2047
1743181039934845 2047
1743181039935469 2047
1743181039936095 2047
1743181039936719 2047
1743181039937345 2047
1743181039937970 2047
1743181039938595 2047
1743181039939220 2047
1743181039939844 2047
1743181039940469 2047
1743181039941096 2047
1743181039941719 2047
1743181039942345 2047
1743181039942969 2047
1743181039943595 2047
1743181039944220 2047
1743181039944844 2047
1743181039945470 2047
1743181039946094 2047
1743181039946720 2047
1743181039947345 2047
1743181039947970 2047
1743181039948595 2047
1743181039949220 2047
1743181039949844 2047
1743181039950470 2047
1743181039951094 2047
1743181039951720 2047
1743181039952344 2047
1743181039952970 2047
1743181039953595 2047
1743181039954219 2047
1743181039954845 0
1743181039955469 0
1743181039956095 0
1743181039956720 0
1743181039957344 0
1743181039957970 0
1743181039958594 0
1743181039959220 0
1743181039959845 0
1743181039960470 0
1743181039961096 0
1743181039961719 0
1743181039962345 0
1743181039962969 0
1743181039963595 0
1743181039964220 0
1743181039964844 0
1743181039965470 0
1743181039966094 0
1743181039966720 0
1743181039967345 0
1743181039967969 0
1743181039968595 0
1743181039969220 0
1743181039969844 0
1743181039970470 0
1743181039971095 0
1743181039971720 0
1743181039972345 0
1743181039972970 0
1743181039973594 0
1743181039974219 0
1743181039974844 0
1743181039975469 0
1743181039976094 0
1743181039976719 0
1743181039977344 0
1743181039977969 0
1743181039978594 0
1743181039979219 0
1743181039979844 0
1743181039980469 0
1743181039981095 0
1743181039981719 0
1743181039982344 0
1743181039982969 0
1743181039983594 0
1743181039984219 0
1743181039984844 0
1743181039985470 0
1743181039986094 0
1743181039986719 0
1743181039987344 0
1743181039987969 0
1743181039988594 0
1743181039989220 0
1743181039989843 0
1743181039990469 0
1743181039991094 0
1743181039991719 0
1743181039992344 0
1743181039992969 0
1743181039993594 0
1743181039994219 0
1743181039994844 0
1743181039995469 0
1743181039996094 0
1743181039996719 0
1743181039997344 0
1743181039997969 0
1743181039998594 0
1743181039999219 0
1743181039999844 0
1743181040000469 0
1743181040001095 0
1743181040001718 0
1743181040002344 0
1743181040002969 0
1743181040003594 0
1743181040004219 -1
1743181040004844 2047
1743181040005470 2047
1743181040006094 2047
1743181040006719 2047
1743181040007344 2047
1743181040007969 2047
1743181040008594 2047
1743181040009220 2047
1743181040009843 2047
1743181040010469 2047
1743181040011094 2047
1743181040011719 2047
1743181040012344 2047
1743181040012969 2047
1743181040013594 2047
1743181040014219 2047
1743181040014844 2047
1743181040015470 2047
1743181040016094 2047
1743181040016719 2047
1743181040017344 2047
1743181040017969 2047
1743181040018594 2047
1743181040019219 2047
1743181040019844 2047
1743181040020469 2047
1743181040021095 2047
1743181040021719 2047
1743181040022344 2047
1743181040022969 2047
1743181040023594 2047
1743181040024219 2047
1743181040024844 2047
1743181040025469 2047
1743181040026094 2047
1743181040026719 2047
1743181040027344 2047
1743181040027969 2047
1743181040028594 2047
1743181040029220 2047
1743181040029843 2047
1743181040030469 2047
1743181040031094 2047
1743181040031719 2047
1743181040032344 2047
1743181040032969 2047
1743181040033595 2047
1743181040034219 2047
1743181040034844 2047
1743181040035469 2047
1743181040036094 2047
1743181040036719 2047
1743181040037344 2047
1743181040037969 2047
1743181040038594 2047
1743181040039219 2047
1743181040039844 2047
1743181040040469 2047
1743181040041095 2047
1743181040041719 2047
1743181040042344 2047
1743181040042969 2047
1743181040043594 2047
1743181040044219 2047
1743181040044844 2047
1743181040045469 2047
1743181040046094 2047
1743181040046719 2047
1743181040047344 2047
1743181040047969 2047
1743181040048594 2047
1743181040049220 2047
1743181040049843 2047
1743181040050469 2047
1743181040051094 2047
1743181040051719 2047
1743181040052344 2047
1743181040052969 2047
1743181040053594 2047
1743181040054219 2047
1743181040054844 1291
1743181040055469 0
1743181040056094 0
1743181040056719 0
1743181040057344 0
1743181040057969 0
1743181040058594 0
1743181040059219 0
1743181040059844 0
1743181040060469 0
1743181040061095 0
1743181040061719 0
1743181040062344 0
1743181040062969 0
1743181040063594 0
1743181040064219 0
1743181040064844 0
1743181040065469 0
1743181040066094 0
1743181040066720 0
1743181040067344 0
1743181040067969 0
1743181040068594 0
1743181040069220 0
1743181040069843 0
1743181040070469 0
1743181040071095 0
1743181040071719 0
1743181040072344 0
1743181040072969 0
1743181040073595 0
1743181040074220 0
1743181040074845 0
1743181040075469 0
1743181040076094 0
1743181040076720 0
1743181040077345 0
1743181040077970 0
1743181040078594 0
1743181040079221 0
1743181040079844 0
1743181040080470 0
1743181040081095 0
1743181040081719 0
1743181040082344 0
1743181040082970 0
1743181040083595 0
1743181040084219 0
1743181040084845 0
1743181040085470 0
1743181040086095 0
1743181040086719 0
1743181040087346 0
1743181040087969 0
1743181040088594 0
1743181040089221 0
1743181040089844 0
1743181040090470 0
1743181040091095 0
1743181040091722 0
1743181040092346 0
1743181040092969 0
1743181040093595 0
1743181040094220 0
1743181040094844 0
1743181040095469 0
1743181040096095 0
1743181040096720 0
1743181040097345 0
1743181040097969 0
1743181040098594 0
1743181040099219 0
1743181040099845 0
1743181040100469 0
1743181040101095 0
1743181040101720 0
1743181040102344 0
1743181040102969 0
1743181040103594 0
1743181040104220 0
1743181040104845 1291
1743181040105469 2047
1743181040106094 2047
1743181040106719 2047
1743181040107344 2047
1743181040107969 2047
1743181040108594 2047
1743181040109220 2047
1743181040109844 2047
1743181040110469 2047
1743181040111094 2047
1743181040111719 2047
1743181040112349 2047
1743181040112970 2047
1743181040113595 2047
1743181040114219 2047
1743181040114844 2047
1743181040115469 2047
1743181040116094 2047
1743181040116720 2047
1743181040117344 2047
1743181040117969 2047
1743181040118594 2047
1743181040119219 2047
1743181040119844 2047
1743181040120469 2047
1743181040121096 2047
1743181040121718 2047
1743181040122344 2047
1743181040122969 2047
1743181040123594 2047
1743181040124219 2047
1743181040124844 2047
1743181040125469 2047
1743181040126094 2047
1743181040126719 2047
1743181040127345 2047
1743181040127969 2047
1743181040128594 2047
1743181040129220 2047
1743181040129843 2047
1743181040130469 2047
1743181040131094 2047
1743181040131719 2047
1743181040132344 2047
1743181040132969 2047
1743181040133595 2047
1743181040134219 2047
1743181040134844 2047
1743181040135469 2047
1743181040136094 2047
1743181040136719 2047
1743181040137344 2047
1743181040137970 2047
1743181040138594 2047
1743181040139219 2047
1743181040139844 2047
1743181040140469 2047
1743181040141095 2047
1743181040141720 2047
1743181040142344 2047
1743181040142969 2047
1743181040143594 2047
1743181040144219 2047
1743181040144844 2047
1743181040145469 2047
1743181040146095 2047
1743181040146719 2047
1743181040147344 2047
1743181040147969 2047
1743181040148594 2047
1743181040149220 2047
1743181040149844 2047
1743181040150469 2047
1743181040151095 2047
1743181040151719 2047
1743181040152344 2047
1743181040152969 2047
1743181040153595 2047
1743181040154221 2047
1743181040154844 2047
1743181040155470 0
1743181040156095 0
1743181040156719 0
1743181040157345 0
1743181040157969 0
1743181040158595 0
1743181040159219 0
1743181040159845 0
1743181040160470 0
1743181040161096 0
1743181040161719 0
1743181040162345 0
1743181040162970 0
1743181040163595 0
1743181040164220 0
1743181040164844 0
1743181040165470 0
1743181040166095 -1
1743181040166720 0
1743181040167344 0
1743181040167970 0
1743181040168595 0
1743181040169220 0
1743181040169844 0
1743181040170469 0
1743181040171096 0
1743181040171719 0
1743181040172344 0
1743181040172970 0
1743181040173595 0
1743181040174220 0
1743181040174845 0
1743181040175470 0
1743181040176095 0
1743181040176720 0
1743181040177345 0
1743181040177970 0
1743181040178594 0
1743181040179224 0
1743181040179845 0
1743181040180470 0
1743181040181095 0
1743181040181719 0
1743181040182345 0
1743181040182969 0
1743181040183596 0
1743181040184219 0
1743181040184845 0
1743181040185470 0
1743181040186095 0
1743181040186720 0
1743181040187344 0
1743181040187970 0
1743181040188595 0
1743181040189220 0
1743181040189844 0
1743181040190469 0
1743181040191095 0
1743181040191720 0
1743181040192345 0
1743181040192970 0
1743181040193595 0
1743181040194220 0
1743181040194844 0
1743181040195470 0
1743181040196096 0
1743181040196719 0
1743181040197345 0
1743181040197970 0
1743181040198595 0
1743181040199220 0
1743181040199844 0
1743181040200470 0
1743181040201096 0
1743181040201719 0
1743181040202345 0
1743181040202969 0
1743181040203595 0
1743181040204220 0
1743181040204845 0
1743181040205470 2047
1743181040206095 2047
1743181040206720 2047
1743181040207345 2047
1743181040207970 2047
1743181040208595 2047
1743181040209220 2047
1743181040209844 2047
1743181040210470 2047
1743181040211095 2047
1743181040211720 2047
1743181040212345 2047
1743181040212971 2047
1743181040213594 2047
1743181040214220 2047
1743181040214845 2047
1743181040215469 2047
1743181040216095 2047
1743181040216719 2047
1743181040217345 2047
1743181040217970 2047
1743181040218595 2047
1743181040219220 2047
1743181040219845 2047
1743181040220470 2047
1743181040221095 2047
1743181040221719 2047
1743181040222345 2047
1743181040222969 2047
1743181040223595 2047
1743181040224220 2047
1743181040224844 2047
1743181040225471 2047
1743181040226094 2047
1743181040226720 2047
1743181040227345 2047
1743181040227969 2047
1743181040228594 2047
1743181040229221 2047
1743181040229844 2047
1743181040230470 2047
1743181040231094 2047
1743181040231720 2047
1743181040232344 2047
1743181040232969 2047
1743181040233596 2047
1743181040234219 2047
1743181040234845 2047
1743181040235469 2047
1743181040236095 2047
1743181040236720 2047
1743181040237345 2047
1743181040237971 2047
1743181040238594 2047
1743181040239220 2047
1743181040239845 2047
1743181040240469 2047
1743181040241096 2047
1743181040241719 2047
1743181040242345 2047
1743181040242970 2047
1743181040243595 2047
1743181040244220 2047
1743181040244845 2047
1743181040245470 2047
1743181040246096 2047
1743181040246718 2047
1743181040247345 2047
1743181040247969 2047
1743181040248595 2047
1743181040249220 2047
1743181040249844 2047
1743181040250471 2047
1743181040251094 2047
1743181040251720 2047
1743181040252345 2047
1743181040252970 2047
1743181040253595 2047
1743181040254220 2047
1743181040254845 2047
1743181040255470 0
1743181040256095 0
1743181040256720 0
1743181040257345 0
1743181040257970 0
1743181040258594 0
1743181040259220 0
1743181040259845 0
1743181040260469 0
1743181040261095 0
1743181040261719 0
1743181040262345 0
1743181040262971 0
1743181040263594 0
1743181040264220 0
1743181040264844 0
1743181040265470 0
1743181040266095 0
1743181040266719 0
1743181040267346 0
1743181040267970 0
1743181040268595 0
1743181040269222 0
1743181040269843 0
1743181040270470 0
1743181040271095 0
1743181040271720 0
1743181040272345 0
1743181040272970 0
1743181040273595 0
1743181040274219 0
1743181040274844 0
1743181040275469 0
1743181040276094 0
1743181040276720 0
1743181040277344 0
1743181040277969 0
1743181040278594 0
1743181040279219 0
1743181040279845 0
1743181040280469 0
1743181040281095 0
1743181040281718 0
1743181040282344 0
1743181040282969 0
1743181040283594 0
1743181040284219 0
1743181040284844 0
1743181040285469 0
1743181040286095 0
1743181040286719 0
1743181040287344 0
1743181040287969 0
1743181040288594 0
1743181040289220 0
1743181040289843 0
1743181040290469 0
1743181040291094 0
1743181040291719 0
1743181040292344 0
1743181040292969 0
1743181040293594 0
1743181040294219 0
1743181040294844 0
1743181040295469 0
1743181040296094 0
1743181040296719 0
1743181040297344 0
1743181040297969 0
1743181040298594 0
1743181040299219 0
1743181040299844 0
1743181040300469 0
1743181040301095 0
1743181040301718 0
1743181040302344 0
1743181040302969 0
1743181040303594 0
1743181040304220 0
1743181040304844 0
1743181040305469 2047
1743181040306094 2047
1743181040306719 2047
1743181040307344 2047
1743181040307969 2047
1743181040308594 2047
1743181040309220 2047
1743181040309843 2047
1743181040310469 2047
1743181040311094 2047
1743181040311719 2047
1743181040312344 2047
1743181040312969 2047
1743181040313595 2047
1743181040314219 2047
1743181040314844 2047
1743181040315469 2047
1743181040316094 2047
1743181040316720 2047
1743181040317344 2047
1743181040317969 2047
1743181040318594 2047
1743181040319219 2047
1743181040319844 2047
1743181040320469 2047
1743181040321095 2047
1743181040321719 2047
1743181040322344 2047
1743181040322969 2047
1743181040323594 2047
1743181040324219 2047
1743181040324844 2047
1743181040325469 2047
1743181040326094 2047
1743181040326719 2047
1743181040327344 2047
1743181040327971 2047
1743181040328594 2047
1743181040329221 2047
1743181040329843 2047
1743181040330469 2047
1743181040331094 2047
1743181040331719 2047
1743181040332344 2047
1743181040332969 2047
1743181040333594 2047
1743181040334219 2047
1743181040334844 2047
1743181040335469 2047
1743181040336094 2047
1743181040336719 2047
1743181040337344 2047
1743181040337969 2047
1743181040338594 2047
1743181040339219 2047
1743181040339844 2047
1743181040340469 2047
1743181040341095 2047
1743181040341719 2047
1743181040342344 2047
1743181040342969 2047
1743181040343594 2047
1743181040344219 2047
1743181040344844 2047
1743181040345469 2047
1743181040346094 2047
1743181040346719 2047
1743181040347344 2047
1743181040347969 2047
1743181040348594 2047
1743181040349220 2047
1743181040349844 2047
1743181040350469 2047
1743181040351094 2047
1743181040351719 2047
1743181040352344 2047
1743181040352969 2047
1743181040353594 2047
1743181040354219 2047
1743181040354844 2047
1743181040355469 0
1743181040356094 0
1743181040356719 0
1743181040357345 0
1743181040357969 0
1743181040358594 0
1743181040359219 0
1743181040359844 0
1743181040360469 0
1743181040361095 0
1743181040361719 0
1743181040362344 0
1743181040362969 0
1743181040363594 0
1743181040364219 0
1743181040364844 0
1743181040365469 0
1743181040366094 0
1743181040366719 0
1743181040367344 0
1743181040367969 0
1743181040368594 0
1743181040369220 0
1743181040369843 0
1743181040370469 0
1743181040371097 0
1743181040371719 0
1743181040372345 0
1743181040372969 0
1743181040373595 0
1743181040374220 0
1743181040374844 0
1743181040375470 0
1743181040376094 0
1743181040376720 0
1743181040377345 0
1743181040377970 0
1743181040378595 0
1743181040379219 0
1743181040379845 0
1743181040380470 0
1743181040381095 0
1743181040381719 0
1743181040382344 0
1743181040382970 0
1743181040383595 0
1743181040384220 0
1743181040384845 0
1743181040385470 0
1743181040386094 0
1743181040386720 0
1743181040387345 0
1743181040387970 0
1743181040388594 0
1743181040389220 0
1743181040389844 0
1743181040390470 0
1743181040391095 0
1743181040391719 0
1743181040392345 0
1743181040392970 0
1743181040393594 0
1743181040394219 0
1743181040394844 0
1743181040395469 0
1743181040396094 0
1743181040396719 0
1743181040397344 0
1743181040397969 0
1743181040398594 0
1743181040399219 0
1743181040399844 0
1743181040400469 0
1743181040401095 0
1743181040401719 0
1743181040402344 0
1743181040402969 0
1743181040403594 0
1743181040404219 0
1743181040404844 0
1743181040405470 2047
1743181040406094 2047
1743181040406719 2047
1743181040407344 2047
1743181040407969 2047
1743181040408594 2047
1743181040409220 2047
1743181040409844 2047
1743181040410469 2047
1743181040411094 2047
1743181040411719 2047
1743181040412344 2047
1743181040412969 2047
1743181040413594 2047
1743181040414219 2047
1743181040414844 2047
1743181040415469 2047
1743181040416094 2047
1743181040416719 2047
1743181040417344 2047
1743181040417969 2047
1743181040418594 2047
1743181040419219 2047
1743181040419844 2047
1743181040420469 2047
1743181040421095 2047
1743181040421719 2047
1743181040422344 2047
1743181040422969 2047
1743181040423594 2047
1743181040424219 2047
1743181040424844 2047
1743181040425470 2047
1743181040426094 2047
1743181040426719 2047
1743181040427344 2047
1743181040427969 2047
1743181040428594 2047
1743181040429220 2047
1743181040429844 2047
1743181040430469 2047
1743181040431095 2047
1743181040431720 2047
1743181040432344 2047
1743181040432969 2047
1743181040433595 2047
1743181040434220 2047
1743181040434844 2047
1743181040435469 2047
1743181040436094 2047
1743181040436720 2047
1743181040437346 2047
1743181040437971 2047
1743181040438595 2047
1743181040439227 2047
1743181040439851 2047
1743181040440469 2047
1743181040441099 2047
1743181040441720 2047
1743181040442344 2047
1743181040442969 2047
1743181040443594 2047
1743181040444219 2047
1743181040444844 2047
1743181040445469 2047
1743181040446094 2047
1743181040446719 2047
1743181040447344 2047
1743181040447969 2047
1743181040448594 2047
1743181040449220 2047
1743181040449844 2047
1743181040450470 2047
1743181040451094 2047
1743181040451719 2047
1743181040452344 2047
1743181040452969 2047
1743181040453595 2047
1743181040454220 2047
1743181040454845 2047
1743181040455469 2047
1743181040456095 0
1743181040456719 0
1743181040457345 0
1743181040457970 0
1743181040458594 0
1743181040459220 0
1743181040459844 0
1743181040460470 0
1743181040461096 0
1743181040461719 0
1743181040462345 0
1743181040462970 0
1743181040463595 0
1743181040464220 0
1743181040464844 0
1743181040465470 0
1743181040466094 0
1743181040466720 0
1743181040467344 0
1743181040467970 0
1743181040468595 0
1743181040469220 0
1743181040469845 0
1743181040470470 0
1743181040471094 0
1743181040471720 0
1743181040472344 0
1743181040472969 0
1743181040473594 0
1743181040474219 0
1743181040474844 0
1743181040475469 0
1743181040476094 0
1743181040476719 0
1743181040477344 0
1743181040477969 0
1743181040478594 0
1743181040479220 0
1743181040479844 0
1743181040480469 0
1743181040481095 0
1743181040481718 0
1743181040482344 0
1743181040482969 0
1743181040483594 0
1743181040484219 0
1743181040484844 0
1743181040485469 0
1743181040486094 0
1743181040486719 0
1743181040487344 0
1743181040487969 0
1743181040488594 0
1743181040489220 0
1743181040489844 0
1743181040490469 0
1743181040491094 0
1743181040491719 0
1743181040492344 0
1743181040492969 0
1743181040493595 0
1743181040494219 0
1743181040494845 0
1743181040495470 0
1743181040496095 0
1743181040496719 0
1743181040497345 0
1743181040497970 0
1743181040498594 0
1743181040499220 0
1743181040499845 0
1743181040500470 0
1743181040501096 0
1743181040501719 0
1743181040502345 0
1743181040502969 0
1743181040503595 0
1743181040504220 0
1743181040504844 0
1743181040505470 0
1743181040506095 2047
1743181040506720 2047
1743181040507345 2047
1743181040507969 2047
1743181040508595 2047
1743181040509221 2047
1743181040509844 2047
1743181040510470 2047
1743181040511094 2047
1743181040511720 2047
1743181040512345 2047
1743181040512969 2047
1743181040513595 2047
1743181040514219 2047
1743181040514845 2047
1743181040515469 2047
1743181040516095 2047
1743181040516720 2047
1743181040517345 2047
1743181040517970 2047
1743181040518594 2047
1743181040519220 2047
1743181040519845 2047
1743181040520470 2047
1743181040521095 2047
1743181040521719 2047
1743181040522345 2047
1743181040522970 2047
1743181040523595 2047
1743181040524220 2047
1743181040524844 2047
1743181040525470 2047
1743181040526095 2047
1743181040526719 2047
1743181040527345 2047
1743181040527969 2047
1743181040528595 2047
1743181040529220 2047
1743181040529844 2047
1743181040530470 2047
1743181040531095 2047
1743181040531720 2047
1743181040532344 2047
1743181040532970 2047
1743181040533595 2047
1743181040534220 2047
1743181040534845 2047
1743181040535470 2047
1743181040536095 2047
1743181040536720 2047
1743181040537344 2047
1743181040537970 2047
1743181040538594 2047
1743181040539219 2047
1743181040539845 2047
1743181040540470 2047
1743181040541095 2047
1743181040541719 2047
1743181040542345 2047
1743181040542970 2047
1743181040543594 2047
1743181040544220 2047
1743181040544845 2047
1743181040545470 2047
1743181040546095 2047
1743181040546720 2047
1743181040547345 2047
1743181040547969 2047
1743181040548595 2047
1743181040549221 2047
1743181040549844 2047
1743181040550470 2047
1743181040551095 2047
1743181040551720 2047
1743181040552345 2047
1743181040552969 2047
1743181040553594 2047
1743181040554219 2047
1743181040554844 2047
1743181040555469 2047
1743181040556094 0
1743181040556719 0
1743181040557344 0
1743181040557970 0
1743181040558594 0
1743181040559219 0
1743181040559844 0
1743181040560469 0
1743181040561095 0
1743181040561718 0
1743181040562344 0
1743181040562969 0
1743181040563594 0
1743181040564219 0
1743181040564844 0
1743181040565469 0
1743181040566095 0
1743181040566720 0
1743181040567344 0
1743181040567969 0
1743181040568595 0
1743181040569220 0
1743181040569843 0
1743181040570469 0
1743181040571094 0
1743181040571719 0
1743181040572344 0
1743181040572969 0
1743181040573594 0
1743181040574219 0
1743181040574844 0
1743181040575469 0
1743181040576094 0
1743181040576719 0
1743181040577344 0
1743181040577969 -1
1743181040578594 0
1743181040579219 0
1743181040579844 0
1743181040580469 0
1743181040581095 0
1743181040581719 0
1743181040582344 0
1743181040582969 0
1743181040583594 0
1743181040584219 0
1743181040584844 0
1743181040585469 0
1743181040586094 0
1743181040586720 0
1743181040587345 0
1743181040587969 0
1743181040588594 0
1743181040589220 0
1743181040589843 0
1743181040590469 -1
1743181040591094 0
1743181040591719 0
1743181040592344 0
1743181040592969 0
1743181040593594 0
1743181040594219 0
1743181040594844 0
1743181040595469 0
1743181040596094 0
1743181040596719 0
1743181040597344 0
1743181040597969 0
1743181040598594 0
1743181040599219 0
1743181040599844 0
1743181040600469 0
1743181040601095 0
1743181040601719 0
1743181040602344 0
1743181040602969 0
1743181040603594 0
1743181040604219 0
1743181040604844 0
1743181040605469 0
1743181040606095 2047
1743181040606719 2047
1743181040607344 2047
1743181040607970 2047
1743181040608594 2047
1743181040609220 2047
1743181040609843 2047
1743181040610469 2047
1743181040611094 2047
1743181040611719 2047
1743181040612344 2047
1743181040612969 2047
1743181040613595 2047
1743181040614219 2047
1743181040614844 2047
1743181040615469 2047
1743181040616094 2047
1743181040616719 2047
1743181040617344 2047
1743181040617969 2047
1743181040618594 2047
1743181040619219 2047
1743181040619844 2047
1743181040620469 2047
1743181040621095 2047
1743181040621719 2047
1743181040622344 2047
1743181040622969 2047
1743181040623594 2047
1743181040624219 2047
1743181040624845 2047
1743181040625469 2047
1743181040626094 2047
1743181040626719 2047
1743181040627345 2047
1743181040627969 2047
1743181040628594 2047
1743181040629220 2047
1743181040629843 2047
1743181040630469 2047
1743181040631094 2047
1743181040631719 2047
1743181040632344 2047
1743181040632969 2047
1743181040633595 2047
1743181040634220 2047
1743181040634844 2047
1743181040635470 2047
1743181040636095 2047
1743181040636720 2047
1743181040637345 2047
1743181040637970 2047
1743181040638595 2047
1743181040639219 2047
1743181040639844 2047
1743181040640470 2047
1743181040641095 2047
1743181040641719 2047
1743181040642344 2047
1743181040642970 2047
1743181040643594 2047
1743181040644220 2047
1743181040644845 2047
1743181040645470 2047
1743181040646095 2047
1743181040646720 2047
1743181040647345 2047
1743181040647970 2047
1743181040648594 2047
1743181040649220 2047
1743181040649844 2047
1743181040650470 2047
1743181040651095 2047
1743181040651719 2047
1743181040652345 2047
1743181040652970 2047
1743181040653594 2047
1743181040654219 2047
1743181040654844 2047
1743181040655469 2047
1743181040656094 0
1743181040656719 0
1743181040657345 0
1743181040657969 0
1743181040658594 0
1743181040659219 0
1743181040659844 0
1743181040660469 0
1743181040661095 0
1743181040661719 0
1743181040662344 0
1743181040662969 0
1743181040663595 0
1743181040664219 0
1743181040664844 0
1743181040665469 0
1743181040666094 0
1743181040666719 0
1743181040667344 0
1743181040667969 0
1743181040668594 0
1743181040669220 0
1743181040669844 0
1743181040670469 0
1743181040671095 0
1743181040671719 0
1743181040672344 0
1743181040672969 0
1743181040673594 0
1743181040674219 0
1743181040674844 0
1743181040675469 0
1743181040676094 0
1743181040676719 0
1743181040677345 0
1743181040677969 0
1743181040678594 0
1743181040679219 0
1743181040679844 0
1743181040680469 0
1743181040681095 0
1743181040681719 0
1743181040682344 0
1743181040682969 0
1743181040683594 0
1743181040684219 0
1743181040684844 0
1743181040685470 0
1743181040686094 0
1743181040686719 0
1743181040687344 0
1743181040687969 0
1743181040688594 0
1743181040689220 0
1743181040689844 0
1743181040690469 0
1743181040691094 0
1743181040691719 0
1743181040692344 0
1743181040692969 0
1743181040693594 0
1743181040694220 0
1743181040694844 0
1743181040695470 0
1743181040696095 0
1743181040696719 0
1743181040697345 0
1743181040697969 0
1743181040698595 0
1743181040699220 0
1743181040699844 0
1743181040700470 0
1743181040701095 0
1743181040701719 0
1743181040702345 0
1743181040702969 -1
1743181040703594 0
1743181040704219 0
1743181040704845 0
1743181040705470 0
1743181040706095 1291
1743181040706720 2047
1743181040707345 2047
1743181040707970 2047
1743181040708595 2047
1743181040709220 2047
1743181040709844 2047
1743181040710469 2047
1743181040711095 2047
1743181040711720 2047
1743181040712344 2047
1743181040712970 2047
1743181040713595 2047
1743181040714220 2047
1743181040714845 2047
1743181040715470 2047
1743181040716095 2047
1743181040716720 2047
1743181040717345 2047
1743181040717970 2047
1743181040718594 2047
1743181040719220 2047
1743181040719845 2047
1743181040720470 2047
1743181040721095 2047
1743181040721719 2047
1743181040722345 2047
1743181040722969 2047
1743181040723595 2047
1743181040724219 2047
1743181040724845 2047
1743181040725470 2047
1743181040726095 2047
1743181040726720 2047
1743181040727344 2047
1743181040727970 2047
1743181040728594 2047
1743181040729220 2047
1743181040729844 2047
1743181040730470 2047
1743181040731095 2047
1743181040731720 2047
1743181040732345 2047
1743181040732970 2047
1743181040733595 2047
1743181040734219 2047
1743181040734845 2047
1743181040735469 2047
1743181040736095 2047
1743181040736719 2047
1743181040737345 2047
1743181040737970 2047
1743181040738594 2047
1743181040739220 2047
1743181040739844 2047
1743181040740470 2047
1743181040741096 2047
1743181040741719 2047
1743181040742345 2047
1743181040742969 2047
1743181040743595 2047
1743181040744220 2047
1743181040744844 2047
1743181040745470 2047
1743181040746095 2047
1743181040746720 2047
1743181040747345 2047
1743181040747969 2047
1743181040748595 2047
1743181040749220 2047
1743181040749844 2047
1743181040750470 2047
1743181040751095 2047
1743181040751720 2047
1743181040752345 2047
1743181040752970 2047
1743181040753595 2047
1743181040754220 2047
1743181040754845 2047
1743181040755470 2047
1743181040756095 1291
1743181040756719 0
1743181040757345 0
1743181040757970 0
1743181040758595 0
1743181040759220 0
1743181040759845 0
1743181040760470 0
1743181040761095 0
1743181040761719 0
1743181040762345 0
1743181040762969 0
1743181040763595 -1
1743181040764220 0
1743181040764845 0
1743181040765470 0
1743181040766094 0
1743181040766719 0
1743181040767345 0
1743181040767969 0
1743181040768594 0
1743181040769220 0
1743181040769844 0
1743181040770470 0
1743181040771094 0
1743181040771720 0
1743181040772344 0
1743181040772970 0
1743181040773595 0
1743181040774219 0
1743181040774844 0
1743181040775469 0
1743181040776094 0
1743181040776719 0
1743181040777345 0
1743181040777969 0
1743181040778594 0
1743181040779219 0
1743181040779844 0
1743181040780469 0
1743181040781095 0
1743181040781719 0
1743181040782344 0
1743181040782969 0
1743181040783594 0
1743181040784219 0
1743181040784844 0
1743181040785469 0
1743181040786094 0
1743181040786719 0
1743181040787344 0
1743181040787969 0
1743181040788594 0
1743181040789220 0
1743181040789844 0
1743181040790469 0
1743181040791094 0
1743181040791719 0
1743181040792344 0
1743181040792969 0
1743181040793595 0
1743181040794219 0
1743181040794844 0
1743181040795469 0
1743181040796094 0
1743181040796719 0
1743181040797344 0
1743181040797969 0
1743181040798594 0
1743181040799219 0
1743181040799844 0
1743181040800469 0
1743181040801095 0
1743181040801718 0
1743181040802344 0
1743181040802969 0
1743181040803594 0
1743181040804219 0
1743181040804844 0
1743181040805470 0
1743181040806094 2047
1743181040806719 2047
1743181040807344 2047
1743181040807969 2047
1743181040808594 2047
1743181040809220 2047
1743181040809843 2047
1743181040810469 2047
1743181040811094 2047
1743181040811719 2047
1743181040812345 2047
1743181040812969 2047
1743181040813595 2047
1743181040814219 2047
1743181040814844 2047
1743181040815469 2047
1743181040816094 2047
1743181040816719 2047
1743181040817344 2047
1743181040817969 2047
1743181040818594 2047
1743181040819219 2047
1743181040819844 2047
1743181040820469 2047
1743181040821095 2047
1743181040821718 2047
1743181040822344 2047
1743181040822969 2047
1743181040823594 2047
1743181040824219 2047
1743181040824844 2047
1743181040825469 2047
1743181040826094 2047
1743181040826719 2047
1743181040827344 2047
1743181040827969 2047
1743181040828594 2047
1743181040829220 2047
1743181040829843 2047
1743181040830469 2047
1743181040831094 2047
1743181040831719 2047
1743181040832344 2047
1743181040832969 2047
1743181040833595 2047
1743181040834219 2047
1743181040834845 2047
1743181040835470 2047
1743181040836094 2047
1743181040836720 2047
1743181040837345 2047
1743181040837970 2047
1743181040838595 2047
1743181040839219 2047
1743181040839845 2047
1743181040840469 2047
1743181040841096 2047
1743181040841719 2047
1743181040842345 2047
1743181040842970 2047
1743181040843595 2047
1743181040844220 2047
1743181040844845 2047
1743181040845470 2047
1743181040846095 2047
1743181040846719 2047
1743181040847345 2047
1743181040847969 2047
1743181040848595 2047
1743181040849221 2047
1743181040849844 2047
1743181040850470 2047
1743181040851095 2047
1743181040851720 2047
1743181040852345 2047
1743181040852970 2047
1743181040853595 2047
1743181040854220 2047
1743181040854845 2047
1743181040855470 2047
1743181040856094 2047
1743181040856720 0
1743181040857345 0
1743181040857970 0
1743181040858595 0
1743181040859219 0
1743181040859845 0
1743181040860469 0
1743181040861095 0
1743181040861719 0
1743181040862344 0
1743181040862970 0
1743181040863595 0
1743181040864220 0
1743181040864845 0
1743181040865469 0
1743181040866095 0
1743181040866719 0
1743181040867345 0
1743181040867970 0
1743181040868594 0
1743181040869220 0
1743181040869844 0
1743181040870470 0
1743181040871095 0
1743181040871719 0
1743181040872345 0
1743181040872970 0
1743181040873595 0
1743181040874219 0
1743181040874844 0
1743181040875469 0
1743181040876094 0
1743181040876720 0
1743181040877344 0
1743181040877969 0
1743181040878595 0
1743181040879219 0
1743181040879844 0
1743181040880469 0
1743181040881095 0
1743181040881719 0
1743181040882344 0
1743181040882969 0
1743181040883594 0
1743181040884219 0
1743181040884844 0
1743181040885469 0
1743181040886094 0
1743181040886719 0
1743181040887344 0
1743181040887969 0
1743181040888594 0
1743181040889220 0
1743181040889843 0
1743181040890469 0
1743181040891094 0
1743181040891719 0
1743181040892344 0
1743181040892969 0
1743181040893594 0
1743181040894219 0
1743181040894844 0
1743181040895469 0
1743181040896094 0
1743181040896719 0
1743181040897344 0
1743181040897969 0
1743181040898594 0
1743181040899219 0
1743181040899844 0
1743181040900469 0
1743181040901095 0
1743181040901719 0
1743181040902344 0
1743181040902969 0
1743181040903594 0
1743181040904219 0
1743181040904844 0
1743181040905469 0
1743181040906094 0
1743181040906720 2047
1743181040907344 2047
1743181040907969 2047
1743181040908594 2047
1743181040909220 2047
1743181040909843 2047
1743181040910469 2047
1743181040911095 2047
1743181040911719 2047
1743181040912344 2047
1743181040912969 2047
1743181040913594 2047
1743181040914219 2047
1743181040914844 2047
1743181040915469 2047
1743181040916094 2047
1743181040916719 2047
1743181040917344 2047
1743181040917969 2047
1743181040918594 2047
1743181040919219 2047
1743181040919844 2047
1743181040920470 2047
1743181040921095 2047
1743181040921719 2047
1743181040922344 2047
1743181040922969 2047
1743181040923594 2047
1743181040924219 2047
1743181040924844 2047
1743181040925469 2047
1743181040926095 2047
1743181040926719 2047
1743181040927344 2047
1743181040927969 2047
1743181040928594 2047
1743181040929220 2047
1743181040929844 2047
1743181040930469 2047
1743181040931094 2047
1743181040931719 2047
1743181040932344 2047
1743181040932969 2047
1743181040933595 2047
1743181040934220 2047
1743181040934844 2047
1743181040935470 2047
1743181040936095 2047
1743181040936719 2047
1743181040937345 2047
1743181040937970 2047
1743181040938595 2047
1743181040939220 2047
1743181040939844 2047
1743181040940470 2047
1743181040941095 2047
1743181040941719 2047
1743181040942345 2047
1743181040942970 2047
1743181040943595 2047
1743181040944219 2047
1743181040944845 2047
1743181040945469 2047
1743181040946095 2047
1743181040946720 2047
1743181040947345 2047
1743181040947969 2047
1743181040948594 2047
1743181040949220 2047
1743181040949844 2047
1743181040950470 2047
1743181040951095 2047
1743181040951719 2047
1743181040952345 2047
1743181040952970 2047
1743181040953594 2047
1743181040954220 2047
1743181040954844 2047
1743181040955469 2047
1743181040956094 2047
1743181040956719 0
1743181040957344 0
1743181040957969 0
1743181040958594 0
1743181040959219 0
1743181040959844 0
1743181040960469 0
1743181040961095 0
1743181040961719 0
1743181040962344 0
1743181040962969 0
1743181040963594 0
1743181040964219 0
1743181040964844 0
1743181040965470 0
1743181040966094 0
1743181040966719 0
1743181040967344 0
1743181040967969 0
1743181040968594 0
1743181040969220 0
1743181040969844 0
1743181040970469 0
1743181040971094 0
1743181040971719 0
1743181040972344 0
1743181040972969 0
1743181040973595 0
1743181040974220 0
1743181040974844 0
1743181040975470 0
1743181040976095 0
1743181040976720 0
1743181040977345 0
1743181040977970 0
1743181040978595 0
1743181040979220 0
1743181040979844 0
1743181040980470 0
1743181040981095 0
1743181040981719 0
1743181040982345 0
1743181040982969 0
1743181040983595 0
1743181040984219 0
1743181040984845 0
1743181040985470 0
1743181040986095 0
1743181040986720 0
1743181040987345 0
1743181040987970 0
1743181040988595 0
1743181040989220 0
1743181040989844 0
1743181040990469 0
1743181040991095 0
1743181040991720 0
1743181040992344 0
1743181040992970 0
1743181040993594 0
1743181040994219 0
1743181040994844 0
1743181040995469 0
1743181040996094 0
1743181040996719 0
1743181040997345 0
1743181040997969 0
1743181040998594 0
1743181040999219 0
1743181040999844 0
1743181041000469 0
1743181041001095 0
1743181041001718 0
1743181041002344 0
1743181041002969 0
1743181041003594 0
1743181041004219 0
1743181041004844 0
1743181041005470 0
1743181041006094 0
1743181041006719 2047
1743181041007344 2047
1743181041007969 2047
1743181041008594 2047
1743181041009220 2047
1743181041009844 2047
1743181041010469 2047
1743181041011094 2047
1743181041011719 2047
1743181041012344 2047
1743181041012969 2047
1743181041013595 2047
1743181041014220 2047
1743181041014844 2047
1743181041015469 2047
1743181041016095 2047
1743181041016719 2047
1743181041017345 2047
1743181041017970 2047
1743181041018594 2047
1743181041019220 2047
1743181041019844 2047
1743181041020469 2047
1743181041021095 2047
1743181041021719 2047
1743181041022345 2047
1743181041022969 2047
1743181041023595 2047
1743181041024220 2047
1743181041024844 2047
1743181041025470 2047
1743181041026094 2047
1743181041026720 2047
1743181041027345 2047
1743181041027970 2047
1743181041028595 2047
1743181041029220 2047
1743181041029844 2047
1743181041030470 2047
1743181041031094 2047
1743181041031720 2047
1743181041032344 2047
1743181041032970 2047
1743181041033594 2047
1743181041034219 2047
1743181041034844 2047
1743181041035469 2047
1743181041036095 2047
1743181041036719 2047
1743181041037344 2047
1743181041037969 2047
1743181041038594 2047
1743181041039219 2047
1743181041039844 2047
1743181041040469 2047
1743181041041095 2047
1743181041041718 2047
1743181041042344 2047
1743181041042969 2047
1743181041043594 2047
1743181041044219 2047
1743181041044844 2047
1743181041045469 2047
1743181041046094 2047
1743181041046719 2047
1743181041047344 2047
1743181041047969 2047
1743181041048594 2047
1743181041049220 2047
1743181041049844 2047
1743181041050469 2047
1743181041051094 2047
1743181041051720 2047
1743181041052344 2047
1743181041052969 2047
1743181041053595 2047
1743181041054220 2047
1743181041054845 2047
1743181041055470 2047
1743181041056095 2047
1743181041056720 0
1743181041057345 0
1743181041057970 -1
1743181041058594 0
1743181041059220 0
1743181041059845 0
1743181041060470 0
1743181041061096 0
1743181041061719 0
1743181041062345 0
1743181041062969 0
1743181041063595 0
1743181041064220 0
1743181041064844 -1
1743181041065470 0
1743181041066095 0
1743181041066719 0
1743181041067345 0
1743181041067970 0
1743181041068595 0
1743181041069221 0
1743181041069844 0
1743181041070470 0
1743181041071095 0
1743181041071721 0
1743181041072344 0
1743181041072970 0
1743181041073595 0
1743181041074219 0
1743181041074845 -1
1743181041075470 0
1743181041076095 0
1743181041076720 0
1743181041077345 0
1743181041077970 0
1743181041078594 0
1743181041079220 0
1743181041079845 0
1743181041080470 0
1743181041081096 0
1743181041081719 0
1743181041082344 0
1743181041082970 0
1743181041083595 0
1743181041084221 0
1743181041084844 0
1743181041085470 0
1743181041086095 0
1743181041086719 0
1743181041087345 0
1743181041087970 0
1743181041088597 0
1743181041089224 0
1743181041089841 0
1743181041090470 0
1743181041091094 0
1743181041091719 0
1743181041092345 0
1743181041092970 0
1743181041093595 0
1743181041094219 0
1743181041094845 0
1743181041095470 0
1743181041096094 0
1743181041096721 0
1743181041097344 0
1743181041097970 0
1743181041098594 0
1743181041099220 0
1743181041099845 0
1743181041100470 0
1743181041101097 0
1743181041101718 0
1743181041102345 0
1743181041102970 0
1743181041103594 0
1743181041104220 0
1743181041104844 0
1743181041105470 0
1743181041106095 0
1743181041106720 1291
1743181041107345 2047
1743181041107970 2047
1743181041108595 2047
1743181041109221 2047
1743181041109844 2047
1743181041110470 2047
1743181041111094 2047
1743181041111720 2047
1743181041112345 2047
1743181041112969 2047
1743181041113596 2047
1743181041114219 2047
1743181041114845 2047
1743181041115470 2047
1743181041116095 2047
1743181041116720 2047
1743181041117345 2047
1743181041117970 2047
1743181041118595 2047
1743181041119219 2047
1743181041119845 2047
1743181041120469 2047
1743181041121095 2047
1743181041121719 2047
1743181041122345 2047
1743181041122970 2047
1743181041123595 2047
1743181041124220 2047
1743181041124844 2047
1743181041125470 2047
1743181041126096 2047
1743181041126719 2047
1743181041127345 2047
1743181041127969 2047
1743181041128595 2047
1743181041129221 2047
1743181041129844 2047
1743181041130470 2047
1743181041131095 2047
1743181041131720 2047
1743181041132345 2047
1743181041132970 2047
1743181041133595 2047
1743181041134219 2047
1743181041134845 2047
1743181041135470 2047
1743181041136095 2047
1743181041136720 2047
1743181041137345 2047
1743181041137970 2047
1743181041138596 2047
1743181041139219 2047
1743181041139845 2047
1743181041140469 2047
1743181041141096 2047
1743181041141719 2047
1743181041142344 2047
1743181041142970 2047
1743181041143595 2047
1743181041144220 2047
1743181041144845 2047
1743181041145470 2047
1743181041146095 2047
1743181041146719 2047
1743181041147345 2047
1743181041147970 2047
1743181041148594 2047
1743181041149221 2047
1743181041149844 2047
1743181041150470 2047
1743181041151096 2047
1743181041151719 2047
1743181041152345 2047
1743181041152970 2047
1743181041153594 2047
1743181041154219 2047
1743181041154844 2047
1743181041155470 2047
1743181041156094 2047
1743181041156720 1291
1743181041157344 0
1743181041157969 0
1743181041158594 0
1743181041159219 0
1743181041159845 0
1743181041160469 0
1743181041161095 0
1743181041161718 0
1743181041162344 0
1743181041162969 0
1743181041163595 0
1743181041164219 0
1743181041164844 0
1743181041165469 0
1743181041166094 0
1743181041166719 0
1743181041167345 0
1743181041167970 0
1743181041168594 0
1743181041169220 0
1743181041169844 0
1743181041170469 0
1743181041171094 0
1743181041171719 0
1743181041172345 0
1743181041172969 0
1743181041173595 0
1743181041174220 0
1743181041174845 0
1743181041175470 0
1743181041176095 0
1743181041176720 0
1743181041177345 0
1743181041177970 0
1743181041178595 0
1743181041179219 0
1743181041179845 0
1743181041180471 0
1743181041181095 0
1743181041181719 0
1743181041182344 0
1743181041182970 0
1743181041183595 0
1743181041184219 0
1743181041184845 0
1743181041185470 0
1743181041186095 0
1743181041186720 0
1743181041187344 0
1743181041187970 0
1743181041188595 0
1743181041189221 0
1743181041189844 0
1743181041190470 0
1743181041191094 0
1743181041191720 0
1743181041192345 0
1743181041192971 0
1743181041193594 0
1743181041194220 0
1743181041194844 0
1743181041195470 0
1743181041196094 0
1743181041196720 0
1743181041197345 0
1743181041197970 0
1743181041198594 0
1743181041199220 0
1743181041199844 0
1743181041200470 0
1743181041201095 0
1743181041201719 0
1743181041202344 0
1743181041202970 0
1743181041203594 0
1743181041204219 0
1743181041204845 0
1743181041205470 0
1743181041206094 0
1743181041206720 1291
1743181041207344 2047
1743181041207970 2047
1743181041208594 2047
1743181041209220 2047
1743181041209844 2047
1743181041210470 2047
1743181041211095 2047
1743181041211719 2047
1743181041212345 2047
1743181041212970 2047
1743181041213595 2047
1743181041214220 2047
1743181041214844 2047
1743181041215470 2047
1743181041216095 2047
1743181041216719 2047
1743181041217345 2047
1743181041217970 2047
1743181041218594 2047
1743181041219220 2047
1743181041219845 2047
1743181041220470 2047
1743181041221095 2047
1743181041221719 2047
1743181041222345 2047
1743181041222969 2047
1743181041223595 2047
1743181041224219 2047
1743181041224845 2047
1743181041225470 2047
1743181041226095 2047
1743181041226720 2047
1743181041227345 2047
1743181041227969 2047
1743181041228594 2047
1743181041229220 2047
1743181041229844 2047
1743181041230470 2047
1743181041231094 2047
1743181041231719 2047
1743181041232345 2047
1743181041232970 2047
1743181041233594 2047
1743181041234219 2047
1743181041234845 2047
1743181041235469 2047
1743181041236094 2047
1743181041236719 2047
1743181041237345 2047
1743181041237969 2047
1743181041238594 2047
1743181041239220 2047
1743181041239844 2047
1743181041240469 2047
1743181041241095 2047
1743181041241718 2047
1743181041242344 2047
1743181041242970 2047
1743181041243594 2047
1743181041244219 2047
1743181041244844 2047
1743181041245470 2047
1743181041246094 2047
1743181041246719 2047
1743181041247345 2047
1743181041247969 2047
1743181041248594 2047
1743181041249220 2047
1743181041249844 2047
1743181041250469 2047
1743181041251094 2047
1743181041251720 2047
1743181041252344 2047
1743181041252969 2047
1743181041253595 2047
1743181041254220 2047
1743181041254845 2047
1743181041255470 2047
1743181041256096 2047
1743181041256719 2047
1743181041257345 0
1743181041257970 0
1743181041258595 0
1743181041259220 0
1743181041259844 0
1743181041260470 0
1743181041261095 0
1743181041261719 0
1743181041262345 0
1743181041262970 0
1743181041263595 0
1743181041264220 0
1743181041264845 0
1743181041265470 0
1743181041266095 0
1743181041266720 0
1743181041267344 0
1743181041267970 0
1743181041268595 0
1743181041269220 0
1743181041269844 0
1743181041270469 0
1743181041271095 0
1743181041271719 0
1743181041272344 0
1743181041272970 0
1743181041273595 0
1743181041274220 0
1743181041274845 0
1743181041275470 0
1743181041276094 0
1743181041276720 0
1743181041277345 0
1743181041277970 0
1743181041278595 0
1743181041279220 0
1743181041279844 0
1743181041280470 0
1743181041281095 0
1743181041281719 0
1743181041282345 0
1743181041282969 0
1743181041283595 0
1743181041284220 0
1743181041284844 0
1743181041285470 0
1743181041286094 0
1743181041286719 0
1743181041287344 0
1743181041287969 0
1743181041288595 0
1743181041289220 0
1743181041289844 0
1743181041290469 0
1743181041291095 0
1743181041291720 0
1743181041292344 0
1743181041292969 0
1743181041293594 0
1743181041294219 0
1743181041294844 0
1743181041295469 0
1743181041296094 0
1743181041296719 0
1743181041297344 0
1743181041297969 0
1743181041298594 0
1743181041299219 0
1743181041299844 0
1743181041300469 0
1743181041301095 0
1743181041301718 -1
1743181041302344 0
1743181041302969 0
1743181041303594 0
1743181041304219 0
1743181041304844 0
1743181041305469 0
1743181041306094 0
1743181041306720 0
1743181041307344 2047
1743181041307969 2047
1743181041308594 2047
1743181041309220 2047
1743181041309844 2047
1743181041310469 2047
1743181041311094 2047
1743181041311719 2047
1743181041312344 2047
1743181041312969 2047
1743181041313594 2047
1743181041314219 2047
1743181041314844 2047
1743181041315469 2047
1743181041316094 2047
1743181041316719 2047
1743181041317344 2047
1743181041317969 2047
1743181041318594 2047
1743181041319219 2047
1743181041319844 2047
1743181041320469 2047
1743181041321095 2047
1743181041321719 2047
1743181041322344 2047
1743181041322969 2047
1743181041323594 2047
1743181041324219 2047
1743181041324844 2047
1743181041325469 2047
1743181041326094 2047
1743181041326719 2047
1743181041327344 2047
1743181041327969 2047
1743181041328594 2047
1743181041329221 2047
1743181041329844 2047
1743181041330469 2047
1743181041331094 2047
1743181041331719 2047
1743181041332344 2047
1743181041332969 2047
1743181041333595 2047
1743181041334219 2047
1743181041334845 2047
1743181041335469 2047
1743181041336094 2047
1743181041336720 2047
1743181041337345 2047
1743181041337970 2047
1743181041338594 2047
1743181041339220 2047
1743181041339845 2047
1743181041340469 2047
1743181041341095 2047
1743181041341719 2047
1743181041342345 2047
1743181041342970 2047
1743181041343595 2047
1743181041344220 2047
1743181041344845 2047
1743181041345470 2047
1743181041346095 2047
1743181041346720 2047
1743181041347345 2047
1743181041347969 2047
1743181041348595 2047
1743181041349220 2047
1743181041349844 2047
1743181041350470 2047
1743181041351094 2047
1743181041351720 2047
1743181041352344 2047
1743181041352969 2047
1743181041353594 2047
1743181041354219 2047
1743181041354844 2047
1743181041355469 2047
1743181041356094 2047
1743181041356719 2047
1743181041357344 0
1743181041357970 0
1743181041358594 0
1743181041359219 0
1743181041359844 0
1743181041360469 0
1743181041361095 0
1743181041361718 0
1743181041362344 0
1743181041362970 0
1743181041363594 0
1743181041364219 0
1743181041364844 0
1743181041365470 0
1743181041366094 0
1743181041366719 0
1743181041367344 0
1743181041367969 0
1743181041368594 0
1743181041369220 0
1743181041369843 0
1743181041370469 0
1743181041371095 0
1743181041371719 0
1743181041372344 0
1743181041372969 0
1743181041373594 0
1743181041374219 0
1743181041374845 0
1743181041375469 0
1743181041376094 0
1743181041376719 0
1743181041377344 0
1743181041377969 0
1743181041378594 0
1743181041379219 0
1743181041379844 0
1743181041380469 0
1743181041381095 0
1743181041381719 0
1743181041382344 0
1743181041382969 0
1743181041383594 0
1743181041384219 0
1743181041384844 0
1743181041385470 0
1743181041386094 0
1743181041386719 0
1743181041387344 0
1743181041387969 0
1743181041388594 0
1743181041389220 0
1743181041389843 0
1743181041390469 0
1743181041391094 0
1743181041391719 0
1743181041392344 0
1743181041392969 0
1743181041393594 0
1743181041394219 0
1743181041394844 0
1743181041395469 0
1743181041396094 0
1743181041396719 0
1743181041397344 0
1743181041397969 0
1743181041398594 0
1743181041399219 0
1743181041399844 0
1743181041400469 0
1743181041401095 0
1743181041401719 0
1743181041402344 0
1743181041402969 0
1743181041403594 0
1743181041404219 0
1743181041404844 0
1743181041405470 0
1743181041406094 0
1743181041406719 0
1743181041407344 2047
1743181041407969 2047
1743181041408594 2047
1743181041409221 2047
1743181041409843 2047
1743181041410469 2047
1743181041411094 2047
1743181041411719 2047
1743181041412344 2047
1743181041412969 2047
1743181041413594 2047
1743181041414219 2047
1743181041414844 2047
1743181041415469 2047
1743181041416094 2047
1743181041416719 2047
1743181041417344 2047
1743181041417969 2047
1743181041418594 2047
1743181041419220 2047
1743181041419844 2047
1743181041420469 2047
1743181041421095 2047
1743181041421719 2047
1743181041422344 2047
1743181041422969 2047
1743181041423594 2047
1743181041424219 2047
1743181041424844 2047
1743181041425469 2047
1743181041426094 2047
1743181041426719 2047
1743181041427344 2047
1743181041427969 2047
1743181041428594 2047
1743181041429220 2047
1743181041429843 2047
1743181041430469 2047
1743181041431094 2047
1743181041431719 2047
1743181041432344 2047
1743181041432969 2047
1743181041433595 2047
1743181041434219 2047
1743181041434844 2047
1743181041435469 2047
1743181041436094 2047
1743181041436719 2047
1743181041437344 2047
1743181041437969 2047
1743181041438594 2047
1743181041439219 2047
1743181041439844 2047
1743181041440469 2047
1743181041441094 2047
1743181041441719 2047
1743181041442344 2047
1743181041442969 2047
1743181041443594 2047
1743181041444219 2047
1743181041444844 2047
1743181041445469 2047
1743181041446094 2047
1743181041446719 2047
1743181041447344 2047
1743181041447969 2047
1743181041448594 2047
1743181041449220 2047
1743181041449844 2047
1743181041450469 2047
1743181041451094 2047
1743181041451719 2047
1743181041452344 2047
1743181041452969 2047
1743181041453595 2047
1743181041454219 2047
1743181041454844 2047
1743181041455470 2047
1743181041456094 2047
1743181041456719 2047
1743181041457345 0
1743181041457969 0
1743181041458594 0
1743181041459219 0
1743181041459844 0
1743181041460470 0
1743181041461095 0
1743181041461719 0
1743181041462344 0
1743181041462969 0
1743181041463595 0
1743181041464219 0
1743181041464845 0
1743181041465469 0
1743181041466094 0
1743181041466719 0
1743181041467344 0
1743181041467969 0
1743181041468594 0
1743181041469220 0
1743181041469844 0
1743181041470469 0
1743181041471095 0
1743181041471719 0
1743181041472344 0
1743181041472969 0
1743181041473595 0
1743181041474219 0
1743181041474845 0
1743181041475470 0
1743181041476094 0
1743181041476719 0
1743181041477345 0
1743181041477970 0
1743181041478595 0
1743181041479219 0
1743181041479845 0
1743181041480470 0
1743181041481095 0
1743181041481719 0
1743181041482345 0
1743181041482970 0
1743181041483595 0
1743181041484220 0
1743181041484845 0
1743181041485469 0
1743181041486095 0
1743181041486720 0
1743181041487344 0
1743181041487970 0
1743181041488595 0
1743181041489220 0
1743181041489844 0
1743181041490469 0
1743181041491095 0
1743181041491719 0
1743181041492345 0
1743181041492970 0
1743181041493594 0
1743181041494220 0
1743181041494844 0
1743181041495470 0
1743181041496095 0
1743181041496719 0
1743181041497345 0
1743181041497970 0
1743181041498595 0
1743181041499219 0
1743181041499844 0
1743181041500470 0
1743181041501095 0
1743181041501719 0
1743181041502345 0
1743181041502969 0
1743181041503594 0
1743181041504219 0
1743181041504845 0
1743181041505470 0
1743181041506094 0
1743181041506720 0
1743181041507345 726
1743181041507970 2047
1743181041508595 2047
1743181041509220 2047
1743181041509844 2047
1743181041510469 2047
1743181041511095 2047
1743181041511719 2047
1743181041512345 2047
1743181041512970 2047
1743181041513594 2047
1743181041514220 2047
1743181041514844 2047
1743181041515470 2047
1743181041516095 2047
1743181041516719 2047
1743181041517345 2047
1743181041517969 2047
1743181041518595 2047
1743181041519220 2047
1743181041519844 2047
1743181041520470 2047
1743181041521095 2047
1743181041521719 2047
1743181041522345 2047
1743181041522969 2047
1743181041523595 2047
1743181041524219 2047
1743181041524845 2047
1743181041525470 2047
1743181041526094 2047
1743181041526720 2047
1743181041527344 2047
1743181041527969 2047
1743181041528594 2047
1743181041529220 2047
1743181041529844 2047
1743181041530469 2047
1743181041531095 2047
1743181041531720 2047
1743181041532344 2047
1743181041532970 2047
1743181041533594 2047
1743181041534220 2047
1743181041534844 2047
1743181041535469 2047
1743181041536094 2047
1743181041536719 2047
1743181041537344 2047
1743181041537969 2047
1743181041538594 2047
1743181041539219 2047
1743181041539844 2047
1743181041540469 2047
1743181041541094 2047
1743181041541719 2047
1743181041542344 2047
1743181041542969 2047
1743181041543594 2047
1743181041544219 2047
1743181041544844 2047
1743181041545469 2047
1743181041546094 2047
1743181041546719 2047
1743181041547344 2047
1743181041547969 2047
1743181041548594 2047
1743181041549220 2047
1743181041549844 2047
1743181041550469 2047
1743181041551094 2047
1743181041551719 2047
1743181041552344 2047
1743181041552969 2047
1743181041553594 2047
1743181041554219 2047
1743181041554844 2047
1743181041555469 2047
1743181041556094 2047
1743181041556719 2047
1743181041557344 1291
1743181041557970 0
1743181041558594 0
1743181041559219 0
1743181041559844 0
1743181041560469 0
1743181041561095 0
1743181041561718 0
1743181041562345 0
1743181041562969 0
1743181041563594 0
1743181041564219 0
1743181041564844 0
1743181041565469 0
1743181041566094 0
1743181041566719 0
1743181041567344 0
1743181041567969 0
1743181041568594 0
1743181041569220 0
1743181041569844 0
1743181041570469 0
1743181041571094 0
1743181041571719 0
1743181041572344 0
1743181041572969 0
1743181041573595 0
1743181041574220 0
1743181041574845 0
1743181041575469 0
1743181041576095 0
1743181041576719 0
1743181041577345 0
1743181041577970 0
1743181041578595 0
1743181041579220 0
1743181041579844 0
1743181041580470 0
1743181041581096 0
1743181041581719 0
1743181041582345 0
1743181041582969 0
1743181041583594 0
1743181041584220 0
1743181041584844 0
1743181041585470 0
1743181041586094 0
1743181041586720 0
1743181041587345 0
1743181041587969 0
1743181041588595 0
1743181041589220 0
1743181041589844 0
1743181041590470 0
1743181041591095 0
1743181041591720 0
1743181041592344 0
1743181041592970 0
1743181041593595 0
1743181041594220 0
1743181041594845 0
1743181041595470 0
1743181041596095 0
1743181041596720 0
1743181041597345 0
1743181041597970 0
1743181041598594 0
1743181041599220 0
1743181041599845 0
1743181041600470 0
1743181041601096 0
1743181041601719 0
1743181041602344 0
1743181041602970 0
1743181041603594 0
1743181041604220 0
1743181041604844 0
1743181041605470 0
1743181041606095 0
1743181041606719 0
1743181041607345 1291
1743181041607969 2047
1743181041608595 2047
1743181041609220 2047
1743181041609844 2047
1743181041610470 2047
1743181041611094 2047
1743181041611720 2047
1743181041612344 2047
1743181041612970 2047
1743181041613594 2047
1743181041614219 2047
1743181041614844 2047
1743181041615469 2047
1743181041616094 2047
1743181041616719 2047
1743181041617344 2047
1743181041617969 2047
1743181041618594 2047
1743181041619219 2047
1743181041619844 2047
1743181041620469 2047
1743181041621095 2047
1743181041621718 2047
1743181041622344 2047
1743181041622969 2047
1743181041623594 2047
1743181041624219 2047
1743181041624844 2047
1743181041625469 2047
1743181041626094 2047
1743181041626719 2047
1743181041627344 2047
1743181041627969 2047
1743181041628594 2047
1743181041629220 2047
1743181041629843 2047
1743181041630469 2047
1743181041631094 2047
1743181041631719 2047
1743181041632344 2047
1743181041632969 2047
1743181041633594 2047
1743181041634219 2047
1743181041634844 2047
1743181041635469 2047
1743181041636094 2047
1743181041636719 2047
1743181041637344 2047
1743181041637969 2047
1743181041638594 2047
1743181041639219 2047
1743181041639844 2047
1743181041640469 2047
1743181041641095 2047
1743181041641718 2047
1743181041642344 2047
1743181041642969 2047
1743181041643594 2047
1743181041644219 2047
1743181041644844 2047
1743181041645470 2047
1743181041646094 2047
1743181041646719 2047
1743181041647344 2047
1743181041647969 2047
1743181041648594 2047
1743181041649220 2047
1743181041649844 2047
1743181041650469 2047
1743181041651094 2047
1743181041651720 2047
1743181041652344 2047
1743181041652969 2047
1743181041653594 2047
1743181041654219 2047
1743181041654845 2047
1743181041655469 2047
1743181041656094 2047
1743181041656719 2047
1743181041657344 2047
1743181041657970 0
1743181041658594 0
1743181041659219 0
1743181041659844 0
1743181041660469 0
1743181041661095 0
1743181041661718 0
1743181041662344 0
1743181041662969 0
1743181041663594 0
1743181041664219 0
1743181041664844 0
1743181041665469 0
1743181041666094 0
1743181041666719 0
1743181041667344 0
1743181041667969 0
1743181041668594 0
1743181041669220 0
1743181041669843 0
1743181041670469 0
1743181041671094 0
1743181041671719 0
1743181041672344 0
1743181041672969 0
1743181041673594 0
1743181041674219 0
1743181041674844 0
1743181041675469 0
1743181041676094 0
1743181041676719 0
1743181041677344 0
1743181041677969 0
1743181041678594 0
1743181041679219 0
1743181041679844 0
1743181041680469 0
1743181041681095 0
1743181041681719 0
1743181041682344 0
1743181041682969 0
1743181041683594 0
1743181041684219 0
1743181041684844 0
1743181041685469 0
1743181041686094 0
1743181041686719 0
1743181041687344 0
1743181041687969 0
1743181041688594 0
1743181041689220 0
1743181041689844 0
1743181041690469 0
1743181041691094 0
1743181041691719 0
1743181041692344 0
1743181041692969 0
1743181041693595 0
1743181041694219 0
1743181041694844 0
1743181041695469 0
1743181041696094 0
1743181041696719 0
1743181041697344 0
1743181041697969 0
1743181041698594 0
1743181041699219 0
1743181041699844 0
1743181041700469 0
1743181041701095 0
1743181041701719 0
1743181041702344 0
1743181041702969 0
1743181041703594 0
1743181041704219 0
1743181041704845 0
1743181041705469 0
1743181041706095 0
1743181041706719 0
1743181041707344 0
1743181041707969 2047
1743181041708594 2047
1743181041709220 2047
1743181041709844 2047
1743181041710469 2047
1743181041711094 2047
1743181041711719 2047
1743181041712344 2047
1743181041712969 2047
1743181041713594 2047
1743181041714219 2047
1743181041714844 2047
1743181041715469 2047
1743181041716094 2047
1743181041716719 2047
1743181041717345 2047
1743181041717969 2047
1743181041718594 2047
1743181041719219 2047
1743181041719844 2047
1743181041720470 2047
1743181041721095 2047
1743181041721719 2047
1743181041722344 2047
1743181041722969 2047
1743181041723594 2047
1743181041724219 2047
1743181041724844 2047
1743181041725469 2047
1743181041726094 2047
1743181041726719 2047
1743181041727344 2047
1743181041727969 2047
1743181041728594 2047
1743181041729220 2047
1743181041729843 2047
1743181041730469 2047
1743181041731094 2047
1743181041731719 2047
1743181041732344 2047
1743181041732969 2047
1743181041733595 2047
1743181041734220 2047
1743181041734844 2047
1743181041735470 2047
1743181041736094 2047
1743181041736720 2047
1743181041737345 2047
1743181041737970 2047
1743181041738595 2047
1743181041739219 2047
1743181041739845 2047
1743181041740470 2047
1743181041741095 2047
1743181041741719 2047
1743181041742344 2047
1743181041742970 2047
1743181041743595 2047
1743181041744220 2047
1743181041744845 2047
1743181041745470 2047
1743181041746095 2047
1743181041746720 2047
1743181041747344 2047
1743181041747970 2047
1743181041748595 2047
1743181041749221 2047
1743181041749844 2047
1743181041750470 2047
1743181041751095 2047
1743181041751720 2047
1743181041752345 2047
1743181041752970 2047
1743181041753594 2047
1743181041754219 2047
1743181041754844 2047
1743181041755469 2047
1743181041756094 2047
1743181041756719 2047
1743181041757344 2047
1743181041757969 0
1743181041758594 0
1743181041759219 0
1743181041759844 0
1743181041760469 0
1743181041761095 0
1743181041761719 0
1743181041762344 0
1743181041762969 0
1743181041763594 0
1743181041764219 0
1743181041764844 0
1743181041765469 0
1743181041766094 0
1743181041766719 0
1743181041767344 0
1743181041767970 0
1743181041768594 0
1743181041769220 0
1743181041769844 0
1743181041770469 0
1743181041771094 0
1743181041771719 0
1743181041772344 0
1743181041772969 0
1743181041773594 0
1743181041774219 0
1743181041774844 0
1743181041775469 0
1743181041776094 0
1743181041776719 0
1743181041777344 0
1743181041777969 0
1743181041778594 0
1743181041779220 0
1743181041779844 0
1743181041780469 0
1743181041781095 0
1743181041781719 0
1743181041782344 0
1743181041782969 0
1743181041783594 0
1743181041784219 0
1743181041784844 0
1743181041785469 0
1743181041786094 0
1743181041786719 0
1743181041787344 0
1743181041787969 0
1743181041788594 0
1743181041789220 0
1743181041789844 0
1743181041790469 0
1743181041791094 0
1743181041791719 0
1743181041792344 0
1743181041792969 0
1743181041793594 0
1743181041794220 0
1743181041794844 0
1743181041795470 0
1743181041796095 0
1743181041796720 0
1743181041797345 0
1743181041797969 0
1743181041798595 0
1743181041799220 0
1743181041799845 0
1743181041800470 0
1743181041801096 0
1743181041801719 0
1743181041802345 0
1743181041802970 0
1743181041803595 0
1743181041804220 0
1743181041804845 0
1743181041805470 0
1743181041806094 0
1743181041806720 0
1743181041807345 0
1743181041807970 2047
1743181041808595 2047
1743181041809220 2047
1743181041809844 2047
1743181041810469 2047
1743181041811094 2047
1743181041811720 2047
1743181041812344 2047
1743181041812970 2047
1743181041813594 2047
1743181041814219 2047
1743181041814844 2047
1743181041815469 2047
1743181041816094 2047
1743181041816719 2047
1743181041817345 2047
1743181041817969 2047
1743181041818594 2047
1743181041819219 2047
1743181041819844 2047
1743181041820470 2047
1743181041821095 2047
1743181041821718 2047
1743181041822344 2047
1743181041822969 2047
1743181041823594 2047
1743181041824219 2047
1743181041824844 2047
1743181041825470 2047
1743181041826094 2047
1743181041826719 2047
1743181041827344 2047
1743181041827969 2047
1743181041828594 2047
1743181041829220 2047
1743181041829843 2047
1743181041830469 2047
1743181041831094 2047
1743181041831719 2047
1743181041832344 2047
1743181041832969 2047
1743181041833594 2047
1743181041834219 2047
1743181041834844 2047
1743181041835469 2047
1743181041836094 2047
1743181041836719 2047
1743181041837344 2047
1743181041837969 2047
1743181041838594 2047
1743181041839219 2047
1743181041839844 2047
1743181041840469 2047
1743181041841095 2047
1743181041841718 2047
1743181041842344 2047
1743181041842969 2047
1743181041843594 2047
1743181041844219 2047
1743181041844844 2047
1743181041845469 2047
1743181041846094 2047
1743181041846719 2047
1743181041847344 2047
1743181041847969 2047
1743181041848594 2047
1743181041849220 2047
1743181041849844 2047
1743181041850469 2047
1743181041851094 2047
1743181041851719 2047
1743181041852344 2047
1743181041852969 2047
1743181041853595 2047
1743181041854219 2047
1743181041854844 2047
1743181041855469 2047
1743181041856094 2047
1743181041856719 2047
1743181041857344 2047
1743181041857969 0
1743181041858594 0
1743181041859219 0
1743181041859844 0
1743181041860469 0
1743181041861095 0
1743181041861719 0
1743181041862344 0
1743181041862969 0
1743181041863594 0
1743181041864220 0
1743181041864844 0
1743181041865470 0
1743181041866094 0
1743181041866719 0
1743181041867344 0
1743181041867969 0
1743181041868594 0
1743181041869220 0
1743181041869844 0
1743181041870469 0
1743181041871094 0
1743181041871719 0
1743181041872344 -1
1743181041872969 0
1743181041873595 0
1743181041874219 0
1743181041874845 0
1743181041875469 0
1743181041876095 0
1743181041876720 -1
1743181041877345 0
1743181041877970 0
1743181041878594 0
1743181041879220 0
1743181041879845 0
1743181041880470 0
1743181041881095 0
1743181041881719 0
1743181041882345 0
1743181041882970 0
1743181041883594 0
1743181041884220 0
1743181041884845 0
1743181041885470 0
1743181041886095 0
1743181041886720 0
1743181041887345 0
1743181041887969 0
1743181041888595 0
1743181041889220 0
1743181041889844 0
1743181041890470 0
1743181041891095 0
1743181041891720 0
1743181041892345 0
1743181041892970 0
1743181041893595 0
1743181041894219 0
1743181041894844 0
1743181041895469 0
1743181041896094 0
1743181041896719 0
1743181041897344 0
1743181041897969 0
1743181041898594 0
1743181041899219 0
1743181041899844 0
1743181041900469 0
1743181041901095 0
1743181041901719 0
1743181041902345 0
1743181041902969 0
1743181041903594 0
1743181041904219 0
1743181041904844 0
1743181041905469 0
1743181041906095 0
1743181041906719 0
1743181041907344 0
1743181041907969 484
1743181041908594 2047
1743181041909220 2047
1743181041909843 2047
1743181041910469 2047
1743181041911094 2047
1743181041911719 2047
1743181041912344 2047
1743181041912969 2047
1743181041913594 2047
1743181041914219 2047
1743181041914844 2047
1743181041915469 2047
1743181041916094 2047
1743181041916719 2047
1743181041917344 2047
1743181041917970 2047
1743181041918594 2047
1743181041919219 2047
1743181041919844 2047
1743181041920469 2047
1743181041921095 2047
1743181041921719 2047
1743181041922344 2047
1743181041922970 2047
1743181041923594 2047
1743181041924219 2047
1743181041924844 2047
1743181041925470 2047
1743181041926095 2047
1743181041926719 2047
1743181041927344 2047
1743181041927969 2047
1743181041928594 2047
1743181041929220 2047
1743181041929843 2047
1743181041930469 2047
1743181041931094 2047
1743181041931719 2047
1743181041932345 2047
1743181041932969 2047
1743181041933594 2047
1743181041934219 2047
1743181041934844 2047
1743181041935469 2047
1743181041936094 2047
1743181041936719 2047
1743181041937344 2047
1743181041937969 2047
1743181041938594 2047
1743181041939219 2047
1743181041939844 2047
1743181041940469 2047
1743181041941095 2047
1743181041941719 2047
1743181041942344 2047
1743181041942969 2047
1743181041943594 2047
1743181041944219 2047
1743181041944844 2047
1743181041945469 2047
1743181041946094 2047
1743181041946719 2047
1743181041947345 2047
1743181041947969 2047
1743181041948594 2047
1743181041949220 2047
1743181041949844 2047
1743181041950469 2047
1743181041951094 2047
1743181041951719 2047
1743181041952344 2047
1743181041952969 2047
1743181041953594 2047
1743181041954219 2047
1743181041954844 2047
1743181041955470 2047
1743181041956094 2047
1743181041956719 2047
1743181041957344 2047
1743181041957970 1511
1743181041958594 0
1743181041959219 0
1743181041959845 0
1743181041960469 0
1743181041961095 0
1743181041961719 0
1743181041962344 0
1743181041962969 0
1743181041963594 0
1743181041964219 0
1743181041964844 0
1743181041965469 0
1743181041966095 0
1743181041966719 0
1743181041967344 0
1743181041967969 0
1743181041968594 0
1743181041969220 0
1743181041969843 0
1743181041970469 0
1743181041971094 0
1743181041971719 0
1743181041972344 0
1743181041972969 0
1743181041973595 0
1743181041974220 0
1743181041974844 0
1743181041975470 0
1743181041976094 0
1743181041976720 0
1743181041977345 0
1743181041977970 0
1743181041978595 0
1743181041979219 0
1743181041979845 0
1743181041980470 0
1743181041981095 0
1743181041981719 0
1743181041982344 0
1743181041982970 0
1743181041983595 0
1743181041984219 0
1743181041984845 0
1743181041985470 0
1743181041986095 0
1743181041986719 0
1743181041987345 0
1743181041987970 0
1743181041988595 0
1743181041989220 0
1743181041989844 0
1743181041990470 0
1743181041991095 0
1743181041991720 0
1743181041992344 0
1743181041992970 0
1743181041993594 0
1743181041994219 0
1743181041994844 0
1743181041995469 0
1743181041996094 0
1743181041996719 0
1743181041997345 0
1743181041997969 0
1743181041998594 0
1743181041999219 0
1743181041999844 0
1743181042000470 0
1743181042001095 0
1743181042001718 0
1743181042002344 0
1743181042002969 0
1743181042003594 0
1743181042004219 0
1743181042004844 0
1743181042005469 0
1743181042006094 0
1743181042006719 0
1743181042007344 0
1743181042007969 1291
1743181042008594 2047
1743181042009220 2047
1743181042009844 2047
1743181042010469 2047
1743181042011094 2047
1743181042011719 2047
1743181042012344 2047
1743181042012969 2047
1743181042013595 2047
1743181042014220 2047
1743181042014844 2047
1743181042015470 2047
1743181042016095 2047
1743181042016719 2047
1743181042017345 2047
1743181042017969 2047
1743181042018595 2047
1743181042019219 2047
1743181042019845 2047
1743181042020470 2047
1743181042021095 2047
1743181042021719 2047
1743181042022344 2047
1743181042022970 2047
1743181042023595 2047
1743181042024219 2047
1743181042024845 2047
1743181042025470 2047
1743181042026095 2047
1743181042026720 2047
1743181042027344 2047
1743181042027970 2047
1743181042028595 2047
1743181042029220 2047
1743181042029844 2047
1743181042030469 2047
1743181042031095 2047
1743181042031719 2047
1743181042032345 2047
1743181042032970 2047
1743181042033595 2047
1743181042034220 2047
1743181042034844 2047
1743181042035470 2047
1743181042036095 2047
1743181042036719 2047
1743181042037345 2047
1743181042037969 2047
1743181042038595 2047
1743181042039220 2047
1743181042039844 2047
1743181042040470 2047
1743181042041095 2047
1743181042041719 2047
1743181042042345 2047
1743181042042970 2047
1743181042043595 2047
1743181042044220 2047
1743181042044845 2047
1743181042045470 2047
1743181042046095 2047
1743181042046720 2047
1743181042047344 2047
1743181042047970 2047
1743181042048594 2047
1743181042049220 2047
1743181042049844 2047
1743181042050469 2047
1743181042051095 2047
1743181042051719 2047
1743181042052345 2047
1743181042052970 2047
1743181042053594 2047
1743181042054220 2047
1743181042054844 2047
1743181042055469 2047
1743181042056094 2047
1743181042056719 2047
1743181042057345 2047
1743181042057969 2047
1743181042058594 0
1743181042059219 0
1743181042059844 0
1743181042060469 0
1743181042061095 0
1743181042061719 0
1743181042062344 0
1743181042062969 0
1743181042063594 0
1743181042064219 0
1743181042064844 0
1743181042065469 0
1743181042066095 0
1743181042066719 0
1743181042067344 0
1743181042067969 0
1743181042068594 0
1743181042069220 0
1743181042069843 0
1743181042070470 0
1743181042071094 0
1743181042071719 0
1743181042072344 0
1743181042072969 0
1743181042073594 0
1743181042074220 0
1743181042074844 0
1743181042075469 0
1743181042076094 0
1743181042076719 0
1743181042077345 0
1743181042077969 0
1743181042078595 0
1743181042079219 0
1743181042079844 0
1743181042080469 0
1743181042081095 0
1743181042081718 0
1743181042082345 0
1743181042082970 0
1743181042083594 0
1743181042084219 0
1743181042084844 0
1743181042085470 0
1743181042086094 0
1743181042086720 0
1743181042087344 0
1743181042087970 0
1743181042088594 0
1743181042089220 0
1743181042089844 0
1743181042090469 0
1743181042091096 0
1743181042091720 0
1743181042092344 0
1743181042092970 0
1743181042093595 0
1743181042094220 0
1743181042094845 0
1743181042095470 0
1743181042096095 0
1743181042096720 0
1743181042097345 0
1743181042097970 0
1743181042098594 0
1743181042099220 0
1743181042099845 0
1743181042100470 0
1743181042101096 0
1743181042101719 0
1743181042102345 0
1743181042102969 0
1743181042103596 0
1743181042104219 0
1743181042104844 0
1743181042105470 0
1743181042106094 0
1743181042106720 0
1743181042107345 -1
1743181042107970 0
1743181042108595 2047
1743181042109221 2047
1743181042109843 2047
1743181042110469 2047
1743181042111094 2047
1743181042111720 2047
1743181042112345 2047
1743181042112970 2047
1743181042113595 2047
1743181042114220 2047
1743181042114845 2047
1743181042115470 2047
1743181042116095 2047
1743181042116719 2047
1743181042117345 2047
1743181042117970 2047
1743181042118594 2047
1743181042119220 2047
1743181042119844 2047
1743181042120470 2047
1743181042121096 2047
1743181042121719 2047
1743181042122345 2047
1743181042122969 2047
1743181042123595 2047
1743181042124220 2047
1743181042124845 2047
1743181042125470 2047
1743181042126094 2047
1743181042126720 2047
1743181042127345 2047
1743181042127969 2047
1743181042128595 2047
1743181042129220 2047
1743181042129844 2047
1743181042130470 2047
1743181042131095 2047
1743181042131720 2047
1743181042132344 2047
1743181042132983 2047
1743181042133596 2047
1743181042134219 2047
1743181042134845 2047
1743181042135469 2047
1743181042136095 2047
1743181042136720 2047
1743181042137345 2047
1743181042137970 2047
1743181042138594 2047
1743181042139219 2047
1743181042139845 2047
1743181042140469 2047
1743181042141096 2047
1743181042141719 2047
1743181042142345 2047
1743181042142970 2047
1743181042143594 2047
1743181042144220 2047
1743181042144844 2047
1743181042145471 2047
1743181042146094 2047
1743181042146720 2047
1743181042147345 2047
1743181042147969 2047
1743181042148595 2047
1743181042149220 2047
1743181042149844 2047
1743181042150470 2047
1743181042151095 2047
1743181042151720 2047
1743181042152344 2047
1743181042152969 2047
1743181042153596 2047
1743181042154219 2047
1743181042154845 2047
1743181042155469 2047
1743181042156095 2047
1743181042156720 2047
1743181042157345 2047
1743181042157971 2047
1743181042158594 0
1743181042159219 0
1743181042159845 0
1743181042160469 0
1743181042161096 0
1743181042161718 0
1743181042162345 0
1743181042162970 0
1743181042163595 0
1743181042164220 0
1743181042164844 0
1743181042165470 0
1743181042166095 0
1743181042166719 0
1743181042167345 0
1743181042167969 0
1743181042168595 0
1743181042169221 0
1743181042169844 0
1743181042170470 0
1743181042171094 0
1743181042171720 0
1743181042172345 0
1743181042172969 0
1743181042173595 0
1743181042174220 0
1743181042174845 0
1743181042175469 0
1743181042176095 0
1743181042176720 0
1743181042177345 0
1743181042177970 0
1743181042178594 0
1743181042179220 0
1743181042179845 0
1743181042180469 0
1743181042181095 0
1743181042181719 0
1743181042182345 0
1743181042182970 0
1743181042183594 0
1743181042184220 0
1743181042184844 0
1743181042185470 0
1743181042186095 0
1743181042186719 0
1743181042187345 0
1743181042187970 0
1743181042188595 0
1743181042189220 0
1743181042189844 0
1743181042190470 0
1743181042191095 0
1743181042191720 0
1743181042192345 0
1743181042192969 0
1743181042193595 0
1743181042194220 0
1743181042194844 0
1743181042195471 0
1743181042196094 0
1743181042196720 0
1743181042197344 0
1743181042197970 0
1743181042198595 0
1743181042199220 0
1743181042199845 0
1743181042200469 0
1743181042201096 0
1743181042201719 0
1743181042202344 0
1743181042202970 0
1743181042203594 0
1743181042204220 0
1743181042204845 0
1743181042205470 0
1743181042206095 0
1743181042206719 0
1743181042207345 0
1743181042207970 0
1743181042208594 2047
1743181042209221 2047
1743181042209844 2047
1743181042210470 2047
1743181042211094 2047
1743181042211720 2047
1743181042212346 2047
1743181042212969 2047
1743181042213595 2047
1743181042214219 2047
1743181042214845 2047
1743181042215470 2047
1743181042216094 2047
1743181042216720 2047
1743181042217345 2047
1743181042217970 2047
1743181042218595 2047
1743181042219219 2047
1743181042219845 2047
1743181042220470 2047
1743181042221095 2047
1743181042221719 2047
1743181042222344 2047
1743181042222970 2047
1743181042223594 2047
1743181042224220 2047
1743181042224845 2047
1743181042225469 2047
1743181042226095 2047
1743181042226719 2047
1743181042227345 2047
1743181042227970 2047
1743181042228594 2047
1743181042229221 2047
1743181042229844 2047
1743181042230470 2047
1743181042231095 2047
1743181042231719 2047
1743181042232344 2047
1743181042232970 2047
1743181042233595 2047
1743181042234220 2047
1743181042234845 2047
1743181042235470 2047
1743181042236094 2047
1743181042236720 2047
1743181042237345 2047
1743181042237969 2047
1743181042238595 2047
1743181042239219 2047
1743181042239845 2047
1743181042240469 2047
1743181042241095 2047
1743181042241719 2047
1743181042242345 2047
1743181042242970 2047
1743181042243594 2047
1743181042244220 2047
1743181042244845 2047
1743181042245469 2047
1743181042246095 2047
1743181042246720 2047
1743181042247345 2047
1743181042247970 2047
1743181042248595 2047
1743181042249221 2047
1743181042249844 2047
1743181042250469 2047
1743181042251095 2047
1743181042251719 2047
1743181042252345 2047
1743181042252969 2047
1743181042253595 2047
1743181042254220 2047
1743181042254845 2047
1743181042255469 2047
1743181042256094 2047
1743181042256720 2047
1743181042257345 2047
1743181042257970 2047
1743181042258597 0
1743181042259220 0
1743181042259845 0
1743181042260470 0
1743181042261097 0
1743181042261717 0
1743181042262344 0
1743181042262970 0
1743181042263595 0
1743181042264219 0
1743181042264844 0
1743181042265470 0
1743181042266095 0
1743181042266720 0
1743181042267344 0
1743181042267970 0
1743181042268594 0
1743181042269220 0
1743181042269844 0
1743181042270469 0
1743181042271095 0
1743181042271720 0
1743181042272345 0
1743181042272969 0
1743181042273595 0
1743181042274220 0
1743181042274844 0
1743181042275470 0
1743181042276094 0
1743181042276720 0
1743181042277345 0
1743181042277969 0
1743181042278595 0
1743181042279219 0
1743181042279845 0
1743181042280469 0
1743181042281095 0
1743181042281719 0
1743181042282344 0
1743181042282969 0
1743181042283594 0
1743181042284219 0
1743181042284845 0
1743181042285470 0
1743181042286094 0
1743181042286720 0
1743181042287344 0
1743181042287970 0
1743181042288595 0
1743181042289220 0
1743181042289844 0
1743181042290469 0
1743181042291095 0
1743181042291719 0
1743181042292345 0
1743181042292970 0
1743181042293595 0
1743181042294220 0
1743181042294844 0
1743181042295470 0
1743181042296095 0
1743181042296719 0
1743181042297345 0
1743181042297969 0
1743181042298595 0
1743181042299220 0
1743181042299844 0
1743181042300470 0
1743181042301095 0
1743181042301719 0
1743181042302344 0
1743181042302969 0
1743181042303595 0
1743181042304220 0
1743181042304845 0
1743181042305470 0
1743181042306095 0
1743181042306719 0
1743181042307344 0
1743181042307969 0
1743181042308595 0
1743181042309220 2047
1743181042309844 2047
1743181042310470 2047
1743181042311095 2047
1743181042311720 2047
1743181042312345 2047
1743181042312970 2047
1743181042313594 2047
1743181042314219 2047
1743181042314844 2047
1743181042315469 2047
1743181042316094 2047
1743181042316719 2047
1743181042317345 2047
1743181042317969 2047
1743181042318594 2047
1743181042319219 2047
1743181042319844 2047
1743181042320469 2047
1743181042321095 2047
1743181042321718 2047
1743181042322344 2047
1743181042322969 2047
1743181042323594 2047
1743181042324219 2047
1743181042324844 2047
1743181042325469 2047
1743181042326094 2047
1743181042326719 2047
1743181042327344 2047
1743181042327969 2047
1743181042328594 2047
1743181042329220 2047
1743181042329844 2047
1743181042330470 2047
1743181042331095 2047
1743181042331720 2047
1743181042332344 2047
1743181042332969 2047
1743181042333595 2047
1743181042334220 2047
1743181042334844 2047
1743181042335469 2047
1743181042336095 2047
1743181042336720 2047
1743181042337345 2047
1743181042337969 2047
1743181042338595 2047
1743181042339220 2047
1743181042339845 2047
1743181042340470 2047
1743181042341095 2047
1743181042341719 2047
1743181042342345 2047
1743181042342969 2047
1743181042343595 2047
1743181042344219 2047
1743181042344844 2047
1743181042345470 2047
1743181042346095 2047
1743181042346720 2047
1743181042347344 2047
1743181042347969 2047
1743181042348595 2047
1743181042349220 2047
1743181042349844 2047
1743181042350470 2047
1743181042351095 2047
1743181042351720 2047
1743181042352344 2047
1743181042352970 2047
1743181042353594 2047
1743181042354220 2047
1743181042354845 2047
1743181042355469 2047
1743181042356094 2047
1743181042356719 2047
1743181042357344 2047
1743181042357969 2047
1743181042358594 2047
1743181042359219 0
1743181042359844 0
1743181042360469 0
1743181042361095 0
1743181042361718 0
1743181042362344 0
1743181042362969 0
1743181042363594 0
1743181042364219 0
1743181042364844 0
1743181042365469 0
1743181042366094 0
1743181042366719 0
1743181042367344 0
1743181042367969 0
1743181042368594 0
1743181042369220 0
1743181042369844 0
1743181042370469 0
1743181042371097 0
1743181042371719 0
1743181042372344 0
1743181042372969 0
1743181042373595 0
1743181042374220 0
1743181042374845 0
1743181042375469 0
1743181042376094 0
1743181042376719 0
1743181042377345 0
1743181042377970 0
1743181042378594 0
1743181042379220 0
1743181042379844 0
1743181042380469 0
1743181042381096 0
1743181042381719 0
1743181042382344 0
1743181042382969 0
1743181042383595 0
1743181042384219 0
1743181042384845 0
1743181042385470 0
1743181042386094 0
1743181042386720 0
1743181042387345 0
1743181042387970 0
1743181042388595 0
1743181042389220 0
1743181042389844 0
1743181042390470 0
1743181042391094 0
1743181042391720 0
1743181042392344 0
1743181042392970 0
1743181042393594 0
1743181042394219 0
1743181042394844 0
1743181042395469 0
1743181042396094 0
1743181042396719 0
1743181042397344 0
1743181042397969 0
1743181042398594 0
1743181042399219 0
1743181042399844 0
1743181042400469 0
1743181042401095 0
1743181042401718 0
1743181042402344 0
1743181042402969 0
1743181042403594 0
1743181042404219 0
1743181042404844 0
1743181042405469 0
1743181042406094 0
1743181042406719 0
1743181042407345 0
1743181042407969 0
1743181042408594 242
1743181042409220 2047
1743181042409844 2047
1743181042410469 2047
1743181042411094 2047
1743181042411719 2047
1743181042412344 2047
1743181042412969 2047
1743181042413595 2047
1743181042414219 2047
1743181042414845 2047
1743181042415469 2047
1743181042416095 2047
1743181042416720 2047
1743181042417345 2047
1743181042417970 2047
1743181042418594 2047
1743181042419220 2047
1743181042419845 2047
1743181042420469 2047
1743181042421095 2047
1743181042421719 2047
1743181042422345 2047
1743181042422970 2047
1743181042423595 2047
1743181042424220 2047
1743181042424844 2047
1743181042425470 2047
1743181042426095 2047
1743181042426720 2047
1743181042427345 2047
1743181042427969 2047
1743181042428595 2047
1743181042429220 2047
1743181042429844 2047
1743181042430470 2047
1743181042431094 2047
1743181042431720 2047
1743181042432344 2047
1743181042432970 2047
1743181042433594 2047
1743181042434219 2047
1743181042434844 2047
1743181042435469 2047
1743181042436094 2047
1743181042436719 2047
1743181042437344 2047
1743181042437969 2047
1743181042438594 2047
1743181042439219 2047
1743181042439844 2047
1743181042440469 2047
1743181042441095 2047
1743181042441718 2047
1743181042442344 2047
1743181042442969 2047
1743181042443594 2047
1743181042444219 2047
1743181042444844 2047
1743181042445469 2047
1743181042446095 2047
1743181042446719 2047
1743181042447344 2047
1743181042447969 2047
1743181042448594 2047
1743181042449220 2047
1743181042449843 2047
1743181042450469 2047
1743181042451094 2047
1743181042451719 2047
1743181042452344 2047
1743181042452969 2047
1743181042453594 2047
1743181042454219 2047
1743181042454844 2047
1743181042455469 2047
1743181042456094 2047
1743181042456719 2047
1743181042457344 2047
1743181042457969 2047
1743181042458594 2047
1743181042459219 0
1743181042459844 0
1743181042460469 0
1743181042461095 0
1743181042461718 0
1743181042462344 0
1743181042462969 -1
1743181042463594 0
1743181042464219 0
1743181042464844 0
1743181042465469 0
1743181042466095 0
1743181042466719 0
1743181042467344 0
1743181042467969 0
1743181042468594 0
1743181042469220 0
1743181042469843 0
1743181042470469 0
1743181042471094 0
1743181042471719 0
1743181042472344 0
1743181042472969 0
1743181042473594 0
1743181042474219 0
1743181042474844 0
1743181042475470 0
1743181042476094 0
1743181042476719 0
1743181042477344 0
1743181042477969 0
1743181042478595 0
1743181042479219 0
1743181042479845 0
1743181042480469 0
1743181042481095 0
1743181042481719 0
1743181042482344 0
1743181042482969 0
1743181042483594 0
1743181042484219 0
1743181042484844 0
1743181042485469 0
1743181042486094 0
1743181042486719 0
1743181042487344 0
1743181042487969 0
1743181042488594 0
1743181042489220 0
1743181042489845 0
1743181042490468 0
1743181042491094 0
1743181042491719 0
1743181042492344 0
1743181042492969 0
1743181042493596 0
1743181042494219 0
1743181042494844 0
1743181042495469 0
1743181042496094 0
1743181042496719 0
1743181042497344 0
1743181042497969 0
1743181042498594 0
1743181042499219 0
1743181042499844 0
1743181042500469 0
1743181042501094 0
1743181042501719 0
1743181042502344 0
1743181042502969 0
1743181042503594 0
1743181042504219 0
1743181042504844 0
1743181042505469 0
1743181042506094 0
1743181042506719 0
1743181042507344 0
1743181042507969 0
1743181042508594 0
1743181042509220 2047
1743181042509844 2047
1743181042510469 2047
1743181042511094 2047
1743181042511719 2047
1743181042512344 2047
1743181042512969 2047
1743181042513595 2047
1743181042514220 2047
1743181042514844 2047
1743181042515470 2047
1743181042516095 2047
1743181042516720 2047
1743181042517345 2047
1743181042517970 2047
1743181042518595 2047
1743181042519219 2047
1743181042519845 2047
1743181042520469 2047
1743181042521095 2047
1743181042521719 2047
1743181042522344 2047
1743181042522970 2047
1743181042523594 2047
1743181042524219 2047
1743181042524845 2047
1743181042525470 2047
1743181042526095 2047
1743181042526719 2047
1743181042527344 2047
1743181042527970 2047
1743181042528594 2047
1743181042529221 2047
1743181042529844 2047
1743181042530469 2047
1743181042531095 2047
1743181042531719 2047
1743181042532345 2047
1743181042532969 2047
1743181042533595 2047
1743181042534220 2047
1743181042534844 2047
1743181042535470 2047
1743181042536094 2047
1743181042536719 2047
1743181042537345 2047
1743181042537970 2047
1743181042538595 2047
1743181042539219 2047
1743181042539845 2047
1743181042540470 2047
1743181042541095 2047
1743181042541719 2047
1743181042542344 2047
1743181042542970 2047
1743181042543594 2047
1743181042544219 2047
1743181042544845 2047
1743181042545469 2047
1743181042546095 2047
1743181042546720 2047
1743181042547345 2047
1743181042547970 2047
1743181042548594 2047
1743181042549220 2047
1743181042549844 2047
1743181042550469 2047
1743181042551095 2047
1743181042551719 2047
1743181042552345 2047
1743181042552970 2047
1743181042553594 2047
1743181042554219 2047
1743181042554844 2047
1743181042555469 2047
1743181042556094 2047
1743181042556719 2047
1743181042557344 2047
1743181042557969 2047
1743181042558594 2047
1743181042559219 0
1743181042559844 0
1743181042560469 0
1743181042561095 0
1743181042561719 0
1743181042562344 0
1743181042562969 0
1743181042563594 0
1743181042564219 0
1743181042564844 0
1743181042565469 0
1743181042566094 0
1743181042566719 0
1743181042567344 0
1743181042567969 0
1743181042568594 0
1743181042569220 0
1743181042569844 0
1743181042570469 0
1743181042571094 0
1743181042571719 0
1743181042572344 0
1743181042572969 0
1743181042573594 0
1743181042574219 0
1743181042574844 0
1743181042575469 0
1743181042576094 0
1743181042576719 0
1743181042577344 0
1743181042577969 0
1743181042578594 0
1743181042579219 0
1743181042579844 0
1743181042580469 0
1743181042581095 0
1743181042581719 0
1743181042582344 0
1743181042582969 0
1743181042583594 0
1743181042584219 0
1743181042584844 0
1743181042585469 0
1743181042586094 0
1743181042586720 0
1743181042587344 0
1743181042587970 0
1743181042588595 0
1743181042589220 0
1743181042589843 0
1743181042590469 0
1743181042591094 0
1743181042591719 0
1743181042592344 0
1743181042592969 0
1743181042593595 0
1743181042594220 0
1743181042594844 0
1743181042595470 0
1743181042596095 0
1743181042596719 0
1743181042597345 0
1743181042597970 0
1743181042598595 0
1743181042599220 0
1743181042599845 0
1743181042600470 0
1743181042601095 0
1743181042601720 0
1743181042602345 0
1743181042602970 0
1743181042603594 0
1743181042604219 0
1743181042604845 0
1743181042605470 0
1743181042606094 0
1743181042606719 0
1743181042607344 0
1743181042607970 0
1743181042608595 0
1743181042609220 1291
1743181042609844 2047
1743181042610469 2047
1743181042611095 2047
1743181042611720 2047
1743181042612344 2047
1743181042612970 2047
1743181042613594 2047
1743181042614219 2047
1743181042614844 2047
1743181042615469 2047
1743181042616094 2047
1743181042616719 2047
1743181042617344 2047
1743181042617969 2047
1743181042618594 2047
1743181042619219 2047
1743181042619844 2047
1743181042620469 2047
1743181042621095 2047
1743181042621719 2047
1743181042622344 2047
1743181042622969 2047
1743181042623595 2047
1743181042624219 2047
1743181042624844 2047
1743181042625470 2047
1743181042626094 2047
1743181042626719 2047
1743181042627344 2047
1743181042627969 2047
1743181042628594 2047
1743181042629220 2047
1743181042629844 2047
1743181042630469 2047
1743181042631094 2047
1743181042631720 2047
1743181042632344 2047
1743181042632969 2047
1743181042633594 2047
1743181042634219 2047
1743181042634844 2047
1743181042635469 2047
1743181042636094 2047
1743181042636719 2047
1743181042637344 2047
1743181042637969 2047
1743181042638594 2047
1743181042639220 2047
1743181042639844 2047
1743181042640469 2047
1743181042641095 2047
1743181042641718 2047
1743181042642344 2047
1743181042642969 2047
1743181042643594 2047
1743181042644219 2047
1743181042644844 2047
1743181042645469 2047
1743181042646094 2047
1743181042646719 2047
1743181042647344 2047
1743181042647969 2047
1743181042648594 2047
1743181042649220 2047
1743181042649844 2047
1743181042650469 2047
1743181042651094 2047
1743181042651719 2047
1743181042652344 2047
1743181042652969 2047
1743181042653595 2047
1743181042654220 2047
1743181042654845 2047
1743181042655470 2047
1743181042656095 2047
1743181042656720 2047
1743181042657345 2047
1743181042657970 2047
1743181042658594 2047
1743181042659220 1291
1743181042659844 0
1743181042660470 0
1743181042661095 0
1743181042661719 0
1743181042662345 0
1743181042662969 0
1743181042663595 0
1743181042664220 0
1743181042664844 0
1743181042665470 0
1743181042666095 0
1743181042666720 0
1743181042667345 0
1743181042667969 0
1743181042668595 0
1743181042669220 0
1743181042669844 0
1743181042670470 0
1743181042671094 0
1743181042671720 0
1743181042672345 0
1743181042672970 0
1743181042673594 0
1743181042674219 0
1743181042674844 0
1743181042675469 0
1743181042676094 0
1743181042676719 0
1743181042677344 0
1743181042677969 0
1743181042678594 0
1743181042679219 0
1743181042679844 0
1743181042680469 0
1743181042681095 0
1743181042681718 0
1743181042682344 0
1743181042682969 0
1743181042683594 0
1743181042684219 0
1743181042684844 0
1743181042685470 0
1743181042686094 0
1743181042686719 0
1743181042687344 0
1743181042687969 0
1743181042688595 0
1743181042689220 0
1743181042689844 0
1743181042690470 0
1743181042691094 0
1743181042691720 0
1743181042692344 0
1743181042692969 0
1743181042693595 0
1743181042694219 0
1743181042694845 0
1743181042695469 0
1743181042696095 0
1743181042696720 0
1743181042697344 0
1743181042697970 0
1743181042698594 0
1743181042699220 0
1743181042699845 0
1743181042700469 0
1743181042701096 0
1743181042701719 0
1743181042702345 0
1743181042702970 0
1743181042703594 0
1743181042704220 0
1743181042704844 0
1743181042705470 0
1743181042706095 0
1743181042706719 0
1743181042707345 0
1743181042707970 0
1743181042708595 0
1743181042709220 0
1743181042709844 2047
1743181042710470 2047
1743181042711094 2047
1743181042711719 2047
1743181042712345 2047
1743181042712969 2047
1743181042713594 2047
1743181042714219 2047
1743181042714844 2047
1743181042715469 2047
1743181042716094 2047
1743181042716719 2047
1743181042717344 2047
1743181042717969 2047
1743181042718594 2047
1743181042719219 2047
1743181042719844 2047
1743181042720469 2047
1743181042721095 2047
1743181042721718 2047
1743181042722344 2047
1743181042722969 2047
1743181042723594 2047
1743181042724220 2047
1743181042724844 2047
1743181042725469 2047
1743181042726095 2047
1743181042726719 2047
1743181042727344 2047
1743181042727969 2047
1743181042728594 2047
1743181042729220 2047
1743181042729843 2047
1743181042730469 2047
1743181042731094 2047
1743181042731719 2047
1743181042732344 2047
1743181042732969 2047
1743181042733595 2047
1743181042734220 2047
1743181042734844 2047
1743181042735470 2047
1743181042736094 2047
1743181042736720 2047
1743181042737345 2047
1743181042737970 2047
1743181042738595 2047
1743181042739219 2047
1743181042739845 2047
1743181042740470 2047
1743181042741095 2047
1743181042741719 2047
1743181042742344 2047
1743181042742970 2047
1743181042743595 2047
1743181042744220 2047
1743181042744844 2047
1743181042745470 2047
1743181042746095 2047
1743181042746719 2047
1743181042747344 2047
1743181042747969 2047
1743181042748595 2047
1743181042749221 2047
1743181042749844 2047
1743181042750470 2047
1743181042751095 2047
1743181042751720 2047
1743181042752345 2047
1743181042752970 2047
1743181042753594 2047
1743181042754219 2047
1743181042754844 2047
1743181042755469 2047
1743181042756094 2047
1743181042756719 2047
1743181042757344 2047
1743181042757969 2047
1743181042758594 2047
1743181042759219 2047
1743181042759844 0
1743181042760469 0
1743181042761095 0
1743181042761719 0
1743181042762344 0
1743181042762969 0
1743181042763594 0
1743181042764219 0
1743181042764844 0
1743181042765469 0
1743181042766094 0
1743181042766719 0
1743181042767344 0
1743181042767969 0
1743181042768594 0
1743181042769220 0
1743181042769844 0
1743181042770469 0
1743181042771094 0
1743181042771719 0
1743181042772344 0
1743181042772969 0
1743181042773594 0
1743181042774219 0
1743181042774844 0
1743181042775469 0
1743181042776094 0
1743181042776719 0
1743181042777344 0
1743181042777969 0
1743181042778594 0
1743181042779219 0
1743181042779844 0
1743181042780469 0
1743181042781095 0
1743181042781719 0
1743181042782344 0
1743181042782969 0
1743181042783594 0
1743181042784220 0
1743181042784844 0
1743181042785469 0
1743181042786094 0
1743181042786719 0
1743181042787344 0
1743181042787969 0
1743181042788594 0
1743181042789220 0
1743181042789844 0
1743181042790469 0
1743181042791094 0
1743181042791719 0
1743181042792344 0
1743181042792969 0
1743181042793594 0
1743181042794219 0
1743181042794844 0
1743181042795469 0
1743181042796094 0
1743181042796720 0
1743181042797344 0
1743181042797969 0
1743181042798594 0
1743181042799219 0
1743181042799844 0
1743181042800469 0
1743181042801095 0
1743181042801719 0
1743181042802344 0
1743181042802969 0
1743181042803594 0
1743181042804219 0
1743181042804844 0
1743181042805469 0
1743181042806094 0
1743181042806719 0
1743181042807344 0
1743181042807969 0
1743181042808594 0
1743181042809220 0
1743181042809843 2047
1743181042810469 2047
1743181042811094 2047
1743181042811719 2047
1743181042812344 2047
1743181042812969 2047
1743181042813594 2047
1743181042814219 2047
1743181042814844 2047
1743181042815470 2047
1743181042816094 2047
1743181042816719 2047
1743181042817344 2047
1743181042817969 2047
1743181042818594 2047
1743181042819219 2047
1743181042819844 2047
1743181042820469 2047
1743181042821095 2047
1743181042821719 2047
1743181042822344 2047
1743181042822969 2047
1743181042823594 2047
1743181042824219 2047
1743181042824844 2047
1743181042825469 2047
1743181042826094 2047
1743181042826719 2047
1743181042827344 2047
1743181042827969 2047
1743181042828594 2047
1743181042829220 2047
1743181042829844 2047
1743181042830469 2047
1743181042831094 2047
1743181042831719 2047
1743181042832344 2047
1743181042832969 2047
1743181042833594 2047
1743181042834219 2047
1743181042834844 2047
1743181042835469 2047
1743181042836094 2047
1743181042836719 2047
1743181042837344 2047
1743181042837969 2047
1743181042838594 2047
1743181042839219 2047
1743181042839844 2047
1743181042840469 2047
1743181042841095 2047
1743181042841718 2047
1743181042842344 2047
1743181042842969 2047
1743181042843594 2047
1743181042844219 2047
1743181042844844 2047
1743181042845469 2047
1743181042846095 2047
1743181042846719 2047
1743181042847344 2047
1743181042847969 2047
1743181042848594 2047
1743181042849220 2047
1743181042849843 2047
1743181042850469 2047
1743181042851094 2047
1743181042851719 2047
1743181042852344 2047
1743181042852970 2047
1743181042853594 2047
1743181042854219 2047
1743181042854844 2047
1743181042855469 2047
1743181042856094 2047
1743181042856719 2047
1743181042857344 2047
1743181042857969 2047
1743181042858594 2047
1743181042859219 2047
1743181042859844 0
1743181042860469 0
1743181042861095 0
1743181042861718 0
1743181042862344 0
1743181042862969 0
1743181042863594 0
1743181042864219 0
1743181042864844 0
1743181042865469 0
1743181042866094 0
1743181042866719 0
1743181042867344 0
1743181042867969 0
1743181042868595 0
1743181042869220 0
1743181042869844 0
1743181042870469 0
1743181042871094 0
1743181042871719 0
1743181042872344 0
1743181042872969 0
1743181042873595 0
1743181042874220 0
1743181042874845 0
1743181042875470 0
1743181042876095 0
1743181042876719 0
1743181042877345 0
1743181042877969 0
1743181042878595 0
1743181042879220 0
1743181042879845 0
1743181042880470 0
1743181042881095 0
1743181042881719 0
1743181042882345 0
1743181042882970 0
1743181042883595 0
1743181042884219 0
1743181042884844 0
1743181042885470 0
1743181042886095 0
1743181042886720 0
1743181042887344 0
1743181042887969 0
1743181042888595 0
1743181042889220 0
1743181042889844 0
1743181042890469 0
1743181042891095 0
1743181042891720 0
1743181042892345 0
1743181042892970 0
1743181042893594 0
1743181042894219 0
1743181042894844 0
1743181042895469 0
1743181042896094 0
1743181042896719 0
1743181042897344 0
1743181042897969 0
1743181042898594 0
1743181042899219 0
1743181042899844 0
1743181042900469 0
1743181042901095 0
1743181042901719 0
1743181042902344 0
1743181042902969 0
1743181042903594 0
1743181042904219 0
1743181042904844 0
1743181042905470 0
1743181042906094 0
1743181042906719 0
1743181042907344 0
1743181042907969 0
1743181042908594 0
1743181042909219 0
1743181042909844 2047
1743181042910469 2047
1743181042911094 2047
1743181042911719 2047
1743181042912344 2047
1743181042912969 2047
1743181042913594 2047
1743181042914219 2047
1743181042914844 2047
1743181042915469 2047
1743181042916094 2047
1743181042916719 2047
1743181042917345 2047
1743181042917969 2047
1743181042918594 2047
1743181042919219 2047
1743181042919844 2047
1743181042920469 2047
1743181042921095 2047
1743181042921718 2047
1743181042922344 2047
1743181042922969 2047
1743181042923594 2047
1743181042924219 2047
1743181042924844 2047
1743181042925469 2047
1743181042926094 2047
1743181042926719 2047
1743181042927344 2047
1743181042927969 2047
1743181042928594 2047
1743181042929220 2047
1743181042929844 2047
1743181042930470 2047
1743181042931094 2047
1743181042931719 2047
1743181042932344 2047
1743181042932969 2047
1743181042933594 2047
1743181042934219 2047
1743181042934844 2047
1743181042935469 2047
1743181042936094 2047
1743181042936719 2047
1743181042937344 2047
1743181042937969 2047
1743181042938594 2047
1743181042939220 2047
1743181042939844 2047
1743181042940469 2047
1743181042941095 2047
1743181042941718 2047
1743181042942344 2047
1743181042942969 2047
1743181042943594 2047
1743181042944219 2047
1743181042944844 2047
1743181042945469 2047
1743181042946094 2047
1743181042946719 2047
1743181042947344 2047
1743181042947969 2047
1743181042948594 2047
1743181042949220 2047
1743181042949843 2047
1743181042950469 2047
1743181042951094 2047
1743181042951719 2047
1743181042952344 2047
1743181042952969 2047
1743181042953594 2047
1743181042954219 2047
1743181042954844 2047
1743181042955469 2047
1743181042956094 2047
1743181042956719 2047
1743181042957344 2047
1743181042957969 2047
1743181042958594 2047
1743181042959219 2047
1743181042959844 0
1743181042960469 0
1743181042961095 0
1743181042961719 0
1743181042962344 0
1743181042962969 0
1743181042963594 0
1743181042964219 0
1743181042964844 0
1743181042965470 0
1743181042966094 0
1743181042966719 0
1743181042967344 0
1743181042967969 0
1743181042968594 0
1743181042969220 0
1743181042969844 0
1743181042970469 0
1743181042971094 0
1743181042971719 0
1743181042972344 0
1743181042972969 0
1743181042973595 0
1743181042974220 0
1743181042974845 0
1743181042975469 0
1743181042976095 0
1743181042976720 0
1743181042977345 0
1743181042977970 0
1743181042978595 0
1743181042979220 0
1743181042979845 0
1743181042980469 0
1743181042981096 0
1743181042981719 0
1743181042982344 0
1743181042982970 0
1743181042983594 0
1743181042984220 0
1743181042984844 0
1743181042985470 0
1743181042986095 0
1743181042986720 0
1743181042987345 0
1743181042987970 0
1743181042988595 0
1743181042989221 0
1743181042989844 0
1743181042990470 0
1743181042991094 0
1743181042991720 0
1743181042992345 0
1743181042992969 0
1743181042993594 0
1743181042994219 0
1743181042994844 0
1743181042995469 0
1743181042996094 0
1743181042996719 0
1743181042997344 0
1743181042997970 0
1743181042998594 0
1743181042999219 0
1743181042999845 0
1743181043000469 0
1743181043001095 0
1743181043001718 0
1743181043002344 0
1743181043002969 0
1743181043003594 0
1743181043004219 -1
1743181043004844 0
1743181043005470 0
1743181043006094 0
1743181043006719 0
1743181043007344 0
1743181043007969 0
1743181043008594 0
1743181043009220 0
1743181043009844 1291
1743181043010469 2047
1743181043011094 2047
1743181043011719 2047
1743181043012344 2047
1743181043012969 2047
1743181043013594 2047
1743181043014219 2047
1743181043014844 2047
1743181043015469 2047
1743181043016094 2047
1743181043016719 2047
1743181043017344 2047
1743181043017969 2047
1743181043018594 2047
1743181043019219 2047
1743181043019844 2047
1743181043020469 2047
1743181043021095 2047
1743181043021718 2047
1743181043022344 2047
1743181043022969 2047
1743181043023594 2047
1743181043024219 2047
1743181043024844 2047
1743181043025469 2047
1743181043026094 2047
1743181043026719 2047
1743181043027344 2047
1743181043027969 2047
1743181043028594 2047
1743181043029220 2047
1743181043029843 2047
1743181043030469 2047
1743181043031094 2047
1743181043031719 2047
1743181043032344 2047
1743181043032969 2047
1743181043033595 2047
1743181043034220 2047
1743181043034845 2047
1743181043035470 2047
1743181043036095 2047
1743181043036720 2047
1743181043037345 2047
1743181043037970 2047
1743181043038595 2047
1743181043039220 2047
1743181043039845 2047
1743181043040469 2047
1743181043041096 2047
1743181043041719 2047
1743181043042344 2047
1743181043042969 2047
1743181043043594 2047
1743181043044219 2047
1743181043044844 2047
1743181043045470 2047
1743181043046095 2047
1743181043046720 2047
1743181043047345 2047
1743181043047970 2047
1743181043048595 2047
1743181043049221 2047
1743181043049844 2047
1743181043050470 2047
1743181043051095 2047
1743181043051719 2047
1743181043052344 2047
1743181043052970 2047
1743181043053594 2047
1743181043054219 2047
1743181043054844 2047
1743181043055469 2047
1743181043056094 2047
1743181043056719 2047
1743181043057344 2047
1743181043057969 2047
1743181043058594 2047
1743181043059219 2047
1743181043059844 1291
1743181043060469 0
1743181043061095 0
1743181043061719 0
1743181043062344 0
1743181043062969 0
1743181043063594 0
1743181043064219 0
1743181043064844 0
1743181043065469 0
1743181043066094 0
1743181043066719 0
1743181043067346 0
1743181043067969 0
1743181043068594 0
1743181043069220 0
1743181043069843 0
1743181043070469 0
1743181043071094 0
1743181043071720 0
1743181043072344 0
1743181043072969 0
1743181043073595 0
1743181043074220 0
1743181043074845 0
1743181043075470 0
1743181043076095 0
1743181043076720 0
1743181043077345 0
1743181043077970 0
1743181043078594 0
1743181043079219 0
1743181043079846 0
1743181043080470 0
1743181043081096 0
1743181043081719 0
1743181043082345 0
1743181043082970 0
1743181043083595 0
1743181043084220 0
1743181043084844 0
1743181043085470 0
1743181043086094 0
1743181043086720 0
1743181043087344 0
1743181043087970 0
1743181043088595 0
1743181043089221 0
1743181043089844 0
1743181043090470 0
1743181043091095 0
1743181043091719 0
1743181043092345 0
1743181043092972 0
1743181043093605 0
1743181043094220 0
1743181043094845 0
1743181043095470 0
1743181043096095 0
1743181043096721 0
1743181043097344 0
1743181043097970 0
1743181043098595 0
1743181043099219 0
1743181043099845 0
1743181043100470 0
1743181043101096 0
1743181043101719 0
1743181043102344 0
1743181043102970 0
1743181043103594 0
1743181043104219 0
1743181043104845 0
1743181043105470 0
1743181043106095 0
1743181043106720 0
1743181043107344 0
1743181043107970 0
1743181043108594 0
1743181043109220 0
1743181043109844 0
1743181043110469 2047
1743181043111095 2047
1743181043111719 2047
1743181043112345 2047
1743181043112970 2047
1743181043113595 2047
1743181043114219 2047
1743181043114844 2047
1743181043115469 2047
1743181043116094 2047
1743181043116719 2047
1743181043117345 2047
1743181043117970 2047
1743181043118594 2047
1743181043119219 2047
1743181043119844 2047
1743181043120469 2047
1743181043121095 2047
1743181043121719 2047
1743181043122344 2047
1743181043122969 2047
1743181043123595 2047
1743181043124219 2047
1743181043124844 2047
1743181043125469 2047
1743181043126095 2047
1743181043126719 2047
1743181043127344 2047
1743181043127969 2047
1743181043128594 2047
1743181043129220 2047
1743181043129844 2047
1743181043130471 2047
1743181043131094 2047
1743181043131719 2047
1743181043132344 2047
1743181043132969 2047
1743181043133595 2047
1743181043134221 2047
1743181043134844 2047
1743181043135470 2047
1743181043136095 2047
1743181043136719 2047
1743181043137345 2047
1743181043137969 2047
1743181043138596 2047
1743181043139219 2047
1743181043139845 2047
1743181043140470 2047
1743181043141096 2047
1743181043141719 2047
1743181043142345 2047
1743181043142970 2047
1743181043143595 2047
1743181043144219 2047
1743181043144845 2047
1743181043145470 2047
1743181043146095 2047
1743181043146720 2047
1743181043147345 2047
1743181043147970 2047
1743181043148595 2047
1743181043149221 2047
1743181043149844 2047
1743181043150470 2047
1743181043151096 2047
1743181043151719 2047
1743181043152344 2047
1743181043152970 2047
1743181043153595 2047
1743181043154220 2047
1743181043154845 2047
1743181043155470 2047
1743181043156095 2047
1743181043156719 2047
1743181043157345 2047
1743181043157970 2047
1743181043158595 2047
1743181043159220 2047
1743181043159845 2047
1743181043160470 0
1743181043161095 0
1743181043161719 0
1743181043162345 0
1743181043162970 0
1743181043163596 0
1743181043164219 0
1743181043164845 0
1743181043165470 0
1743181043166094 0
1743181043166720 0
1743181043167344 0
1743181043167970 0
1743181043168595 0
1743181043169221 0
1743181043169844 0
1743181043170470 0
1743181043171095 0
1743181043171720 0
1743181043172345 0
1743181043172970 0
1743181043173595 0
1743181043174220 0
1743181043174845 0
1743181043175469 0
1743181043176096 0
1743181043176719 0
1743181043177345 0
1743181043177970 0
1743181043178594 0
1743181043179220 0
1743181043179844 0
1743181043180470 0
1743181043181096 0
1743181043181719 0
1743181043182345 0
1743181043182970 0
1743181043183595 0
1743181043184220 0
1743181043184845 0
1743181043185470 0
1743181043186094 0
1743181043186720 0
1743181043187345 0
1743181043187970 0
1743181043188596 0
1743181043189220 0
1743181043189844 0
1743181043190470 0
1743181043191095 0
1743181043191719 0
1743181043192344 0
1743181043192971 0
1743181043193594 0
1743181043194220 0
1743181043194845 0
1743181043195469 0
1743181043196095 0
1743181043196720 0
1743181043197345 0
1743181043197970 0
1743181043198594 0
1743181043199220 0
1743181043199845 0
1743181043200470 0
1743181043201096 0
1743181043201719 0
1743181043202345 0
1743181043202970 0
1743181043203595 0
1743181043204220 0
1743181043204845 0
1743181043205471 0
1743181043206094 0
1743181043206720 0
1743181043207345 0
1743181043207969 0
1743181043208595 0
1743181043209220 0
1743181043209844 0
1743181043210469 2047
1743181043211095 2047
1743181043211720 2047
1743181043212344 2047
1743181043212970 2047
1743181043213596 2047
1743181043214220 2047
1743181043214845 2047
1743181043215469 2047
1743181043216095 2047
1743181043216720 2047
1743181043217345 2047
1743181043217971 2047
1743181043218594 2047
1743181043219220 2047
1743181043219845 2047
1743181043220469 2047
1743181043221096 2047
1743181043221719 2047
1743181043222345 2047
1743181043222970 2047
1743181043223595 2047
1743181043224220 2047
1743181043224844 2047
1743181043225470 2047
1743181043226094 2047
1743181043226720 2047
1743181043227345 2047
1743181043227970 2047
1743181043228595 2047
1743181043229220 2047
1743181043229844 2047
1743181043230471 2047
1743181043231094 2047
1743181043231720 2047
1743181043232344 2047
1743181043232970 2047
1743181043233594 2047
1743181043234220 2047
1743181043234845 2047
1743181043235470 2047
1743181043236094 2047
1743181043236720 2047
1743181043237345 2047
1743181043237970 2047
1743181043238594 2047
1743181043239220 2047
1743181043239845 2047
1743181043240470 2047
1743181043241095 2047
1743181043241719 2047
1743181043242345 2047
1743181043242971 2047
1743181043243594 2047
1743181043244220 2047
1743181043244845 2047
1743181043245470 2047
1743181043246095 2047
1743181043246720 2047
1743181043247346 2047
1743181043247969 2047
1743181043248595 2047
1743181043249221 2047
1743181043249844 2047
1743181043250470 2047
1743181043251094 2047
1743181043251720 2047
1743181043252345 2047
1743181043252969 2047
1743181043253595 2047
1743181043254219 2047
1743181043254844 2047
1743181043255470 2047
1743181043256094 2047
1743181043256720 2047
1743181043257344 2047
1743181043257969 2047
1743181043258594 2047
1743181043259219 2047
1743181043259844 2047
1743181043260469 0
1743181043261095 0
1743181043261718 0
1743181043262344 0
1743181043262969 0
1743181043263594 0
1743181043264219 0
1743181043264844 0
1743181043265469 0
1743181043266094 0
1743181043266719 0
1743181043267344 0
1743181043267969 0
1743181043268594 0
1743181043269220 0
1743181043269843 0
1743181043270469 0
1743181043271094 0
1743181043271719 0
1743181043272344 0
1743181043272969 0
1743181043273595 0
1743181043274219 0
1743181043274844 0
1743181043275469 0
1743181043276094 0
1743181043276719 0
1743181043277344 0
1743181043277969 0
1743181043278594 0
1743181043279219 0
1743181043279844 0
1743181043280469 0
1743181043281095 0
1743181043281719 0
1743181043282344 0
1743181043282969 0
1743181043283594 0
1743181043284219 0
1743181043284844 0
1743181043285470 0
1743181043286094 0
1743181043286719 0
1743181043287344 0
1743181043287969 0
1743181043288595 0
1743181043289220 0
1743181043289843 0
1743181043290469 0
1743181043291094 0
1743181043291719 0
1743181043292344 0
1743181043292969 0
1743181043293595 0
1743181043294219 0
1743181043294844 0
1743181043295469 0
1743181043296094 0
1743181043296719 -1
1743181043297344 0
1743181043297969 0
1743181043298595 0
1743181043299219 0
1743181043299844 0
1743181043300469 0
1743181043301095 0
1743181043301719 0
1743181043302344 0
1743181043302969 0
1743181043303594 0
1743181043304219 0
1743181043304844 0
1743181043305469 0
1743181043306095 0
1743181043306719 0
1743181043307344 0
1743181043307970 0
1743181043308594 0
1743181043309220 0
1743181043309844 0
1743181043310469 2047
1743181043311094 2047
1743181043311719 2047
1743181043312344 2047
1743181043312969 2047
1743181043313594 2047
1743181043314219 2047
1743181043314844 2047
1743181043315469 2047
1743181043316094 2047
1743181043316720 2047
1743181043317344 2047
1743181043317970 2047
1743181043318594 2047
1743181043319219 2047
1743181043319844 2047
1743181043320469 2047
1743181043321095 2047
1743181043321719 2047
1743181043322344 2047
1743181043322969 2047
1743181043323594 2047
1743181043324219 2047
1743181043324844 2047
1743181043325469 2047
1743181043326094 2047
1743181043326719 2047
1743181043327345 2047
1743181043327969 2047
1743181043328594 2047
1743181043329220 2047
1743181043329843 2047
1743181043330469 2047
1743181043331096 2047
1743181043331719 2047
1743181043332344 2047
1743181043332969 2047
1743181043333595 2047
1743181043334219 2047
1743181043334844 2047
1743181043335469 2047
1743181043336094 2047
1743181043336719 2047
1743181043337345 2047
1743181043337969 2047
1743181043338594 2047
1743181043339219 2047
1743181043339844 2047
1743181043340469 2047
1743181043341095 2047
1743181043341719 2047
1743181043342344 2047
1743181043342969 2047
1743181043343594 2047
1743181043344219 2047
1743181043344844 2047
1743181043345469 2047
1743181043346094 2047
1743181043346719 2047
1743181043347344 2047
1743181043347969 2047
1743181043348594 2047
1743181043349220 2047
1743181043349843 2047
1743181043350469 2047
1743181043351094 2047
1743181043351719 2047
1743181043352344 2047
1743181043352969 2047
1743181043353594 2047
1743181043354219 2047
1743181043354844 2047
1743181043355469 2047
1743181043356094 2047
1743181043356719 2047
1743181043357344 2047
1743181043357969 2047
1743181043358594 2047
1743181043359219 2047
1743181043359844 2047
1743181043360469 0
1743181043361095 0
1743181043361719 0
1743181043362344 0
1743181043362969 0
1743181043363594 0
1743181043364219 0
1743181043364844 0
1743181043365469 0
1743181043366094 0
1743181043366719 0
1743181043367344 0
1743181043367969 0
1743181043368594 0
1743181043369220 0
1743181043369844 0
1743181043370469 0
1743181043371097 0
1743181043371719 0
1743181043372345 0
1743181043372969 0
1743181043373595 0
1743181043374220 0
1743181043374844 0
1743181043375470 0
1743181043376095 0
1743181043376719 0
1743181043377345 0
1743181043377970 0
1743181043378595 0
1743181043379219 0
1743181043379844 0
1743181043380470 0
1743181043381095 0
1743181043381719 0
1743181043382345 0
1743181043382970 0
1743181043383595 0
1743181043384219 0
1743181043384845 0
1743181043385470 0
1743181043386095 0
1743181043386720 0
1743181043387344 0
1743181043387970 0
1743181043388594 0
1743181043389220 0
1743181043389844 0
1743181043390469 0
1743181043391095 0
1743181043391719 0
1743181043392345 0
1743181043392970 0
1743181043393595 0
1743181043394220 0
1743181043394844 0
1743181043395470 0
1743181043396095 0
1743181043396720 0
1743181043397345 0
1743181043397970 0
1743181043398595 0
1743181043399220 0
1743181043399844 0
1743181043400470 0
1743181043401095 0
1743181043401719 0
1743181043402345 0
1743181043402970 0
1743181043403594 0
1743181043404220 0
1743181043404845 0
1743181043405470 0
1743181043406094 0
1743181043406720 0
1743181043407344 0
1743181043407970 0
1743181043408595 0
1743181043409220 0
1743181043409844 0
1743181043410470 887
1743181043411095 2047
1743181043411720 2047
1743181043412345 2047
1743181043412970 2047
1743181043413595 2047
1743181043414220 2047
1743181043414845 2047
1743181043415470 2047
1743181043416095 2047
1743181043416719 2047
1743181043417345 2047
1743181043417969 2047
1743181043418595 2047
1743181043419220 2047
1743181043419844 2047
1743181043420470 2047
1743181043421095 2047
1743181043421719 2047
1743181043422345 2047
1743181043422970 2047
1743181043423595 2047
1743181043424220 2047
1743181043424844 2047
1743181043425470 2047
1743181043426095 2047
1743181043426719 2047
1743181043427344 2047
1743181043427970 2047
1743181043428595 2047
1743181043429220 2047
1743181043429844 2047
1743181043430469 2047
1743181043431095 2047
1743181043431719 2047
1743181043432345 2047
1743181043432970 2047
1743181043433595 2047
1743181043434220 2047
1743181043434845 2047
1743181043435469 2047
1743181043436095 2047
1743181043436719 2047
1743181043437345 2047
1743181043437970 2047
1743181043438594 2047
1743181043439220 2047
1743181043439844 2047
1743181043440470 2047
1743181043441096 2047
1743181043441719 2047
1743181043442345 2047
1743181043442969 2047
1743181043443595 2047
1743181043444220 2047
1743181043444845 2047
1743181043445470 2047
1743181043446095 2047
1743181043446720 2047
1743181043447344 2047
1743181043447970 2047
1743181043448595 2047
1743181043449220 2047
1743181043449844 2047
1743181043450469 2047
1743181043451095 2047
1743181043451720 2047
1743181043452345 2047
1743181043452970 2047
1743181043453595 2047
1743181043454220 2047
1743181043454845 2047
1743181043455469 2047
1743181043456095 2047
1743181043456719 2047
1743181043457344 2047
1743181043457970 2047
1743181043458594 2047
1743181043459219 2047
1743181043459845 2047
1743181043460470 1291
1743181043461095 0
1743181043461719 0
1743181043462345 0
1743181043462970 0
1743181043463595 0
1743181043464220 0
1743181043464844 0
1743181043465470 0
1743181043466095 0
1743181043466720 0
1743181043467345 0
1743181043467969 0
1743181043468595 0
1743181043469220 0
1743181043469844 0
1743181043470470 0
1743181043471094 0
1743181043471720 0
1743181043472344 0
1743181043472970 0
1743181043473595 0
1743181043474220 0
1743181043474845 0
1743181043475469 0
1743181043476095 0
1743181043476719 0
1743181043477345 0
1743181043477970 0
1743181043478595 0
1743181043479220 0
1743181043479844 0
1743181043480470 0
1743181043481095 0
1743181043481719 0
1743181043482345 0
1743181043482970 0
1743181043483595 0
1743181043484220 0
1743181043484844 0
1743181043485470 0
1743181043486094 0
1743181043486720 0
1743181043487345 0
1743181043487970 0
1743181043488595 0
1743181043489220 0
1743181043489844 0
1743181043490470 0
1743181043491094 0
1743181043491719 0
1743181043492345 0
1743181043492969 0
1743181043493595 0
1743181043494220 0
1743181043494845 0
1743181043495469 0
1743181043496095 0
1743181043496720 0
1743181043497345 0
1743181043497970 0
1743181043498594 0
1743181043499220 0
1743181043499845 0
1743181043500469 0
1743181043501095 0
1743181043501719 0
1743181043502345 0
1743181043502970 0
1743181043503595 0
1743181043504220 0
1743181043504844 0
1743181043505470 0
1743181043506094 0
1743181043506720 0
1743181043507345 0
1743181043507969 0
1743181043508594 0
1743181043509220 0
1743181043509844 0
1743181043510470 1291
1743181043511094 2047
1743181043511720 2047
1743181043512344 2047
1743181043512970 2047
1743181043513595 2047
1743181043514219 2047
1743181043514845 2047
1743181043515469 2047
1743181043516095 2047
1743181043516720 2047
1743181043517345 2047
1743181043517970 2047
1743181043518594 2047
1743181043519219 2047
1743181043519844 2047
1743181043520469 2047
1743181043521095 2047
1743181043521719 2047
1743181043522345 2047
1743181043522970 2047
1743181043523594 2047
1743181043524219 2047
1743181043524844 2047
1743181043525470 2047
1743181043526095 2047
1743181043526719 2047
1743181043527345 2047
1743181043527969 2047
1743181043528595 2047
1743181043529220 2047
1743181043529844 2047
1743181043530470 2047
1743181043531095 2047
1743181043531720 2047
1743181043532345 2047
1743181043532970 2047
1743181043533595 2047
1743181043534219 2047
1743181043534844 2047
1743181043535469 2047
1743181043536094 2047
1743181043536719 2047
1743181043537344 2047
1743181043537969 2047
1743181043538594 2047
1743181043539219 2047
1743181043539844 2047
1743181043540469 2047
1743181043541095 2047
1743181043541718 2047
1743181043542344 2047
1743181043542969 2047
1743181043543594 2047
1743181043544219 2047
1743181043544844 2047
1743181043545469 2047
1743181043546094 2047
1743181043546719 2047
1743181043547344 2047
1743181043547969 2047
1743181043548594 2047
1743181043549220 2047
1743181043549843 2047
1743181043550469 2047
1743181043551094 2047
1743181043551719 2047
1743181043552344 2047
1743181043552969 2047
1743181043553594 2047
1743181043554219 2047
1743181043554844 2047
1743181043555469 2047
1743181043556094 2047
1743181043556719 2047
1743181043557344 2047
1743181043557969 2047
1743181043558594 2047
1743181043559219 2047
1743181043559844 2047
1743181043560469 2047
1743181043561095 0
1743181043561718 0
1743181043562344 0
1743181043562969 0
1743181043563594 0
1743181043564219 0
1743181043564844 0
1743181043565469 0
1743181043566094 0
1743181043566719 0
1743181043567344 0
1743181043567969 0
1743181043568594 0
1743181043569220 0
1743181043569844 0
1743181043570469 0
1743181043571094 0
1743181043571719 0
1743181043572344 0
1743181043572969 0
1743181043573594 0
1743181043574219 0
1743181043574844 0
1743181043575469 0
1743181043576094 0
1743181043576719 0
1743181043577344 0
1743181043577969 0
1743181043578594 0
1743181043579219 0
1743181043579844 0
1743181043580469 0
1743181043581095 0
1743181043581719 0
1743181043582344 0
1743181043582969 0
1743181043583594 0
1743181043584219 0
1743181043584844 0
1743181043585469 0
1743181043586094 0
1743181043586720 0
1743181043587344 0
1743181043587969 0
1743181043588594 0
1743181043589220 0
1743181043589843 0
1743181043590469 0
1743181043591095 0
1743181043591719 0
1743181043592344 0
1743181043592969 0
1743181043593595 0
1743181043594220 0
1743181043594844 0
1743181043595469 0
1743181043596094 0
1743181043596719 0
1743181043597345 0
1743181043597969 0
1743181043598594 0
1743181043599219 0
1743181043599844 0
1743181043600469 0
1743181043601095 0
1743181043601719 0
1743181043602344 0
1743181043602969 0
1743181043603594 0
1743181043604219 0
1743181043604844 0
1743181043605469 0
1743181043606094 0
1743181043606719 0
1743181043607344 0
1743181043607970 0
1743181043608594 0
1743181043609220 0
1743181043609843 0
1743181043610469 0
1743181043611094 2047
1743181043611719 2047
1743181043612344 2047
1743181043612969 2047
1743181043613594 2047
1743181043614219 2047
1743181043614844 2047
1743181043615469 2047
1743181043616094 2047
1743181043616720 2047
1743181043617345 2047
1743181043617969 2047
1743181043618594 2047
1743181043619219 2047
1743181043619845 2047
1743181043620469 2047
1743181043621095 2047
1743181043621719 2047
1743181043622344 2047
1743181043622969 2047
1743181043623594 2047
1743181043624219 2047
1743181043624844 2047
1743181043625469 2047
1743181043626094 2047
1743181043626719 2047
1743181043627344 2047
1743181043627969 2047
1743181043628594 2047
1743181043629220 2047
1743181043629844 2047
1743181043630469 2047
1743181043631094 2047
1743181043631719 2047
1743181043632344 2047
1743181043632969 2047
1743181043633595 2047
1743181043634220 2047
1743181043634844 2047
1743181043635470 2047
1743181043636094 2047
1743181043636720 2047
1743181043637345 2047
1743181043637969 2047
1743181043638595 2047
1743181043639220 2047
1743181043639845 2047
1743181043640470 2047
1743181043641095 2047
1743181043641719 2047
1743181043642344 2047
1743181043642970 2047
1743181043643595 2047
1743181043644220 2047
1743181043644845 2047
1743181043645469 2047
1743181043646095 2047
1743181043646720 2047
1743181043647345 2047
1743181043647969 2047
1743181043648595 2047
1743181043649220 2047
1743181043649844 2047
1743181043650469 2047
1743181043651094 2047
1743181043651719 2047
1743181043652345 2047
1743181043652969 2047
1743181043653594 2047
1743181043654220 2047
1743181043654844 2047
1743181043655469 2047
1743181043656095 2047
1743181043656719 2047
1743181043657345 2047
1743181043657969 2047
1743181043658594 2047
1743181043659219 2047
1743181043659844 2047
1743181043660469 2047
1743181043661095 0
1743181043661719 0
1743181043662344 0
1743181043662969 0
1743181043663594 0
1743181043664219 0
1743181043664844 0
1743181043665469 0
1743181043666094 0
1743181043666719 0
1743181043667344 0
1743181043667969 0
1743181043668594 0
1743181043669220 0
1743181043669843 0
1743181043670469 0
1743181043671094 0
1743181043671719 0
1743181043672344 0
1743181043672969 0
1743181043673594 0
1743181043674219 0
1743181043674844 0
1743181043675469 0
1743181043676094 0
1743181043676719 0
1743181043677345 0
1743181043677969 0
1743181043678594 0
1743181043679219 0
1743181043679844 0
1743181043680469 0
1743181043681095 0
1743181043681719 0
1743181043682344 0
1743181043682969 0
1743181043683594 0
1743181043684219 0
1743181043684844 0
1743181043685470 0
1743181043686095 0
1743181043686719 0
1743181043687344 0
1743181043687969 0
1743181043688594 0
1743181043689220 0
1743181043689843 0
1743181043690469 0
1743181043691094 0
1743181043691719 0
1743181043692344 0
1743181043692969 0
1743181043693594 0
1743181043694219 0
1743181043694844 0
1743181043695469 0
1743181043696095 0
1743181043696719 0
1743181043697344 0
1743181043697969 0
1743181043698595 0
1743181043699220 0
1743181043699844 0
1743181043700469 0
1743181043701095 0
1743181043701719 0
1743181043702344 0
1743181043702969 0
1743181043703594 0
1743181043704219 0
1743181043704844 0
1743181043705470 0
1743181043706094 0
1743181043706719 0
1743181043707344 0
1743181043707969 0
1743181043708594 0
1743181043709220 0
1743181043709843 0
1743181043710469 0
1743181043711094 2047
1743181043711719 2047
1743181043712344 2047
1743181043712969 2047
1743181043713595 2047
1743181043714220 2047
1743181043714845 2047
1743181043715470 2047
1743181043716095 2047
1743181043716720 2047
1743181043717345 2047
1743181043717970 2047
1743181043718595 2047
1743181043719220 2047
1743181043719845 2047
1743181043720470 2047
1743181043721095 2047
1743181043721719 2047
1743181043722345 2047
1743181043722970 2047
1743181043723595 2047
1743181043724220 2047
1743181043724845 2047
1743181043725470 2047
1743181043726095 2047
1743181043726720 2047
1743181043727345 2047
1743181043727970 2047
1743181043728595 2047
1743181043729220 2047
1743181043729844 2047
1743181043730469 2047
1743181043731095 2047
1743181043731720 2047
1743181043732344 2047
1743181043732970 2047
1743181043733594 2047
1743181043734219 2047
1743181043734844 2047
1743181043735469 2047
1743181043736094 2047
1743181043736719 2047
1743181043737345 2047
1743181043737969 2047
1743181043738594 2047
1743181043739219 2047
1743181043739844 2047
1743181043740469 2047
1743181043741095 2047
1743181043741718 2047
1743181043742344 2047
1743181043742969 2047
1743181043743594 2047
1743181043744220 2047
1743181043744844 2047
1743181043745470 2047
1743181043746094 2047
1743181043746719 2047
1743181043747344 2047
1743181043747969 2047
1743181043748594 2047
1743181043749220 2047
1743181043749843 2047
1743181043750469 2047
1743181043751094 2047
1743181043751720 2047
1743181043752344 2047
1743181043752969 2047
1743181043753594 2047
1743181043754219 2047
1743181043754845 2047
1743181043755469 2047
1743181043756094 2047
1743181043756720 2047
1743181043757344 2047
1743181043757969 2047
1743181043758594 2047
1743181043759220 2047
1743181043759844 2047
1743181043760469 2047
1743181043761095 0
1743181043761718 0
1743181043762344 0
1743181043762969 0
1743181043763595 0
1743181043764219 0
1743181043764844 0
1743181043765470 0
1743181043766094 0
1743181043766719 0
1743181043767344 0
1743181043767969 0
1743181043768594 0
1743181043769220 0
1743181043769844 0
1743181043770469 0
1743181043771094 0
1743181043771719 0
1743181043772344 0
1743181043772969 0
1743181043773595 0
1743181043774219 0
1743181043774844 0
1743181043775469 0
1743181043776095 0
1743181043776719 0
1743181043777344 0
1743181043777970 0
1743181043778594 0
1743181043779219 0
1743181043779844 0
1743181043780469 0
1743181043781095 0
1743181043781719 0
1743181043782344 0
1743181043782970 0
1743181043783594 0
1743181043784219 0
1743181043784844 0
1743181043785470 0
1743181043786094 0
1743181043786719 0
1743181043787344 0
1743181043787969 0
1743181043788594 0
1743181043789220 0
1743181043789843 0
1743181043790469 0
1743181043791094 0
1743181043791719 0
1743181043792344 0
1743181043792969 0
1743181043793595 0
1743181043794219 0
1743181043794844 0
1743181043795469 0
1743181043796094 0
1743181043796719 0
1743181043797344 0
1743181043797969 0
1743181043798594 0
1743181043799219 0
1743181043799844 0
1743181043800469 0
1743181043801095 0
1743181043801718 0
1743181043802344 0
1743181043802969 0
1743181043803594 0
1743181043804219 0
1743181043804844 0
1743181043805469 0
1743181043806095 0
1743181043806719 0
1743181043807344 0
1743181043807969 0
1743181043808594 0
1743181043809220 0
1743181043809844 0
1743181043810469 0
1743181043811094 807
1743181043811719 2047
1743181043812344 2047
1743181043812969 2047
1743181043813594 2047
1743181043814219 2047
1743181043814844 2047
1743181043815469 2047
1743181043816094 2047
1743181043816720 2047
1743181043817344 2047
1743181043817969 2047
1743181043818594 2047
1743181043819219 2047
1743181043819844 2047
1743181043820469 2047
1743181043821095 2047
1743181043821719 2047
1743181043822344 2047
1743181043822969 2047
1743181043823595 2047
1743181043824219 2047
1743181043824844 2047
1743181043825469 2047
1743181043826095 2047
1743181043826719 2047
1743181043827344 2047
1743181043827969 2047
1743181043828594 2047
1743181043829220 2047
1743181043829843 2047
1743181043830469 2047
1743181043831094 2047
1743181043831719 2047
1743181043832344 2047
1743181043832969 2047
1743181043833594 2047
1743181043834219 2047
1743181043834844 2047
1743181043835469 2047
1743181043836094 2047
1743181043836719 2047
1743181043837344 2047
1743181043837969 2047
1743181043838594 2047
1743181043839219 2047
1743181043839844 2047
1743181043840469 2047
1743181043841095 2047
1743181043841719 2047
1743181043842344 2047
1743181043842969 2047
1743181043843594 2047
1743181043844219 2047
1743181043844844 2047
1743181043845469 2047
1743181043846094 2047
1743181043846719 2047
1743181043847344 2047
1743181043847969 2047
1743181043848594 2047
1743181043849220 2047
1743181043849844 2047
1743181043850469 2047
1743181043851094 2047
1743181043851719 2047
1743181043852344 2047
1743181043852969 2047
1743181043853594 2047
1743181043854219 2047
1743181043854844 2047
1743181043855469 2047
1743181043856094 2047
1743181043856719 2047
1743181043857344 2047
1743181043857969 2047
1743181043858594 2047
1743181043859219 2047
1743181043859845 2047
1743181043860469 2047
1743181043861095 1291
1743181043861719 0
1743181043862344 0
1743181043862969 0
1743181043863594 0
1743181043864219 0
1743181043864844 0
1743181043865469 0
1743181043866094 0
1743181043866719 0
1743181043867344 0
1743181043867969 0
1743181043868594 0
1743181043869220 0
1743181043869843 0
1743181043870469 0
1743181043871094 0
1743181043871719 0
1743181043872345 0
1743181043872969 0
1743181043873594 0
1743181043874219 0
1743181043874844 0
1743181043875469 0
1743181043876094 0
1743181043876719 0
1743181043877344 0
1743181043877969 0
1743181043878594 0
1743181043879219 0
1743181043879844 0
1743181043880469 0
1743181043881095 0
1743181043881719 0
1743181043882344 0
1743181043882969 0
1743181043883595 0
1743181043884219 0
1743181043884844 0
1743181043885469 0
1743181043886094 0
1743181043886719 0
1743181043887344 0
1743181043887969 0
1743181043888594 0
1743181043889220 0
1743181043889844 0
1743181043890469 0
1743181043891094 0
1743181043891719 0
1743181043892344 0
1743181043892969 0
1743181043893594 0
1743181043894220 0
1743181043894844 0
1743181043895469 0
1743181043896094 0
1743181043896719 0
1743181043897345 0
1743181043897969 0
1743181043898594 0
1743181043899219 0
1743181043899844 0
1743181043900469 0
1743181043901095 0
1743181043901718 0
1743181043902344 0
1743181043902970 0
1743181043903594 0
1743181043904219 0
1743181043904844 0
1743181043905469 0
1743181043906094 0
1743181043906719 0
1743181043907344 0
1743181043907969 0
1743181043908594 0
1743181043909220 0
1743181043909844 0
1743181043910469 0
1743181043911094 1291
1743181043911719 2047
1743181043912344 2047
1743181043912969 2047
1743181043913594 2047
1743181043914219 2047
1743181043914844 2047
1743181043915469 2047
1743181043916094 2047
1743181043916719 2047
1743181043917344 2047
1743181043917969 2047
1743181043918595 2047
1743181043919219 2047
1743181043919844 2047
1743181043920469 2047
1743181043921095 2047
1743181043921719 2047
1743181043922344 2047
1743181043922969 2047
1743181043923595 2047
1743181043924219 2047
1743181043924844 2047
1743181043925469 2047
1743181043926094 2047
1743181043926719 2047
1743181043927344 2047
1743181043927969 2047
1743181043928594 2047
1743181043929220 2047
1743181043929844 2047
1743181043930469 2047
1743181043931094 2047
1743181043931719 2047
1743181043932344 2047
1743181043932969 2047
1743181043933594 2047
1743181043934219 2047
1743181043934844 2047
1743181043935469 2047
1743181043936094 2047
1743181043936719 2047
1743181043937344 2047
1743181043937969 2047
1743181043938594 2047
1743181043939219 2047
1743181043939844 2047
1743181043940469 2047
1743181043941095 2047
1743181043941719 2047
1743181043942344 2047
1743181043942969 2047
1743181043943594 2047
1743181043944219 2047
1743181043944844 2047
1743181043945470 2047
1743181043946094 2047
1743181043946719 2047
1743181043947344 2047
1743181043947969 2047
1743181043948594 2047
1743181043949220 2047
1743181043949844 2047
1743181043950469 2047
1743181043951094 2047
1743181043951719 2047
1743181043952344 2047
1743181043952969 2047
1743181043953594 2047
1743181043954219 2047
1743181043954844 2047
1743181043955469 2047
1743181043956094 2047
1743181043956719 2047
1743181043957345 2047
1743181043957969 2047
1743181043958594 2047
1743181043959219 2047
1743181043959844 2047
1743181043960469 2047
1743181043961095 2047
1743181043961719 0
1743181043962344 0
1743181043962969 0
1743181043963594 0
1743181043964219 0
1743181043964844 0
1743181043965469 0
1743181043966094 0
1743181043966719 0
1743181043967344 0
1743181043967969 0
1743181043968594 0
1743181043969220 0
1743181043969844 0
1743181043970469 0
1743181043971094 0
1743181043971719 0
1743181043972344 0
1743181043972969 0
1743181043973594 0
1743181043974219 0
1743181043974844 0
1743181043975469 0
1743181043976094 0
1743181043976719 0
1743181043977344 0
1743181043977969 0
1743181043978594 0
1743181043979219 0
1743181043979844 0
1743181043980469 0
1743181043981095 0
1743181043981719 0
1743181043982344 0
1743181043982969 0
1743181043983594 0
1743181043984219 0
1743181043984844 0
1743181043985469 0
1743181043986094 0
1743181043986719 0
1743181043987344 0
1743181043987969 0
1743181043988594 0
1743181043989220 0
1743181043989844 0
1743181043990469 0
1743181043991094 0
1743181043991719 0
1743181043992344 0
1743181043992969 0
1743181043993594 0
1743181043994219 0
1743181043994845 0
1743181043995469 0
1743181043996095 0
1743181043996719 0
1743181043997344 0
1743181043997969 0
1743181043998594 0
1743181043999219 0
1743181043999844 0
1743181044000469 0
1743181044001095 0
1743181044001719 0
1743181044002344 0
1743181044002969 0
1743181044003594 0
1743181044004219 0
1743181044004844 0
1743181044005469 0
1743181044006094 0
1743181044006719 0
1743181044007344 0
1743181044007969 0
1743181044008594 0
1743181044009220 0
1743181044009844 0
1743181044010469 0
1743181044011094 0
1743181044011719 2047
1743181044012344 2047
1743181044012969 2047
1743181044013594 2047
1743181044014219 2047
1743181044014844 2047
1743181044015469 2047
1743181044016094 2047
1743181044016719 2047
1743181044017344 2047
1743181044017969 2047
1743181044018594 2047
1743181044019219 2047
1743181044019844 2047
1743181044020469 2047
1743181044021095 2047
1743181044021719 2047
1743181044022344 2047
1743181044022969 2047
1743181044023594 2047
1743181044024219 2047
1743181044024844 2047
1743181044025469 2047
1743181044026094 2047
1743181044026719 2047
1743181044027344 2047
1743181044027969 2047
1743181044028594 2047
1743181044029220 2047
1743181044029844 2047
1743181044030469 2047
1743181044031094 2047
1743181044031720 2047
1743181044032344 2047
1743181044032969 2047
1743181044033595 2047
1743181044034220 2047
1743181044034845 2047
1743181044035470 2047
1743181044036094 2047
1743181044036720 2047
1743181044037344 2047
1743181044037970 2047
1743181044038594 2047
1743181044039220 2047
1743181044039845 2047
1743181044040469 2047
1743181044041095 2047
1743181044041719 2047
1743181044042345 2047
1743181044042969 2047
1743181044043594 2047
1743181044044220 2047
1743181044044844 2047
1743181044045470 2047
1743181044046094 2047
1743181044046720 2047
1743181044047345 2047
1743181044047970 2047
1743181044048595 2047
1743181044049220 2047
1743181044049844 2047
1743181044050470 2047
1743181044051094 2047
1743181044051720 2047
1743181044052345 2047
1743181044052970 2047
1743181044053595 2047
1743181044054220 2047
1743181044054845 2047
1743181044055469 2047
1743181044056095 2047
1743181044056720 2047
1743181044057345 2047
1743181044057970 2047
1743181044058595 2047
1743181044059219 2047
1743181044059845 2047
1743181044060469 2047
1743181044061095 2047
1743181044061719 0
1743181044062345 0
1743181044062970 0
1743181044063595 0
1743181044064220 0
1743181044064845 0
1743181044065470 0
1743181044066095 0
1743181044066720 0
1743181044067345 0
1743181044067970 0
1743181044068595 0
1743181044069221 0
1743181044069843 0
1743181044070471 0
1743181044071094 0
1743181044071720 0
1743181044072345 0
1743181044072969 0
1743181044073595 0
1743181044074219 0
1743181044074845 0
1743181044075469 0
1743181044076094 0
1743181044076720 0
1743181044077344 0
1743181044077969 0
1743181044078594 0
1743181044079220 0
1743181044079845 0
1743181044080469 0
1743181044081095 0
1743181044081718 0
1743181044082344 0
1743181044082970 0
1743181044083594 0
1743181044084219 0
1743181044084844 0
1743181044085469 0
1743181044086094 0
1743181044086719 0
1743181044087345 0
1743181044087970 0
1743181044088594 0
1743181044089220 0
1743181044089843 0
1743181044090469 0
1743181044091094 0
1743181044091722 0
1743181044092344 0
1743181044092969 0
1743181044093595 0
1743181044094219 0
1743181044094845 0
1743181044095471 0
1743181044096094 0
1743181044096720 0
1743181044097345 0
1743181044097970 0
1743181044098595 0
1743181044099219 0
1743181044099845 0
1743181044100469 0
1743181044101095 0
1743181044101719 0
1743181044102344 0
1743181044102970 0
1743181044103594 0
1743181044104220 0
1743181044104845 0
1743181044105470 0
1743181044106095 0
1743181044106719 0
1743181044107345 0
1743181044107970 0
1743181044108595 0
1743181044109221 0
1743181044109844 0
1743181044110470 0
1743181044111094 0
1743181044111720 2047
1743181044112346 2047
1743181044112969 2047
1743181044113595 2047
1743181044114219 2047
1743181044114844 2047
1743181044115470 2047
1743181044116094 2047
1743181044116720 2047
1743181044117345 2047
1743181044117970 2047
1743181044118595 2047
1743181044119219 2047
1743181044119845 2047
1743181044120470 2047
1743181044121095 2047
1743181044121719 2047
1743181044122344 2047
1743181044122969 2047
1743181044123595 2047
1743181044124220 2047
1743181044124846 2047
1743181044125469 2047
1743181044126095 2047
1743181044126719 2047
1743181044127345 2047
1743181044127970 2047
1743181044128594 2047
1743181044129221 2047
1743181044129844 2047
1743181044130470 2047
1743181044131094 2047
1743181044131720 2047
1743181044132345 2047
1743181044132970 2047
1743181044133594 2047
1743181044134219 2047
1743181044134844 2047
1743181044135469 2047
1743181044136094 2047
1743181044136719 2047
1743181044137346 2047
1743181044137969 2047
1743181044138594 2047
1743181044139219 2047
1743181044139844 2047
1743181044140469 2047
1743181044141095 2047
1743181044141719 2047
1743181044142344 2047
1743181044142970 2047
1743181044143594 2047
1743181044144219 2047
1743181044144844 2047
1743181044145469 2047
1743181044146095 2047
1743181044146719 2047
1743181044147344 2047
1743181044147969 2047
1743181044148594 2047
1743181044149220 2047
1743181044149844 2047
1743181044150469 2047
1743181044151094 2047
1743181044151719 2047
1743181044152344 2047
1743181044152969 2047
1743181044153594 2047
1743181044154220 2047
1743181044154844 2047
1743181044155469 2047
1743181044156094 2047
1743181044156719 2047
1743181044157345 2047
1743181044157969 2047
1743181044158595 2047
1743181044159219 2047
1743181044159844 2047
1743181044160469 2047
1743181044161094 2047
1743181044161719 0
1743181044162345 0
1743181044162969 0
1743181044163594 0
1743181044164219 0
1743181044164844 0
1743181044165469 0
1743181044166094 0
1743181044166720 0
1743181044167344 0
1743181044167969 0
1743181044168594 0
1743181044169220 0
1743181044169843 0
1743181044170469 0
1743181044171095 0
1743181044171719 0
1743181044172344 0
1743181044172969 0
1743181044173594 0
1743181044174220 0
1743181044174845 0
1743181044175469 0
1743181044176094 0
1743181044176719 0
1743181044177344 0
1743181044177969 0
1743181044178594 0
1743181044179220 0
1743181044179844 0
1743181044180469 0
1743181044181095 0
1743181044181719 0
1743181044182344 0
1743181044182969 0
1743181044183595 0
1743181044184219 0
1743181044184844 0
1743181044185469 0
1743181044186094 0
1743181044186719 0
1743181044187345 0
1743181044187969 0
1743181044188594 0
1743181044189220 0
1743181044189844 0
1743181044190469 0
1743181044191094 0
1743181044191720 0
1743181044192344 0
1743181044192969 0
1743181044193594 0
1743181044194220 0
1743181044194845 0
1743181044195469 0
1743181044196095 0
1743181044196720 0
1743181044197345 0
1743181044197969 0
1743181044198595 0
1743181044199220 0
1743181044199845 0
1743181044200470 0
1743181044201095 0
1743181044201719 0
1743181044202344 0
1743181044202970 0
1743181044203595 0
1743181044204220 0
1743181044204844 0
1743181044205470 0
1743181044206095 0
1743181044206720 0
1743181044207344 0
1743181044207970 0
1743181044208595 0
1743181044209221 0
1743181044209844 0
1743181044210469 0
1743181044211095 0
1743181044211719 161
1743181044212345 2047
1743181044212970 2047
1743181044213594 2047
1743181044214220 2047
1743181044214844 2047
1743181044215470 2047
1743181044216094 2047
1743181044216720 2047
1743181044217344 2047
1743181044217969 2047
1743181044218595 2047
1743181044219220 2047
1743181044219844 2047
1743181044220470 2047
1743181044221096 2047
1743181044221719 2047
1743181044222345 2047
1743181044222969 2047
1743181044223595 2047
1743181044224219 2047
1743181044224845 2047
1743181044225470 2047
1743181044226094 2047
1743181044226720 2047
1743181044227344 2047
1743181044227970 2047
1743181044228595 2047
1743181044229220 2047
1743181044229844 2047
1743181044230470 2047
1743181044231095 2047
1743181044231720 2047
1743181044232345 2047
1743181044232970 2047
1743181044233595 2047
1743181044234219 2047
1743181044234844 2047
1743181044235469 2047
1743181044236094 2047
1743181044236719 2047
1743181044237344 2047
1743181044237970 2047
1743181044238595 2047
1743181044239219 2047
1743181044239844 2047
1743181044240469 2047
1743181044241095 2047
1743181044241720 2047
1743181044242344 2047
1743181044242969 2047
1743181044243594 2047
1743181044244219 2047
1743181044244844 2047
1743181044245469 2047
1743181044246095 2047
1743181044246719 2047
1743181044247344 2047
1743181044247970 2047
1743181044248594 2047
1743181044249220 2047
1743181044249843 2047
1743181044250470 2047
1743181044251095 2047
1743181044251719 2047
1743181044252344 2047
1743181044252969 2047
1743181044253594 2047
1743181044254220 2047
1743181044254844 2047
1743181044255469 2047
1743181044256094 2047
1743181044256719 2047
1743181044257345 2047
1743181044257969 2047
1743181044258594 2047
1743181044259221 2047
1743181044259844 2047
1743181044260469 2047
1743181044261096 2047
1743181044261718 2047
1743181044262344 0
1743181044262969 0
1743181044263594 0
1743181044264219 0
1743181044264844 0
1743181044265470 0
1743181044266094 0
1743181044266719 0
1743181044267344 0
1743181044267970 0
1743181044268594 0
1743181044269220 0
1743181044269844 0
1743181044270469 0
1743181044271094 0
1743181044271719 0
1743181044272344 0
1743181044272969 0
1743181044273595 0
1743181044274219 0
1743181044274844 0
1743181044275469 0
1743181044276094 0
1743181044276719 0
1743181044277345 0
1743181044277969 0
1743181044278594 0
1743181044279219 0
1743181044279844 0
1743181044280469 0
1743181044281095 0
1743181044281718 0
1743181044282344 0
1743181044282969 0
1743181044283594 0
1743181044284219 0
1743181044284844 0
1743181044285469 0
1743181044286094 0
1743181044286719 0
1743181044287344 0
1743181044287969 0
1743181044288595 0
1743181044289220 0
1743181044289844 0
1743181044290469 0
1743181044291094 0
1743181044291719 0
1743181044292344 0
1743181044292969 0
1743181044293594 0
1743181044294219 0
1743181044294844 0
1743181044295469 0
1743181044296094 0
1743181044296719 0
1743181044297344 0
1743181044297969 0
1743181044298594 0
1743181044299219 0
1743181044299844 0
1743181044300469 0
1743181044301095 0
1743181044301718 0
1743181044302345 0
1743181044302969 0
1743181044303595 0
1743181044304219 0
1743181044304844 0
1743181044305470 0
1743181044306094 0
1743181044306719 0
1743181044307344 0
1743181044307969 0
1743181044308594 0
1743181044309219 0
1743181044309844 0
1743181044310469 0
1743181044311094 0
1743181044311719 1291
1743181044312344 2047
1743181044312969 2047
1743181044313594 2047
1743181044314219 2047
1743181044314844 2047
1743181044315469 2047
1743181044316094 2047
1743181044316719 2047
1743181044317344 2047
1743181044317969 2047
1743181044318594 2047
1743181044319219 2047
1743181044319844 2047
1743181044320469 2047
1743181044321095 2047
1743181044321718 2047
1743181044322344 2047
1743181044322969 2047
1743181044323594 2047
1743181044324219 2047
1743181044324844 2047
1743181044325470 2047
1743181044326095 2047
1743181044326719 2047
1743181044327344 2047
1743181044327969 2047
1743181044328594 2047
1743181044329220 2047
1743181044329843 2047
1743181044330469 2047
1743181044331094 2047
1743181044331719 2047
1743181044332346 2047
1743181044332969 2047
1743181044333595 2047
1743181044334220 2047
1743181044334845 2047
1743181044335469 2047
1743181044336095 2047
1743181044336720 2047
1743181044337345 2047
1743181044337970 2047
1743181044338594 2047
1743181044339220 2047
1743181044339845 2047
1743181044340469 2047
1743181044341095 2047
1743181044341719 2047
1743181044342345 2047
1743181044342969 2047
1743181044343595 2047
1743181044344220 2047
1743181044344845 2047
1743181044345470 2047
1743181044346095 2047
1743181044346719 2047
1743181044347345 2047
1743181044347970 2047
1743181044348594 2047
1743181044349220 2047
1743181044349844 2047
1743181044350470 2047
1743181044351095 2047
1743181044351720 2047
1743181044352345 2047
1743181044352969 2047
1743181044353594 2047
1743181044354219 2047
1743181044354844 2047
1743181044355469 2047
1743181044356094 2047
1743181044356719 2047
1743181044357344 2047
1743181044357969 2047
1743181044358594 2047
1743181044359219 2047
1743181044359844 2047
1743181044360469 2047
1743181044361095 2047
1743181044361718 2047
1743181044362344 0
1743181044362969 0
1743181044363594 0
1743181044364219 0
1743181044364844 0
1743181044365469 0
1743181044366094 0
1743181044366719 0
1743181044367344 0
1743181044367969 0
1743181044368594 0
1743181044369220 0
1743181044369843 0
1743181044370469 0
1743181044371094 0
1743181044371720 0
1743181044372345 0
1743181044372969 0
1743181044373595 0
1743181044374219 0
1743181044374844 0
1743181044375469 0
1743181044376094 0
1743181044376719 0
1743181044377344 0
1743181044377969 0
1743181044378594 0
1743181044379219 0
1743181044379844 0
1743181044380469 0
1743181044381095 0
1743181044381718 0
1743181044382344 0
1743181044382969 0
1743181044383594 0
1743181044384219 0
1743181044384844 0
1743181044385469 0
1743181044386094 0
1743181044386719 0
1743181044387344 0
1743181044387969 0
1743181044388594 0
1743181044389220 0
1743181044389843 -1
1743181044390469 0
1743181044391094 0
1743181044391719 0
1743181044392344 0
1743181044392969 0
1743181044393594 0
1743181044394219 0
1743181044394844 0
1743181044395469 0
1743181044396094 0
1743181044396719 0
1743181044397344 0
1743181044397969 0
1743181044398594 0
1743181044399219 0
1743181044399844 0
1743181044400469 0
1743181044401095 0
1743181044401719 0
1743181044402344 0
1743181044402970 0
1743181044403594 0
1743181044404219 0
1743181044404844 0
1743181044405469 0
1743181044406095 0
1743181044406719 0
1743181044407344 0
1743181044407969 0
1743181044408594 0
1743181044409220 0
1743181044409843 0
1743181044410469 0
1743181044411094 0
1743181044411719 0
1743181044412344 2047
1743181044412969 2047
1743181044413594 2047
1743181044414220 2047
1743181044414844 2047
1743181044415469 2047
1743181044416094 2047
1743181044416720 2047
1743181044417345 2047
1743181044417969 2047
1743181044418594 2047
1743181044419219 2047
1743181044419844 2047
1743181044420469 2047
1743181044421095 2047
1743181044421719 2047
1743181044422344 2047
1743181044422969 2047
1743181044423594 2047
1743181044424219 2047
1743181044424845 2047
1743181044425469 2047
1743181044426094 2047
1743181044426719 2047
1743181044427344 2047
1743181044427969 2047
1743181044428594 2047
1743181044429220 2047
1743181044429843 2047
1743181044430469 2047
1743181044431095 2047
1743181044431719 2047
1743181044432345 2047
1743181044432969 2047
1743181044433595 2047
1743181044434219 2047
1743181044434844 2047
1743181044435469 2047
1743181044436094 2047
1743181044436719 2047
1743181044437344 2047
1743181044437969 2047
1743181044438595 2047
1743181044439219 2047
1743181044439844 2047
1743181044440469 2047
1743181044441095 2047
1743181044441718 2047
1743181044442344 2047
1743181044442969 2047
1743181044443594 2047
1743181044444219 2047
1743181044444844 2047
1743181044445469 2047
1743181044446094 2047
1743181044446719 2047
1743181044447344 2047
1743181044447969 2047
1743181044448594 2047
1743181044449220 2047
1743181044449843 2047
1743181044450469 2047
1743181044451094 2047
1743181044451719 2047
1743181044452344 2047
1743181044452969 2047
1743181044453594 2047
1743181044454219 2047
1743181044454844 2047
1743181044455469 2047
1743181044456094 2047
1743181044456719 2047
1743181044457344 2047
1743181044457969 2047
1743181044458594 2047
1743181044459219 2047
1743181044459844 2047
1743181044460469 2047
1743181044461095 2047
1743181044461718 2047
1743181044462344 1291
1743181044462969 0
1743181044463594 0
1743181044464219 0
1743181044464844 0
1743181044465469 0
1743181044466094 0
1743181044466719 0
1743181044467344 -1
1743181044467969 0
1743181044468594 0
1743181044469220 0
1743181044469844 0
1743181044470469 0
1743181044471094 0
1743181044471719 0
1743181044472344 0
1743181044472969 0
1743181044473595 0
1743181044474220 0
1743181044474844 0
1743181044475470 0
1743181044476095 0
1743181044476719 0
1743181044477345 0
1743181044477969 0
1743181044478595 0
1743181044479220 0
1743181044479844 0
1743181044480470 0
1743181044481095 0
1743181044481719 0
1743181044482345 0
1743181044482969 0
1743181044483595 0
1743181044484219 0
1743181044484845 0
1743181044485470 0
1743181044486095 0
1743181044486720 0
1743181044487344 0
1743181044487970 0
1743181044488594 0
1743181044489220 0
1743181044489844 0
1743181044490470 0
1743181044491095 0
1743181044491719 0
1743181044492345 0
1743181044492970 0
1743181044493595 0
1743181044494220 0
1743181044494844 0
1743181044495470 0
1743181044496095 0
1743181044496719 0
1743181044497345 0
1743181044497970 0
1743181044498595 0
1743181044499220 0
1743181044499845 0
1743181044500469 0
1743181044501095 0
1743181044501719 0
1743181044502345 0
1743181044502969 0
1743181044503595 0
1743181044504219 0
1743181044504845 0
1743181044505470 0
1743181044506095 0
1743181044506720 0
1743181044507344 0
1743181044507970 0
1743181044508595 0
1743181044509220 0
1743181044509844 0
1743181044510469 0
1743181044511095 0
1743181044511720 0
1743181044512344 2047
1743181044512970 2047
1743181044513594 2047
1743181044514219 2047
1743181044514844 2047
1743181044515469 2047
1743181044516094 2047
1743181044516719 2047
1743181044517344 2047
1743181044517969 2047
1743181044518594 2047
1743181044519219 2047
1743181044519844 2047
1743181044520469 2047
1743181044521095 2047
1743181044521719 2047
1743181044522344 2047
1743181044522969 2047
1743181044523595 2047
1743181044524219 2047
1743181044524844 2047
1743181044525469 2047
1743181044526094 2047
1743181044526719 2047
1743181044527344 2047
1743181044527969 2047
1743181044528594 2047
1743181044529220 2047
1743181044529844 2047
1743181044530469 2047
1743181044531094 2047
1743181044531719 2047
1743181044532344 2047
1743181044532969 2047
1743181044533594 2047
1743181044534219 2047
1743181044534845 2047
1743181044535469 2047
1743181044536095 2047
1743181044536719 2047
1743181044537345 2047
1743181044537969 2047
1743181044538595 2047
1743181044539220 2047
1743181044539844 2047
1743181044540470 2047
1743181044541095 2047
1743181044541719 2047
1743181044542344 2047
1743181044542970 2047
1743181044543595 2047
1743181044544220 2047
1743181044544845 2047
1743181044545470 2047
1743181044546095 2047
1743181044546720 2047
1743181044547345 2047
1743181044547969 2047
1743181044548595 2047
1743181044549220 2047
1743181044549845 2047
1743181044550469 2047
1743181044551094 2047
1743181044551720 2047
1743181044552345 2047
1743181044552969 2047
1743181044553594 2047
1743181044554220 2047
1743181044554845 2047
1743181044555470 2047
1743181044556095 2047
1743181044556719 2047
1743181044557345 2047
1743181044557970 2047
1743181044558594 2047
1743181044559220 2047
1743181044559844 2047
1743181044560470 2047
1743181044561096 2047
1743181044561719 2047
1743181044562345 0
1743181044562969 0
1743181044563595 0
1743181044564220 0
1743181044564844 0
1743181044565470 0
1743181044566094 0
1743181044566719 0
1743181044567345 0
1743181044567969 0
1743181044568594 0
1743181044569220 0
1743181044569844 0
1743181044570470 0
1743181044571094 0
1743181044571719 0
1743181044572344 0
1743181044572970 0
1743181044573594 0
1743181044574219 0
1743181044574844 0
1743181044575469 0
1743181044576094 0
1743181044576719 0
1743181044577344 0
1743181044577969 0
1743181044578594 0
1743181044579219 0
1743181044579844 0
1743181044580469 0
1743181044581095 0
1743181044581718 0
1743181044582344 0
1743181044582969 0
1743181044583594 0
1743181044584219 0
1743181044584844 0
1743181044585469 0
1743181044586094 0
1743181044586720 0
1743181044587345 0
1743181044587969 0
1743181044588594 0
1743181044589220 0
1743181044589843 0
1743181044590469 0
1743181044591094 0
1743181044591719 0
1743181044592344 0
1743181044592969 0
1743181044593595 0
1743181044594219 0
1743181044594844 0
1743181044595469 0
1743181044596094 0
1743181044596719 0
1743181044597344 0
1743181044597969 0
1743181044598594 0
1743181044599219 0
1743181044599844 0
1743181044600469 0
1743181044601095 0
1743181044601718 0
1743181044602344 0
1743181044602969 0
1743181044603594 0
1743181044604219 0
1743181044604844 0
1743181044605469 0
1743181044606094 0
1743181044606719 0
1743181044607344 0
1743181044607969 0
1743181044608594 0
1743181044609220 0
1743181044609843 0
1743181044610469 0
1743181044611094 0
1743181044611719 0
1743181044612344 0
1743181044612969 2047
1743181044613594 2047
1743181044614219 2047
1743181044614844 2047
1743181044615469 2047
1743181044616094 2047
1743181044616719 2047
1743181044617344 2047
1743181044617969 2047
1743181044618594 2047
1743181044619220 2047
1743181044619844 2047
1743181044620469 2047
1743181044621095 2047
1743181044621719 2047
1743181044622344 2047
1743181044622969 2047
1743181044623594 2047
1743181044624219 2047
1743181044624844 2047
1743181044625469 2047
1743181044626094 2047
1743181044626719 2047
1743181044627344 2047
1743181044627969 2047
1743181044628594 2047
1743181044629220 2047
1743181044629843 2047
1743181044630469 2047
1743181044631094 2047
1743181044631720 2047
1743181044632344 2047
1743181044632969 2047
1743181044633595 2047
1743181044634219 2047
1743181044634844 2047
1743181044635470 2047
1743181044636094 2047
1743181044636719 2047
1743181044637344 2047
1743181044637969 2047
1743181044638594 2047
1743181044639219 2047
1743181044639844 2047
1743181044640469 2047
1743181044641095 2047
1743181044641719 2047
1743181044642344 2047
1743181044642969 2047
1743181044643594 2047
1743181044644219 2047
1743181044644844 2047
1743181044645469 2047
1743181044646094 2047
1743181044646719 2047
1743181044647344 2047
1743181044647969 2047
1743181044648595 2047
1743181044649220 2047
1743181044649843 2047
1743181044650469 2047
1743181044651094 2047
1743181044651719 2047
1743181044652344 2047
1743181044652969 2047
1743181044653594 2047
1743181044654219 2047
1743181044654845 2047
1743181044655469 2047
1743181044656094 2047
1743181044656719 2047
1743181044657344 2047
1743181044657969 2047
1743181044658594 2047
1743181044659219 2047
1743181044659844 2047
1743181044660469 2047
1743181044661095 2047
1743181044661719 2047
1743181044662344 2047
1743181044662969 0
1743181044663594 0
1743181044664219 0
1743181044664844 0
1743181044665469 0
1743181044666094 0
1743181044666719 0
1743181044667344 0
1743181044667969 0
1743181044668594 0
1743181044669220 0
1743181044669843 0
1743181044670469 0
1743181044671094 0
1743181044671719 0
1743181044672344 0
1743181044672969 0
1743181044673595 0
1743181044674220 0
1743181044674845 0
1743181044675469 0
1743181044676094 0
1743181044676720 0
1743181044677345 0
1743181044677970 0
1743181044678595 0
1743181044679219 0
1743181044679845 0
1743181044680469 0
1743181044681096 0
1743181044681719 0
1743181044682344 0
1743181044682970 0
1743181044683594 0
1743181044684220 0
1743181044684845 0
1743181044685470 0
1743181044686095 0
1743181044686720 0
1743181044687345 0
1743181044687970 0
1743181044688594 0
1743181044689220 0
1743181044689844 0
1743181044690469 0
1743181044691095 0
1743181044691719 0
1743181044692345 0
1743181044692969 0
1743181044693594 0
1743181044694219 0
1743181044694844 0
1743181044695469 0
1743181044696094 0
1743181044696719 0
1743181044697344 0
1743181044697969 0
1743181044698594 0
1743181044699219 0
1743181044699844 0
1743181044700469 0
1743181044701095 0
1743181044701719 0
1743181044702344 0
1743181044702969 0
1743181044703594 0
1743181044704219 0
1743181044704844 0
1743181044705469 0
1743181044706094 0
1743181044706719 0
1743181044707344 0
1743181044707969 0
1743181044708594 0
1743181044709220 0
1743181044709844 0
1743181044710469 0
1743181044711094 0
1743181044711719 0
1743181044712344 645
1743181044712969 2047
1743181044713595 2047
1743181044714220 2047
1743181044714844 2047
1743181044715470 2047
1743181044716094 2047
1743181044716720 2047
1743181044717345 2047
1743181044717970 2047
1743181044718595 2047
1743181044719220 2047
1743181044719845 2047
1743181044720470 2047
1743181044721095 2047
1743181044721719 2047
1743181044722344 2047
1743181044722970 2047
1743181044723595 2047
1743181044724219 2047
1743181044724844 2047
1743181044725470 2047
1743181044726095 2047
1743181044726720 2047
1743181044727344 2047
1743181044727970 2047
1743181044728594 2047
1743181044729220 2047
1743181044729844 2047
1743181044730469 2047
1743181044731094 2047
1743181044731719 2047
1743181044732345 2047
1743181044732970 2047
1743181044733595 2047
1743181044734220 2047
1743181044734845 2047
1743181044735470 2047
1743181044736095 2047
1743181044736719 2047
1743181044737345 2047
1743181044737970 2047
1743181044738595 2047
1743181044739219 2047
1743181044739844 2047
1743181044740470 2047
1743181044741095 2047
1743181044741720 2047
1743181044742344 2047
1743181044742970 2047
1743181044743595 2047
1743181044744219 2047
1743181044744845 2047
1743181044745470 2047
1743181044746095 2047
1743181044746719 2047
1743181044747344 2047
1743181044747970 2047
1743181044748594 2047
1743181044749220 2047
1743181044749844 2047
1743181044750469 2047
1743181044751095 2047
1743181044751720 2047
1743181044752345 2047
1743181044752970 2047
1743181044753595 2047
1743181044754220 2047
1743181044754845 2047
1743181044755469 2047
1743181044756095 2047
1743181044756720 2047
1743181044757345 2047
1743181044757969 2047
1743181044758595 2047
1743181044759220 2047
1743181044759844 2047
1743181044760470 2047
1743181044761095 2047
1743181044761719 2047
1743181044762345 2047
1743181044762969 0
1743181044763595 0
1743181044764220 0
1743181044764845 0
1743181044765470 0
1743181044766094 0
1743181044766719 0
1743181044767344 0
1743181044767970 0
1743181044768595 0
1743181044769220 0
1743181044769844 0
1743181044770470 0
1743181044771095 0
1743181044771719 -1
1743181044772344 0
1743181044772970 0
1743181044773595 0
1743181044774220 0
1743181044774845 0
1743181044775470 0
1743181044776095 0
1743181044776720 0
1743181044777345 0
1743181044777970 0
1743181044778595 0
1743181044779220 0
1743181044779844 0
1743181044780469 0
1743181044781095 0
1743181044781719 0
1743181044782345 0
1743181044782969 0
1743181044783595 0
1743181044784220 0
1743181044784845 0
1743181044785470 0
1743181044786094 0
1743181044786720 0
1743181044787344 0
1743181044787970 0
1743181044788595 0
1743181044789220 0
1743181044789844 0
1743181044790469 0
1743181044791095 0
1743181044791720 0
1743181044792344 0
1743181044792970 0
1743181044793595 0
1743181044794219 0
1743181044794844 0
1743181044795469 0
1743181044796094 0
1743181044796719 0
1743181044797345 0
1743181044797969 0
1743181044798594 0
1743181044799219 0
1743181044799844 0
1743181044800469 0
1743181044801095 0
1743181044801719 0
1743181044802344 0
1743181044802969 0
1743181044803594 0
1743181044804219 0
1743181044804844 0
1743181044805469 0
1743181044806094 0
1743181044806719 0
1743181044807344 0
1743181044807969 0
1743181044808594 0
1743181044809220 0
1743181044809844 0
1743181044810469 0
1743181044811094 0
1743181044811719 0
1743181044812344 0
1743181044812969 2047
1743181044813595 2047
1743181044814220 2047
1743181044814845 2047
1743181044815469 2047
1743181044816095 2047
1743181044816719 2047
1743181044817345 2047
1743181044817970 2047
1743181044818594 2047
1743181044819220 2047
1743181044819845 2047
1743181044820470 2047
1743181044821095 2047
1743181044821719 2047
1743181044822345 2047
1743181044822969 2047
1743181044823595 2047
1743181044824220 2047
1743181044824844 2047
1743181044825470 2047
1743181044826094 2047
1743181044826720 2047
1743181044827345 2047
1743181044827969 2047
1743181044828594 2047
1743181044829221 2047
1743181044829844 2047
1743181044830470 2047
1743181044831095 2047
1743181044831720 2047
1743181044832344 2047
1743181044832970 2047
1743181044833595 2047
1743181044834220 2047
1743181044834845 2047
1743181044835470 2047
1743181044836095 2047
1743181044836719 2047
1743181044837345 2047
1743181044837970 2047
1743181044838595 2047
1743181044839220 2047
1743181044839844 2047
1743181044840470 2047
1743181044841096 2047
1743181044841718 2047
1743181044842345 2047
1743181044842970 2047
1743181044843595 2047
1743181044844220 2047
1743181044844845 2047
1743181044845470 2047
1743181044846094 2047
1743181044846720 2047
1743181044847345 2047
1743181044847969 2047
1743181044848595 2047
1743181044849220 2047
1743181044849844 2047
1743181044850470 2047
1743181044851094 2047
1743181044851719 2047
1743181044852345 2047
1743181044852970 2047
1743181044853595 2047
1743181044854220 2047
1743181044854845 2047
1743181044855470 2047
1743181044856095 2047
1743181044856720 2047
1743181044857345 2047
1743181044857970 2047
1743181044858594 2047
1743181044859220 2047
1743181044859845 2047
1743181044860469 2047
1743181044861095 2047
1743181044861719 2047
1743181044862345 2047
1743181044862970 1291
1743181044863594 0
1743181044864219 0
1743181044864844 0
1743181044865470 0
1743181044866094 0
1743181044866719 0
1743181044867345 0
1743181044867970 0
1743181044868595 0
1743181044869220 0
1743181044869845 0
1743181044870470 0
1743181044871094 0
1743181044871720 0
1743181044872344 0
1743181044872970 0
1743181044873595 0
1743181044874219 0
1743181044874844 0
1743181044875469 0
1743181044876094 0
1743181044876719 0
1743181044877344 0
1743181044877969 0
1743181044878594 0
1743181044879219 0
1743181044879844 0
1743181044880469 0
1743181044881095 0
1743181044881719 0
1743181044882344 0
1743181044882970 0
1743181044883594 0
1743181044884219 0
1743181044884844 0
1743181044885470 0
1743181044886095 0
1743181044886719 0
1743181044887344 0
1743181044887969 0
1743181044888594 0
1743181044889220 0
1743181044889843 0
1743181044890469 0
1743181044891094 0
1743181044891719 0
1743181044892344 0
1743181044892969 0
1743181044893594 0
1743181044894219 0
1743181044894844 0
1743181044895469 0
1743181044896094 0
1743181044896719 0
1743181044897344 0
1743181044897969 0
1743181044898594 0
1743181044899219 0
1743181044899844 0
1743181044900469 0
1743181044901095 0
1743181044901718 0
1743181044902344 0
1743181044902969 -1
1743181044903594 0
1743181044904219 0
1743181044904844 0
1743181044905470 0
1743181044906094 0
1743181044906719 0
1743181044907344 0
1743181044907969 0
1743181044908594 0
1743181044909220 0
1743181044909843 0
1743181044910469 0
1743181044911094 0
1743181044911719 0
1743181044912344 0
1743181044912969 2047
1743181044913594 2047
1743181044914219 2047
1743181044914844 2047
1743181044915469 2047
1743181044916094 2047
1743181044916719 2047
1743181044917344 2047
1743181044917969 2047
1743181044918594 2047
1743181044919219 2047
1743181044919844 2047
1743181044920469 2047
1743181044921095 2047
1743181044921719 2047
1743181044922344 2047
1743181044922969 2047
1743181044923594 2047
1743181044924219 2047
1743181044924844 2047
1743181044925469 2047
1743181044926094 2047
1743181044926719 2047
1743181044927344 2047
1743181044927969 2047
1743181044928594 2047
1743181044929220 2047
1743181044929844 2047
1743181044930469 2047
1743181044931094 2047
1743181044931719 2047
1743181044932344 2047
1743181044932969 2047
1743181044933594 2047
1743181044934219 2047
1743181044934844 2047
1743181044935469 2047
1743181044936094 2047
1743181044936719 2047
1743181044937344 2047
1743181044937969 2047
1743181044938594 2047
1743181044939219 2047
1743181044939844 2047
1743181044940469 2047
1743181044941095 2047
1743181044941718 2047
1743181044942344 2047
1743181044942969 2047
1743181044943594 2047
1743181044944219 2047
1743181044944844 2047
1743181044945469 2047
1743181044946094 2047
1743181044946719 2047
1743181044947344 2047
1743181044947969 2047
1743181044948594 2047
1743181044949220 2047
1743181044949843 2047
1743181044950469 2047
1743181044951094 2047
1743181044951719 2047
1743181044952344 2047
1743181044952969 2047
1743181044953594 2047
1743181044954219 2047
1743181044954844 2047
1743181044955469 2047
1743181044956094 2047
1743181044956719 2047
1743181044957345 2047
1743181044957969 2047
1743181044958594 2047
1743181044959219 2047
1743181044959844 2047
1743181044960469 2047
1743181044961095 2047
1743181044961718 2047
1743181044962344 2047
1743181044962969 0
1743181044963594 0
1743181044964219 0
1743181044964845 0
1743181044965469 0
1743181044966094 0
1743181044966719 0
1743181044967344 0
1743181044967969 0
1743181044968594 0
1743181044969220 0
1743181044969843 0
1743181044970469 0
1743181044971094 0
1743181044971719 0
1743181044972344 0
1743181044972969 0
1743181044973594 0
1743181044974219 0
1743181044974844 0
1743181044975469 -1
1743181044976094 0
1743181044976719 0
1743181044977345 0
1743181044977969 0
1743181044978594 0
1743181044979219 0
1743181044979844 0
1743181044980469 0
1743181044981095 0
1743181044981719 0
1743181044982344 0
1743181044982969 0
1743181044983594 0
1743181044984219 0
1743181044984844 0
1743181044985469 0
1743181044986094 0
1743181044986719 0
1743181044987344 0
1743181044987970 0
1743181044988594 0
1743181044989220 0
1743181044989844 0
1743181044990469 0
1743181044991094 0
1743181044991719 0
1743181044992344 0
1743181044992969 0
1743181044993594 0
1743181044994219 0
1743181044994844 -1
1743181044995469 0
1743181044996094 0
1743181044996719 0
1743181044997345 0
1743181044997969 0
1743181044998594 -1
1743181044999219 0
1743181044999844 0
1743181045000469 0
1743181045001095 0
1743181045001718 0
1743181045002344 0
1743181045002969 0
1743181045003594 0
1743181045004219 0
1743181045004844 0
1743181045005469 0
1743181045006094 0
1743181045006719 -1
1743181045007344 0
1743181045007969 0
1743181045008594 0
1743181045009220 0
1743181045009844 0
1743181045010469 0
1743181045011094 0
1743181045011719 0
1743181045012344 0
1743181045012969 0
1743181045013594 2047
1743181045014219 2047
1743181045014844 2047
1743181045015469 2047
1743181045016094 2047
1743181045016719 2047
1743181045017344 2047
1743181045017969 2047
1743181045018594 2047
1743181045019219 2047
1743181045019844 2047
1743181045020469 2047
1743181045021095 2047
1743181045021719 2047
1743181045022344 2047
1743181045022969 2047
1743181045023594 2047
1743181045024219 2047
1743181045024844 2047
1743181045025469 2047
1743181045026094 2047
1743181045026719 2047
1743181045027344 2047
1743181045027969 2047
1743181045028594 2047
1743181045029220 2047
1743181045029844 2047
1743181045030469 2047
1743181045031094 2047
1743181045031719 2047
1743181045032344 2047
1743181045032969 2047
1743181045033594 2047
1743181045034219 2047
1743181045034844 2047
1743181045035469 2047
1743181045036094 2047
1743181045036719 2047
1743181045037345 2047
1743181045037969 2047
1743181045038594 2047
1743181045039219 2047
1743181045039844 2047
1743181045040469 2047
1743181045041095 2047
1743181045041719 2047
1743181045042344 2047
1743181045042969 2047
1743181045043594 2047
1743181045044219 2047
1743181045044844 2047
1743181045045469 2047
1743181045046094 2047
1743181045046719 2047
1743181045047344 2047
1743181045047969 2047
1743181045048594 2047
1743181045049220 2047
1743181045049844 2047
1743181045050469 2047
1743181045051094 2047
1743181045051719 2047
1743181045052344 2047
1743181045052969 2047
1743181045053594 2047
1743181045054219 2047
1743181045054844 2047
1743181045055469 2047
1743181045056094 2047
1743181045056719 2047
1743181045057345 2047
1743181045057969 2047
1743181045058594 2047
1743181045059219 2047
1743181045059844 2047
1743181045060469 2047
1743181045061095 2047
1743181045061719 2047
1743181045062344 2047
1743181045062969 2047
1743181045063594 0
1743181045064219 0
1743181045064844 0
1743181045065470 0
1743181045066096 0
1743181045066719 0
1743181045067344 0
1743181045067969 0
1743181045068594 0
1743181045069220 0
1743181045069844 0
1743181045070469 0
1743181045071095 0
1743181045071719 0
1743181045072344 0
1743181045072969 0
1743181045073595 0
1743181045074220 0
1743181045074845 0
1743181045075470 0
1743181045076095 0
1743181045076719 0
1743181045077345 0
1743181045077970 0
1743181045078595 0
1743181045079219 0
1743181045079844 0
1743181045080470 0
1743181045081096 0
1743181045081719 0
1743181045082345 0
1743181045082970 0
1743181045083595 0
1743181045084220 0
1743181045084845 0
1743181045085470 0
1743181045086094 0
1743181045086720 0
1743181045087345 0
1743181045087970 0
1743181045088595 0
1743181045089220 0
1743181045089844 0
1743181045090470 0
1743181045091097 0
1743181045091720 0
1743181045092345 0
1743181045092970 0
1743181045093595 0
1743181045094220 0
1743181045094845 0
1743181045095471 0
1743181045096094 0
1743181045096719 0
1743181045097345 0
1743181045097970 0
1743181045098594 0
1743181045099220 0
1743181045099845 0
1743181045100470 0
1743181045101096 0
1743181045101719 0
1743181045102345 0
1743181045102970 0
1743181045103595 0
1743181045104219 0
1743181045104844 0
1743181045105470 0
1743181045106095 0
1743181045106720 0
1743181045107345 0
1743181045107970 0
1743181045108594 0
1743181045109220 0
1743181045109844 0
1743181045110470 0
1743181045111094 0
1743181045111720 0
1743181045112345 0
1743181045112970 323
1743181045113595 2047
1743181045114220 2047
1743181045114845 2047
1743181045115470 2047
1743181045116096 2047
1743181045116719 2047
1743181045117345 2047
1743181045117970 2047
1743181045118594 2047
1743181045119220 2047
1743181045119845 2047
1743181045120470 2047
1743181045121095 2047
1743181045121719 2047
1743181045122344 2047
1743181045122970 2047
1743181045123594 2047
1743181045124220 2047
1743181045124845 2047
1743181045125470 2047
1743181045126095 2047
1743181045126719 2047
1743181045127345 2047
1743181045127969 2047
1743181045128595 2047
1743181045129221 2047
1743181045129844 2047
1743181045130470 2047
1743181045131094 2047
1743181045131720 2047
1743181045132352 2047
1743181045132969 2047
1743181045133594 2047
1743181045134219 2047
1743181045134845 2047
1743181045135469 2047
1743181045136095 2047
1743181045136720 2047
1743181045137345 2047
1743181045137970 2047
1743181045138594 2047
1743181045139220 2047
1743181045139845 2047
1743181045140469 2047
1743181045141096 2047
1743181045141719 2047
1743181045142345 2047
1743181045142970 2047
1743181045143595 2047
1743181045144220 2047
1743181045144844 2047
1743181045145471 2047
1743181045146094 2047
1743181045146719 2047
1743181045147345 2047
1743181045147969 2047
1743181045148595 2047
1743181045149221 2047
1743181045149844 2047
1743181045150470 2047
1743181045151094 2047
1743181045151720 2047
1743181045152344 2047
1743181045152970 2047
1743181045153594 2047
1743181045154219 2047
1743181045154844 2047
1743181045155469 2047
1743181045156094 2047
1743181045156719 2047
1743181045157344 2047
1743181045157970 2047
1743181045158594 2047
1743181045159219 2047
1743181045159844 2047
1743181045160469 2047
1743181045161095 2047
1743181045161718 2047
1743181045162345 2047
1743181045162969 2047
1743181045163594 0
1743181045164219 0
1743181045164844 0
1743181045165469 0
1743181045166094 0
1743181045166719 0
1743181045167344 0
1743181045167969 0
1743181045168594 0
1743181045169220 0
1743181045169843 0
1743181045170470 0
1743181045171094 0
1743181045171719 0
1743181045172344 0
1743181045172969 0
1743181045173594 0
1743181045174219 0
1743181045174845 0
1743181045175469 0
1743181045176094 0
1743181045176719 0
1743181045177344 0
1743181045177970 0
1743181045178594 0
1743181045179219 0
1743181045179844 0
1743181045180469 0
1743181045181095 0
1743181045181718 0
1743181045182344 0
1743181045182970 0
1743181045183594 0
1743181045184219 0
1743181045184844 0
1743181045185469 0
1743181045186094 0
1743181045186719 0
1743181045187345 0
1743181045187969 0
1743181045188594 0
1743181045189220 0
1743181045189843 0
1743181045190469 0
1743181045191094 0
1743181045191720 0
1743181045192345 0
1743181045192969 0
1743181045193594 0
1743181045194219 0
1743181045194844 0
1743181045195470 0
1743181045196094 0
1743181045196719 0
1743181045197344 0
1743181045197969 0
1743181045198594 0
1743181045199219 0
1743181045199845 0
1743181045200469 0
1743181045201095 0
1743181045201718 0
1743181045202344 0
1743181045202969 0
1743181045203594 0
1743181045204220 0
1743181045204844 0
1743181045205469 0
1743181045206094 0
1743181045206719 0
1743181045207344 0
1743181045207969 0
1743181045208594 0
1743181045209220 0
1743181045209844 0
1743181045210469 0
1743181045211094 0
1743181045211719 0
1743181045212345 0
1743181045212969 0
1743181045213595 2047
1743181045214219 2047
1743181045214845 2047
1743181045215470 2047
1743181045216095 2047
1743181045216720 2047
1743181045217345 2047
1743181045217970 2047
1743181045218595 2047
1743181045219220 2047
1743181045219845 2047
1743181045220469 2047
1743181045221096 2047
1743181045221719 2047
1743181045222345 2047
1743181045222970 2047
1743181045223595 2047
1743181045224219 2047
1743181045224846 2047
1743181045225469 2047
1743181045226095 2047
1743181045226719 2047
1743181045227345 2047
1743181045227970 2047
1743181045228594 2047
1743181045229221 2047
1743181045229844 2047
1743181045230470 2047
1743181045231095 2047
1743181045231720 2047
1743181045232345 2047
1743181045232969 2047
1743181045233595 2047
1743181045234220 2047
1743181045234844 2047
1743181045235469 2047
1743181045236094 2047
1743181045236719 2047
1743181045237345 2047
1743181045237969 2047
1743181045238594 2047
1743181045239219 2047
1743181045239844 2047
1743181045240469 2047
1743181045241095 2047
1743181045241719 2047
1743181045242344 2047
1743181045242969 2047
1743181045243594 2047
1743181045244219 2047
1743181045244844 2047
1743181045245469 2047
1743181045246094 2047
1743181045246719 2047
1743181045247344 2047
1743181045247970 2047
1743181045248594 2047
1743181045249220 2047
1743181045249844 2047
1743181045250469 2047
1743181045251094 2047
1743181045251719 2047
1743181045252344 2047
1743181045252969 2047
1743181045253594 2047
1743181045254220 2047
1743181045254844 2047
1743181045255470 2047
1743181045256094 2047
1743181045256719 2047
1743181045257344 2047
1743181045257969 2047
1743181045258595 2047
1743181045259219 2047
1743181045259844 2047
1743181045260469 2047
1743181045261095 2047
1743181045261718 2047
1743181045262344 2047
1743181045262969 2047
1743181045263594 0
1743181045264219 0
1743181045264844 0
1743181045265469 0
1743181045266094 0
1743181045266719 0
1743181045267344 0
1743181045267969 0
1743181045268594 0
1743181045269220 0
1743181045269843 0
1743181045270469 0
1743181045271094 0
1743181045271719 0
1743181045272344 0
1743181045272969 0
1743181045273594 0
1743181045274219 0
1743181045274844 0
1743181045275469 0
1743181045276094 0
1743181045276719 0
1743181045277345 0
1743181045277969 0
1743181045278594 0
1743181045279219 0
1743181045279844 0
1743181045280469 0
1743181045281095 0
1743181045281719 0
1743181045282344 0
1743181045282969 0
1743181045283595 0
1743181045284219 0
1743181045284844 0
1743181045285469 0
1743181045286094 0
1743181045286719 0
1743181045287344 0
1743181045287969 0
1743181045288594 0
1743181045289220 0
1743181045289843 0
1743181045290469 0
1743181045291094 0
1743181045291719 0
1743181045292344 0
1743181045292969 0
1743181045293594 0
1743181045294219 0
1743181045294844 0
1743181045295469 0
1743181045296094 0
1743181045296719 0
1743181045297345 0
1743181045297969 0
1743181045298594 0
1743181045299219 0
1743181045299844 0
1743181045300470 0
1743181045301095 0
1743181045301718 0
1743181045302344 0
1743181045302969 0
1743181045303594 0
1743181045304219 0
1743181045304844 0
1743181045305469 0
1743181045306094 0
1743181045306719 0
1743181045307344 0
1743181045307969 0
1743181045308594 0
1743181045309220 0
1743181045309844 0
1743181045310469 0
1743181045311094 0
1743181045311719 0
1743181045312344 0
1743181045312969 0
1743181045313594 1452
1743181045314219 2047
1743181045314844 2047
1743181045315469 2047
1743181045316094 2047
1743181045316719 2047
1743181045317344 2047
1743181045317969 2047
1743181045318594 2047
1743181045319219 2047
1743181045319844 2047
1743181045320469 2047
1743181045321095 2047
1743181045321719 2047
1743181045322344 2047
1743181045322969 2047
1743181045323594 2047
1743181045324219 2047
1743181045324844 2047
1743181045325469 2047
1743181045326094 2047
1743181045326719 2047
1743181045327344 2047
1743181045327969 2047
1743181045328595 2047
1743181045329220 2047
1743181045329844 2047
1743181045330469 2047
1743181045331094 2047
1743181045331719 2047
1743181045332344 2047
1743181045332970 2047
1743181045333595 2047
1743181045334219 2047
1743181045334844 2047
1743181045335469 2047
1743181045336094 2047
1743181045336719 2047
1743181045337345 2047
1743181045337969 2047
1743181045338594 2047
1743181045339219 2047
1743181045339844 2047
1743181045340469 2047
1743181045341095 2047
1743181045341718 2047
1743181045342344 2047
1743181045342969 2047
1743181045343594 2047
1743181045344219 2047
1743181045344844 2047
1743181045345470 2047
1743181045346094 2047
1743181045346719 2047
1743181045347344 2047
1743181045347969 2047
1743181045348594 2047
1743181045349220 2047
1743181045349843 2047
1743181045350469 2047
1743181045351094 2047
1743181045351719 2047
1743181045352344 2047
1743181045352969 2047
1743181045353594 2047
1743181045354219 2047
1743181045354844 2047
1743181045355469 2047
1743181045356094 2047
1743181045356719 2047
1743181045357344 2047
1743181045357970 2047
1743181045358594 2047
1743181045359219 2047
1743181045359844 2047
1743181045360469 2047
1743181045361095 2047
1743181045361718 2047
1743181045362344 2047
1743181045362969 2047
1743181045363594 887
1743181045364219 0
1743181045364844 0
1743181045365469 0
1743181045366094 0
1743181045366719 0
1743181045367344 0
1743181045367969 0
1743181045368594 0
1743181045369220 0
1743181045369844 0
1743181045370469 0
1743181045371094 0
1743181045371721 0
1743181045372343 0
1743181045372969 0
1743181045373595 0
1743181045374220 0
1743181045374845 0
1743181045375469 0
1743181045376095 0
1743181045376719 0
1743181045377345 0
1743181045377970 0
1743181045378594 0
1743181045379219 0
1743181045379844 0
1743181045380469 0
1743181045381094 0
1743181045381719 0
1743181045382344 0
1743181045382969 0
1743181045383594 0
1743181045384219 0
1743181045384844 0
1743181045385470 0
1743181045386094 0
1743181045386719 0
1743181045387344 0
1743181045387969 0
1743181045388594 0
1743181045389220 0
1743181045389844 0
1743181045390469 0
1743181045391094 0
1743181045391719 0
1743181045392344 0
1743181045392969 0
1743181045393595 0
1743181045394219 0
1743181045394844 0
1743181045395469 0
1743181045396094 0
1743181045396719 0
1743181045397344 0
1743181045397969 0
1743181045398594 0
1743181045399219 0
1743181045399844 0
1743181045400469 0
1743181045401095 0
1743181045401718 0
1743181045402344 0
1743181045402969 0
1743181045403594 0
1743181045404219 0
1743181045404844 0
1743181045405470 0
1743181045406094 0
1743181045406719 0
1743181045407344 0
1743181045407969 0
1743181045408594 0
1743181045409220 0
1743181045409844 0
1743181045410470 0
1743181045411094 0
1743181045411719 0
1743181045412344 0
1743181045412969 0
1743181045413595 0
1743181045414220 2047
1743181045414845 2047
1743181045415469 2047
1743181045416095 2047
1743181045416720 2047
1743181045417345 2047
1743181045417970 2047
1743181045418595 2047
1743181045419219 2047
1743181045419844 2047
1743181045420469 2047
1743181045421095 2047
1743181045421719 2047
1743181045422345 2047
1743181045422970 2047
1743181045423595 2047
1743181045424220 2047
1743181045424844 2047
1743181045425470 2047
1743181045426095 2047
1743181045426720 2047
1743181045427345 2047
1743181045427969 2047
1743181045428595 2047
1743181045429220 2047
1743181045429844 2047
1743181045430470 2047
1743181045431095 2047
1743181045431720 2047
1743181045432345 2047
1743181045432970 2047
1743181045433595 2047
1743181045434219 2047
1743181045434844 2047
1743181045435469 2047
1743181045436094 2047
1743181045436719 2047
1743181045437344 2047
1743181045437969 2047
1743181045438594 2047
1743181045439219 2047
1743181045439844 2047
1743181045440469 2047
1743181045441094 2047
1743181045441719 2047
1743181045442344 2047
1743181045442969 2047
1743181045443594 2047
1743181045444219 2047
1743181045444844 2047
1743181045445469 2047
1743181045446094 2047
1743181045446719 2047
1743181045447344 2047
1743181045447969 2047
1743181045448594 2047
1743181045449220 2047
1743181045449844 2047
1743181045450469 2047
1743181045451094 2047
1743181045451719 2047
1743181045452344 2047
1743181045452969 2047
1743181045453594 2047
1743181045454219 2047
1743181045454844 2047
1743181045455469 2047
1743181045456094 2047
1743181045456719 2047
1743181045457344 2047
1743181045457969 2047
1743181045458594 2047
1743181045459219 2047
1743181045459844 2047
1743181045460469 2047
1743181045461095 2047
1743181045461719 2047
1743181045462344 2047
1743181045462969 2047
1743181045463594 2047
1743181045464219 0
1743181045464844 0
1743181045465469 0
1743181045466094 0
1743181045466719 0
1743181045467344 0
1743181045467969 0
1743181045468594 0
1743181045469220 0
1743181045469844 0
1743181045470469 0
1743181045471094 0
1743181045471719 0
1743181045472344 0
1743181045472969 0
1743181045473594 0
1743181045474219 0
1743181045474844 0
1743181045475469 0
1743181045476094 0
1743181045476719 0
1743181045477344 0
1743181045477969 0
1743181045478594 0
1743181045479219 0
1743181045479844 0
1743181045480469 0
1743181045481095 0
1743181045481718 0
1743181045482344 0
1743181045482969 0
1743181045483594 0
1743181045484219 0
1743181045484844 0
1743181045485469 0
1743181045486094 0
1743181045486719 0
1743181045487344 0
1743181045487969 0
1743181045488594 0
1743181045489220 0
1743181045489843 0
1743181045490469 0
1743181045491094 0
1743181045491719 0
1743181045492344 0
1743181045492969 0
1743181045493595 0
1743181045494220 0
1743181045494845 0
1743181045495470 0
1743181045496095 0
1743181045496720 0
1743181045497345 0
1743181045497969 0
1743181045498595 0
1743181045499219 0
1743181045499845 0
1743181045500469 0
1743181045501095 0
1743181045501719 0
1743181045502344 0
1743181045502970 0
1743181045503594 0
1743181045504220 0
1743181045504845 0
1743181045505470 0
1743181045506095 0
1743181045506719 0
1743181045507345 0
1743181045507970 0
1743181045508595 0
1743181045509221 0
1743181045509844 0
1743181045510469 0
1743181045511094 0
1743181045511719 0
1743181045512345 0
1743181045512969 0
1743181045513594 0
1743181045514219 2047
1743181045514844 2047
1743181045515469 2047
1743181045516094 2047
1743181045516719 2047
1743181045517345 2047
1743181045517969 2047
1743181045518594 2047
1743181045519219 2047
1743181045519844 2047
1743181045520469 2047
1743181045521095 2047
1743181045521719 2047
1743181045522344 2047
1743181045522969 2047
1743181045523594 2047
1743181045524219 2047
1743181045524844 2047
1743181045525469 2047
1743181045526094 2047
1743181045526719 2047
1743181045527344 2047
1743181045527969 2047
1743181045528594 2047
1743181045529220 2047
1743181045529844 2047
1743181045530469 2047
1743181045531094 2047
1743181045531719 2047
1743181045532344 2047
1743181045532969 2047
1743181045533594 2047
1743181045534219 2047
1743181045534844 2047
1743181045535469 2047
1743181045536094 2047
1743181045536719 2047
1743181045537344 2047
1743181045537969 2047
1743181045538594 2047
1743181045539219 2047
1743181045539844 2047
1743181045540469 2047
1743181045541095 2047
1743181045541719 2047
1743181045542344 2047
1743181045542969 2047
1743181045543594 2047
1743181045544219 2047
1743181045544844 2047
1743181045545469 2047
1743181045546094 2047
1743181045546719 2047
1743181045547344 2047
1743181045547969 2047
1743181045548594 2047
1743181045549220 2047
1743181045549844 2047
1743181045550469 2047
1743181045551094 2047
1743181045551719 2047
1743181045552344 2047
1743181045552969 2047
1743181045553594 2047
1743181045554219 2047
1743181045554844 2047
1743181045555469 2047
1743181045556094 2047
1743181045556719 2047
1743181045557345 2047
1743181045557969 2047
1743181045558594 2047
1743181045559219 2047
1743181045559844 2047
1743181045560469 2047
1743181045561095 2047
1743181045561719 2047
1743181045562344 2047
1743181045562969 2047
1743181045563594 2047
1743181045564219 0
1743181045564844 0
1743181045565470 0
1743181045566094 0
1743181045566719 0
1743181045567344 0
1743181045567969 0
1743181045568594 0
1743181045569220 0
1743181045569844 0
1743181045570469 0
1743181045571094 0
1743181045571719 0
1743181045572344 0
1743181045572969 0
1743181045573594 0
1743181045574219 0
1743181045574844 0
1743181045575469 0
1743181045576094 0
1743181045576719 0
1743181045577345 0
1743181045577969 0
1743181045578594 0
1743181045579219 0
1743181045579844 0
1743181045580469 0
1743181045581095 0
1743181045581719 0
1743181045582345 0
1743181045582969 0
1743181045583594 0
1743181045584219 0
1743181045584844 0
1743181045585470 0
1743181045586094 0
1743181045586719 0
1743181045587344 0
1743181045587970 0
1743181045588594 0
1743181045589220 0
1743181045589843 0
1743181045590469 0
1743181045591094 0
1743181045591719 0
1743181045592344 0
1743181045592969 0
1743181045593594 0
1743181045594219 0
1743181045594844 0
1743181045595469 0
1743181045596094 0
1743181045596719 0
1743181045597345 0
1743181045597969 0
1743181045598594 0
1743181045599219 0
1743181045599844 0
1743181045600469 0
1743181045601095 0
1743181045601719 0
1743181045602344 0
1743181045602969 0
1743181045603594 0
1743181045604219 0
1743181045604844 0
1743181045605469 0
1743181045606094 0
1743181045606719 0
1743181045607344 0
1743181045607969 0
1743181045608594 0
1743181045609220 0
1743181045609843 0
1743181045610469 0
1743181045611094 0
1743181045611719 0
1743181045612344 0
1743181045612969 0
1743181045613594 0
1743181045614220 2047
1743181045614844 2047
1743181045615469 2047
1743181045616094 2047
1743181045616719 2047
1743181045617344 2047
1743181045617969 2047
1743181045618594 2047
1743181045619219 2047
1743181045619844 2047
1743181045620470 2047
1743181045621095 2047
1743181045621718 2047
1743181045622344 2047
1743181045622969 2047
1743181045623595 2047
1743181045624219 2047
1743181045624844 2047
1743181045625469 2047
1743181045626094 2047
1743181045626720 2047
1743181045627344 2047
1743181045627969 2047
1743181045628595 2047
1743181045629220 2047
1743181045629843 2047
1743181045630469 2047
1743181045631094 2047
1743181045631719 2047
1743181045632344 2047
1743181045632970 2047
1743181045633595 2047
1743181045634220 2047
1743181045634844 2047
1743181045635470 2047
1743181045636095 2047
1743181045636719 2047
1743181045637345 2047
1743181045637970 2047
1743181045638594 2047
1743181045639220 2047
1743181045639844 2047
1743181045640470 2047
1743181045641096 2047
1743181045641719 2047
1743181045642345 2047
1743181045642969 2047
1743181045643595 2047
1743181045644220 2047
1743181045644844 2047
1743181045645470 2047
1743181045646094 2047
1743181045646720 2047
1743181045647345 2047
1743181045647969 2047
1743181045648595 2047
1743181045649220 2047
1743181045649844 2047
1743181045650470 2047
1743181045651094 2047
1743181045651720 2047
1743181045652345 2047
1743181045652970 2047
1743181045653595 2047
1743181045654219 2047
1743181045654845 2047
1743181045655469 2047
1743181045656095 2047
1743181045656719 2047
1743181045657345 2047
1743181045657969 2047
1743181045658594 2047
1743181045659220 2047
1743181045659845 2047
1743181045660470 2047
1743181045661095 2047
1743181045661719 2047
1743181045662345 2047
1743181045662969 2047
1743181045663595 2047
1743181045664220 0
1743181045664844 0
1743181045665470 0
1743181045666095 0
1743181045666720 0
1743181045667345 0
1743181045667969 0
1743181045668595 0
1743181045669220 0
1743181045669844 0
1743181045670470 0
1743181045671094 0
1743181045671720 0
1743181045672344 0
1743181045672969 0
1743181045673595 0
1743181045674219 0
1743181045674844 0
1743181045675469 0
1743181045676095 0
1743181045676720 0
1743181045677345 0
1743181045677970 0
1743181045678595 0
1743181045679220 0
1743181045679845 0
1743181045680469 0
1743181045681095 0
1743181045681719 0
1743181045682345 0
1743181045682970 0
1743181045683594 0
1743181045684219 0
1743181045684844 0
1743181045685470 0
1743181045686095 0
1743181045686719 0
1743181045687345 0
1743181045687970 0
1743181045688595 0
1743181045689220 0
1743181045689844 0
1743181045690470 0
1743181045691094 0
1743181045691719 0
1743181045692344 0
1743181045692970 0
1743181045693594 0
1743181045694219 0
1743181045694844 0
1743181045695469 0
1743181045696094 0
1743181045696719 0
1743181045697344 0
1743181045697969 0
1743181045698594 0
1743181045699219 0
1743181045699844 0
1743181045700469 0
1743181045701095 0
1743181045701719 0
1743181045702344 0
1743181045702969 0
1743181045703594 0
1743181045704219 0
1743181045704844 0
1743181045705469 0
1743181045706094 0
1743181045706719 0
1743181045707344 0
1743181045707969 0
1743181045708594 0
1743181045709220 0
1743181045709843 0
1743181045710469 0
1743181045711094 0
1743181045711719 -1
1743181045712344 0
1743181045712969 0
1743181045713594 0
1743181045714219 1291
1743181045714845 2047
1743181045715469 2047
1743181045716094 2047
1743181045716719 2047
1743181045717344 2047
1743181045717969 2047
1743181045718595 2047
1743181045719219 2047
1743181045719844 2047
1743181045720469 2047
1743181045721095 2047
1743181045721718 2047
1743181045722344 2047
1743181045722969 2047
1743181045723594 2047
1743181045724219 2047
1743181045724844 2047
1743181045725469 2047
1743181045726094 2047
1743181045726719 2047
1743181045727344 2047
1743181045727969 2047
1743181045728594 2047
1743181045729220 2047
1743181045729844 2047
1743181045730469 2047
1743181045731094 2047
1743181045731719 2047
1743181045732344 2047
1743181045732969 2047
1743181045733594 2047
1743181045734219 2047
1743181045734844 2047
1743181045735469 2047
1743181045736094 2047
1743181045736719 2047
1743181045737344 2047
1743181045737969 2047
1743181045738594 2047
1743181045739219 2047
1743181045739844 2047
1743181045740469 2047
1743181045741095 2047
1743181045741719 2047
1743181045742344 2047
1743181045742969 2047
1743181045743594 2047
1743181045744220 2047
1743181045744844 2047
1743181045745469 2047
1743181045746094 2047
1743181045746719 2047
1743181045747344 2047
1743181045747969 2047
1743181045748594 2047
1743181045749220 2047
1743181045749843 2047
1743181045750469 2047
1743181045751094 2047
1743181045751719 2047
1743181045752344 2047
1743181045752969 2047
1743181045753594 2047
1743181045754219 2047
1743181045754844 2047
1743181045755469 2047
1743181045756094 2047
1743181045756719 2047
1743181045757344 2047
1743181045757969 2047
1743181045758594 2047
1743181045759219 2047
1743181045759844 2047
1743181045760469 2047
1743181045761095 2047
1743181045761719 2047
1743181045762344 2047
1743181045762969 2047
1743181045763594 2047
1743181045764220 1262
1743181045764845 0
1743181045765469 0
1743181045766094 0
1743181045766719 0
1743181045767344 0
1743181045767969 0
1743181045768594 0
1743181045769220 0
1743181045769843 0
1743181045770469 0
1743181045771094 0
1743181045771719 0
1743181045772344 0
1743181045772969 0
1743181045773594 0
1743181045774219 0
1743181045774844 0
1743181045775469 0
1743181045776094 0
1743181045776719 0
1743181045777344 0
1743181045777969 0
1743181045778594 0
1743181045779219 0
1743181045779844 0
1743181045780469 0
1743181045781095 0
1743181045781719 0
1743181045782344 0
1743181045782969 0
1743181045783594 0
1743181045784219 0
1743181045784844 0
1743181045785469 0
1743181045786094 0
1743181045786719 0
1743181045787344 0
1743181045787969 0
1743181045788594 0
1743181045789220 0
1743181045789843 0
1743181045790469 0
1743181045791094 0
1743181045791719 0
1743181045792344 0
1743181045792969 0
1743181045793594 0
1743181045794219 0
1743181045794844 0
1743181045795469 0
1743181045796094 0
1743181045796719 0
1743181045797345 0
1743181045797969 0
1743181045798594 0
1743181045799219 0
1743181045799844 0
1743181045800469 0
1743181045801095 0
1743181045801718 0
1743181045802344 0
1743181045802969 0
1743181045803594 0
1743181045804219 0
1743181045804844 0
1743181045805469 0
1743181045806094 0
1743181045806719 0
1743181045807344 0
1743181045807969 0
1743181045808594 0
1743181045809220 0
1743181045809844 0
1743181045810469 0
1743181045811094 0
1743181045811719 0
1743181045812344 0
1743181045812969 0
1743181045813595 0
1743181045814220 0
1743181045814844 2047
1743181045815470 2047
1743181045816095 2047
1743181045816719 2047
1743181045817345 2047
1743181045817970 2047
1743181045818595 2047
1743181045819219 2047
1743181045819845 2047
1743181045820470 2047
1743181045821095 2047
1743181045821719 2047
1743181045822344 2047
1743181045822970 2047
1743181045823595 2047
1743181045824219 2047
1743181045824845 2047
1743181045825469 2047
1743181045826095 2047
1743181045826720 2047
1743181045827344 2047
1743181045827970 2047
1743181045828595 2047
1743181045829220 2047
1743181045829844 2047
1743181045830469 2047
1743181045831094 2047
1743181045831719 2047
1743181045832344 2047
1743181045832969 2047
1743181045833594 2047
1743181045834219 2047
1743181045834844 2047
1743181045835469 2047
1743181045836094 2047
1743181045836719 2047
1743181045837344 2047
1743181045837969 2047
1743181045838595 2047
1743181045839219 2047
1743181045839844 2047
1743181045840469 2047
1743181045841095 2047
1743181045841718 2047
1743181045842344 2047
1743181045842969 2047
1743181045843594 2047
1743181045844219 2047
1743181045844844 2047
1743181045845469 2047
1743181045846094 2047
1743181045846719 2047
1743181045847344 2047
1743181045847969 2047
1743181045848594 2047
1743181045849220 2047
1743181045849843 2047
1743181045850469 2047
1743181045851094 2047
1743181045851719 2047
1743181045852344 2047
1743181045852969 2047
1743181045853595 2047
1743181045854220 2047
1743181045854844 2047
1743181045855470 2047
1743181045856095 2047
1743181045856719 2047
1743181045857345 2047
1743181045857969 2047
1743181045858595 2047
1743181045859220 2047
1743181045859844 2047
1743181045860469 2047
1743181045861095 2047
1743181045861719 2047
1743181045862345 2047
1743181045862969 2047
1743181045863595 2047
1743181045864219 2047
1743181045864845 0
1743181045865470 0
1743181045866094 0
1743181045866720 0
1743181045867344 0
1743181045867970 0
1743181045868595 0
1743181045869220 0
1743181045869844 0
1743181045870470 0
1743181045871095 0
1743181045871720 0
1743181045872345 0
1743181045872970 0
1743181045873594 0
1743181045874220 0
1743181045874845 0
1743181045875469 0
1743181045876094 0
1743181045876719 0
1743181045877344 0
1743181045877969 0
1743181045878594 0
1743181045879219 0
1743181045879844 0
1743181045880469 0
1743181045881095 0
1743181045881719 0
1743181045882344 0
1743181045882969 0
1743181045883594 0
1743181045884219 0
1743181045884844 0
1743181045885469 0
1743181045886094 0
1743181045886719 0
1743181045887344 0
1743181045887969 0
1743181045888594 0
1743181045889220 0
1743181045889844 0
1743181045890469 0
1743181045891094 0
1743181045891719 0
1743181045892344 0
1743181045892969 0
1743181045893594 0
1743181045894219 0
1743181045894844 0
1743181045895469 0
1743181045896094 0
1743181045896719 0
1743181045897345 0
1743181045897970 0
1743181045898594 0
1743181045899219 0
1743181045899844 0
1743181045900469 0
1743181045901095 0
1743181045901718 0
1743181045902344 0
1743181045902969 0
1743181045903594 0
1743181045904219 0
1743181045904844 0
1743181045905470 0
1743181045906094 0
1743181045906719 0
1743181045907344 0
1743181045907969 0
1743181045908594 0
1743181045909220 0
1743181045909844 0
1743181045910469 0
1743181045911094 0
1743181045911719 0
1743181045912344 0
1743181045912969 0
1743181045913594 0
1743181045914220 0
1743181045914844 2047
1743181045915469 2047
1743181045916094 2047
1743181045916719 2047
1743181045917344 2047
1743181045917969 2047
1743181045918594 2047
1743181045919219 2047
1743181045919844 2047
1743181045920469 2047
1743181045921095 2047
1743181045921718 2047
1743181045922344 2047
1743181045922969 2047
1743181045923594 2047
1743181045924219 2047
1743181045924844 2047
1743181045925469 2047
1743181045926094 2047
1743181045926719 2047
1743181045927344 2047
1743181045927969 2047
1743181045928594 2047
1743181045929220 2047
1743181045929844 2047
1743181045930469 2047
1743181045931094 2047
1743181045931719 2047
1743181045932344 2047
1743181045932969 2047
1743181045933595 2047
1743181045934219 2047
1743181045934844 2047
1743181045935469 2047
1743181045936094 2047
1743181045936719 2047
1743181045937344 2047
1743181045937969 2047
1743181045938594 2047
1743181045939219 2047
1743181045939844 2047
1743181045940469 2047
1743181045941095 2047
1743181045941718 2047
1743181045942344 2047
1743181045942969 2047
1743181045943594 2047
1743181045944219 2047
1743181045944844 2047
1743181045945469 2047
1743181045946094 2047
1743181045946720 2047
1743181045947344 2047
1743181045947969 2047
1743181045948595 2047
1743181045949220 2047
1743181045949844 2047
1743181045950469 2047
1743181045951094 2047
1743181045951719 2047
1743181045952344 2047
1743181045952970 2047
1743181045953594 2047
1743181045954219 2047
1743181045954844 2047
1743181045955469 2047
1743181045956094 2047
1743181045956719 2047
1743181045957344 2047
1743181045957969 2047
1743181045958594 2047
1743181045959219 2047
1743181045959844 2047
1743181045960469 2047
1743181045961095 2047
1743181045961718 2047
1743181045962344 2047
1743181045962969 2047
1743181045963594 2047
1743181045964219 2047
1743181045964844 0
1743181045965470 0
1743181045966094 0
1743181045966719 0
1743181045967344 0
1743181045967969 0
1743181045968594 0
1743181045969220 0
1743181045969843 0
1743181045970469 0
1743181045971094 0
1743181045971719 0
1743181045972344 0
1743181045972969 0
1743181045973594 0
1743181045974219 0
1743181045974844 0
1743181045975469 0
1743181045976094 0
1743181045976719 0
1743181045977344 0
1743181045977970 0
1743181045978594 0
1743181045979219 0
1743181045979844 0
1743181045980469 0
1743181045981095 0
1743181045981719 0
1743181045982344 0
1743181045982969 0
1743181045983594 0
1743181045984219 0
1743181045984844 0
1743181045985469 0
1743181045986094 0
1743181045986719 0
1743181045987344 0
1743181045987969 0
1743181045988594 0
1743181045989220 0
1743181045989844 0
1743181045990469 0
1743181045991094 0
1743181045991720 0
1743181045992344 0
1743181045992969 0
1743181045993594 0
1743181045994219 0
1743181045994844 0
1743181045995469 0
1743181045996094 0
1743181045996719 0
1743181045997344 0
1743181045997969 0
1743181045998594 0
1743181045999219 0
1743181045999844 0
1743181046000469 0
1743181046001095 -1
1743181046001719 0
1743181046002344 0
1743181046002969 0
1743181046003594 0
1743181046004219 0
1743181046004844 0
1743181046005469 0
1743181046006094 0
1743181046006719 0
1743181046007344 0
1743181046007969 0
1743181046008594 0
1743181046009220 0
1743181046009843 0
1743181046010469 0
1743181046011094 0
1743181046011719 0
1743181046012344 0
1743181046012969 0
1743181046013594 0
1743181046014219 0
1743181046014844 2047
1743181046015470 2047
1743181046016094 2047
1743181046016719 2047
1743181046017344 2047
1743181046017969 2047
1743181046018594 2047
1743181046019219 2047
1743181046019844 2047
1743181046020469 2047
1743181046021095 2047
1743181046021719 2047
1743181046022344 2047
1743181046022969 2047
1743181046023594 2047
1743181046024220 2047
1743181046024845 2047
1743181046025469 2047
1743181046026094 2047
1743181046026719 2047
1743181046027344 2047
1743181046027969 2047
1743181046028594 2047
1743181046029220 2047
1743181046029843 2047
1743181046030469 2047
1743181046031094 2047
1743181046031719 2047
1743181046032344 2047
1743181046032969 2047
1743181046033594 2047
1743181046034219 2047
1743181046034844 2047
1743181046035469 2047
1743181046036094 2047
1743181046036719 2047
1743181046037344 2047
1743181046037969 2047
1743181046038594 2047
1743181046039219 2047
1743181046039844 2047
1743181046040469 2047
1743181046041095 2047
1743181046041719 2047
1743181046042344 2047
1743181046042969 2047
1743181046043594 2047
1743181046044219 2047
1743181046044844 2047
1743181046045469 2047
1743181046046094 2047
1743181046046719 2047
1743181046047344 2047
1743181046047969 2047
1743181046048594 2047
1743181046049220 2047
1743181046049844 2047
1743181046050469 2047
1743181046051094 2047
1743181046051719 2047
1743181046052344 2047
1743181046052969 2047
1743181046053594 2047
1743181046054219 2047
1743181046054844 2047
1743181046055469 2047
1743181046056094 2047
1743181046056719 2047
1743181046057344 2047
1743181046057969 2047
1743181046058594 2047
1743181046059219 2047
1743181046059844 2047
1743181046060469 2047
1743181046061095 2047
1743181046061719 2047
1743181046062344 2047
1743181046062969 2047
1743181046063594 2047
1743181046064219 2047
1743181046064844 0
1743181046065469 0
1743181046066094 0
1743181046066720 0
1743181046067344 0
1743181046067969 0
1743181046068594 0
1743181046069220 0
1743181046069843 0
1743181046070470 0
1743181046071094 0
1743181046071719 0
1743181046072344 0
1743181046072969 0
1743181046073594 0
1743181046074220 0
1743181046074845 0
1743181046075469 0
1743181046076094 0
1743181046076719 0
1743181046077345 0
1743181046077969 0
1743181046078594 0
1743181046079220 0
1743181046079845 0
1743181046080469 0
1743181046081095 0
1743181046081719 0
1743181046082344 0
1743181046082970 0
1743181046083594 0
1743181046084219 0
1743181046084844 0
1743181046085469 0
1743181046086094 0
1743181046086720 0
1743181046087345 0
1743181046087969 0
1743181046088594 0
1743181046089220 0
1743181046089844 0
1743181046090469 0
1743181046091094 0
1743181046091722 0
1743181046092344 0
1743181046092969 0
1743181046093595 0
1743181046094220 0
1743181046094844 0
1743181046095471 0
1743181046096094 0
1743181046096720 0
1743181046097345 0
1743181046097970 0
1743181046098595 0
1743181046099220 0
1743181046099845 0
1743181046100469 0
1743181046101095 0
1743181046101719 0
1743181046102345 0
1743181046102970 0
1743181046103595 0
1743181046104220 0
1743181046104845 0
1743181046105470 0
1743181046106095 0
1743181046106720 0
1743181046107344 0
1743181046107971 0
1743181046108594 0
1743181046109221 0
1743181046109844 0
1743181046110470 0
1743181046111095 0
1743181046111720 0
1743181046112345 0
1743181046112969 0
1743181046113595 0
1743181046114220 0
1743181046114845 1291
1743181046115470 2047
1743181046116095 2047
1743181046116720 2047
1743181046117345 2047
1743181046117969 2047
1743181046118595 2047
1743181046119220 2047
1743181046119844 2047
1743181046120469 2047
1743181046121095 2047
1743181046121719 2047
1743181046122345 2047
1743181046122970 2047
1743181046123594 2047
1743181046124219 2047
1743181046124846 2047
1743181046125470 2047
1743181046126094 2047
1743181046126720 2047
1743181046127344 2047
1743181046127970 2047
1743181046128595 2047
1743181046129221 2047
1743181046129844 2047
1743181046130470 2047
1743181046131094 2047
1743181046131720 2047
1743181046132344 2047
1743181046132970 2047
1743181046133594 2047
1743181046134220 2047
1743181046134844 2047
1743181046135469 2047
1743181046136094 2047
1743181046136719 2047
1743181046137345 2047
1743181046137969 2047
1743181046138594 2047
1743181046139219 2047
1743181046139844 2047
1743181046140469 2047
1743181046141095 2047
1743181046141719 2047
1743181046142344 2047
1743181046142969 2047
1743181046143594 2047
1743181046144219 2047
1743181046144845 2047
1743181046145469 2047
1743181046146094 2047
1743181046146720 2047
1743181046147344 2047
1743181046147969 2047
1743181046148594 2047
1743181046149220 2047
1743181046149845 2047
1743181046150469 2047
1743181046151095 2047
1743181046151719 2047
1743181046152344 2047
1743181046152969 2047
1743181046153594 2047
1743181046154220 2047
1743181046154844 2047
1743181046155469 2047
1743181046156094 2047
1743181046156719 2047
1743181046157344 2047
1743181046157969 2047
1743181046158594 2047
1743181046159219 2047
1743181046159844 2047
1743181046160469 2047
1743181046161095 2047
1743181046161718 2047
1743181046162345 2047
1743181046162969 2047
1743181046163594 2047
1743181046164219 2047
1743181046164844 1291
1743181046165469 0
1743181046166094 0
1743181046166720 0
1743181046167344 0
1743181046167969 0
1743181046168594 0
1743181046169220 0
1743181046169844 0
1743181046170469 0
1743181046171095 0
1743181046171719 0
1743181046172344 -1
1743181046172969 0
1743181046173594 0
1743181046174219 0
1743181046174845 0
1743181046175469 0
1743181046176094 0
1743181046176719 0
1743181046177344 0
1743181046177970 0
1743181046178594 0
1743181046179220 0
1743181046179844 0
1743181046180469 0
1743181046181095 0
1743181046181719 0
1743181046182344 0
1743181046182969 0
1743181046183595 0
1743181046184220 0
1743181046184844 0
1743181046185470 0
1743181046186094 0
1743181046186719 0
1743181046187344 0
1743181046187969 0
1743181046188594 0
1743181046189220 0
1743181046189844 0
1743181046190469 0
1743181046191094 0
1743181046191720 0
1743181046192344 0
1743181046192969 0
1743181046193595 0
1743181046194220 0
1743181046194845 0
1743181046195470 0
1743181046196095 0
1743181046196720 0
1743181046197345 0
1743181046197970 0
1743181046198594 0
1743181046199220 0
1743181046199844 0
1743181046200470 0
1743181046201096 0
1743181046201719 0
1743181046202345 0
1743181046202969 0
1743181046203595 0
1743181046204221 0
1743181046204844 0
1743181046205470 0
1743181046206095 0
1743181046206720 0
1743181046207345 0
1743181046207969 0
1743181046208595 0
1743181046209220 0
1743181046209844 0
1743181046210470 0
1743181046211094 0
1743181046211720 0
1743181046212344 0
1743181046212970 0
1743181046213595 0
1743181046214220 0
1743181046214845 0
1743181046215469 2047
1743181046216095 2047
1743181046216721 2047
1743181046217344 2047
1743181046217970 2047
1743181046218594 2047
1743181046219220 2047
1743181046219844 2047
1743181046220469 2047
1743181046221097 2047
1743181046221718 2047
1743181046222345 2047
1743181046222969 2047
1743181046223595 2047
1743181046224220 2047
1743181046224844 2047
1743181046225470 2047
1743181046226095 2047
1743181046226719 2047
1743181046227345 2047
1743181046227969 2047
1743181046228595 2047
1743181046229220 2047
1743181046229844 2047
1743181046230470 2047
1743181046231094 2047
1743181046231719 2047
1743181046232344 2047
1743181046232970 2047
1743181046233595 2047
1743181046234219 2047
1743181046234844 2047
1743181046235469 2047
1743181046236094 2047
1743181046236720 2047
1743181046237344 2047
1743181046237970 2047
1743181046238594 2047
1743181046239219 2047
1743181046239844 2047
1743181046240469 2047
1743181046241095 2047
1743181046241719 2047
1743181046242345 2047
1743181046242970 2047
1743181046243594 2047
1743181046244219 2047
1743181046244844 2047
1743181046245470 2047
1743181046246095 2047
1743181046246719 2047
1743181046247344 2047
1743181046247969 2047
1743181046248594 2047
1743181046249220 2047
1743181046249843 2047
1743181046250470 2047
1743181046251094 2047
1743181046251719 2047
1743181046252344 2047
1743181046252969 2047
1743181046253594 2047
1743181046254219 2047
1743181046254845 2047
1743181046255469 2047
1743181046256094 2047
1743181046256719 2047
1743181046257344 2047
1743181046257969 2047
1743181046258594 2047
1743181046259222 2047
1743181046259844 2047
1743181046260469 2047
1743181046261096 2047
1743181046261717 2047
1743181046262345 2047
1743181046262970 2047
1743181046263594 2047
1743181046264219 2047
1743181046264844 2047
1743181046265469 0
1743181046266094 0
1743181046266719 0
1743181046267344 0
1743181046267969 0
1743181046268594 0
1743181046269220 0
1743181046269843 0
1743181046270469 0
1743181046271094 0
1743181046271719 0
1743181046272344 0
1743181046272969 0
1743181046273595 0
1743181046274219 0
1743181046274844 0
1743181046275469 0
1743181046276094 0
1743181046276719 0
1743181046277344 0
1743181046277969 0
1743181046278594 0
1743181046279219 0
1743181046279844 0
1743181046280469 0
1743181046281095 0
1743181046281719 0
1743181046282344 0
1743181046282969 0
1743181046283594 0
1743181046284219 0
1743181046284844 0
1743181046285469 0
1743181046286094 0
1743181046286719 0
1743181046287344 0
1743181046287969 0
1743181046288594 0
1743181046289220 0
1743181046289843 0
1743181046290469 0
1743181046291094 0
1743181046291719 0
1743181046292344 0
1743181046292969 0
1743181046293595 0
1743181046294219 0
1743181046294845 0
1743181046295469 0
1743181046296094 0
1743181046296719 0
1743181046297344 0
1743181046297969 0
1743181046298594 0
1743181046299219 0
1743181046299844 0
1743181046300469 0
1743181046301095 0
1743181046301719 0
1743181046302344 0
1743181046302969 0
1743181046303594 0
1743181046304219 0
1743181046304844 0
1743181046305469 0
1743181046306094 0
1743181046306719 0
1743181046307344 0
1743181046307969 0
1743181046308594 0
1743181046309220 0
1743181046309844 0
1743181046310469 0
1743181046311094 0
1743181046311719 0
1743181046312344 0
1743181046312969 0
1743181046313594 0
1743181046314219 0
1743181046314844 0
1743181046315469 2047
1743181046316094 2047
1743181046316719 2047
1743181046317344 2047
1743181046317969 2047
1743181046318594 2047
1743181046319219 2047
1743181046319844 2047
1743181046320469 2047
1743181046321095 2047
1743181046321719 2047
1743181046322344 2047
1743181046322969 2047
1743181046323594 2047
1743181046324219 2047
1743181046324844 2047
1743181046325469 2047
1743181046326094 2047
1743181046326719 2047
1743181046327344 2047
1743181046327969 2047
1743181046328594 2047
1743181046329220 2047
1743181046329844 2047
1743181046330469 2047
1743181046331094 2047
1743181046331719 2047
1743181046332344 2047
1743181046332969 2047
1743181046333594 2047
1743181046334221 2047
1743181046334843 2047
1743181046335469 2047
1743181046336094 2047
1743181046336719 2047
1743181046337344 2047
1743181046337969 2047
1743181046338594 2047
1743181046339219 2047
1743181046339844 2047
1743181046340470 2047
1743181046341095 2047
1743181046341718 2047
1743181046342344 2047
1743181046342969 2047
1743181046343594 2047
1743181046344219 2047
1743181046344844 2047
1743181046345470 2047
1743181046346094 2047
1743181046346719 2047
1743181046347344 2047
1743181046347969 2047
1743181046348594 2047
1743181046349220 2047
1743181046349844 2047
1743181046350469 2047
1743181046351094 2047
1743181046351719 2047
1743181046352344 2047
1743181046352969 2047
1743181046353595 2047
1743181046354220 2047
1743181046354844 2047
1743181046355470 2047
1743181046356094 2047
1743181046356720 2047
1743181046357345 2047
1743181046357969 2047
1743181046358595 2047
1743181046359219 2047
1743181046359845 2047
1743181046360469 2047
1743181046361095 2047
1743181046361719 2047
1743181046362344 2047
1743181046362970 2047
1743181046363595 2047
1743181046364219 2047
1743181046364845 2047
1743181046365470 0
1743181046366095 0
1743181046366720 0
1743181046367345 0
1743181046367970 0
1743181046368595 0
1743181046369220 0
1743181046369844 0
1743181046370469 0
1743181046371095 0
1743181046371719 0
1743181046372345 0
1743181046372970 0
1743181046373595 0
1743181046374219 0
1743181046374844 0
1743181046375470 0
1743181046376095 0
1743181046376719 0
1743181046377345 0
1743181046377969 0
1743181046378595 0
1743181046379220 0
1743181046379844 0
1743181046380470 0
1743181046381095 0
1743181046381719 0
1743181046382345 0
1743181046382969 0
1743181046383594 0
1743181046384219 0
1743181046384845 0
1743181046385470 0
1743181046386094 0
1743181046386720 0
1743181046387344 0
1743181046387970 0
1743181046388595 0
1743181046389220 0
1743181046389844 0
1743181046390469 0
1743181046391095 0
1743181046391719 0
1743181046392345 0
1743181046392970 0
1743181046393595 0
1743181046394220 0
1743181046394845 0
1743181046395470 0
1743181046396095 0
1743181046396719 0
1743181046397345 0
1743181046397969 0
1743181046398595 0
1743181046399220 0
1743181046399844 0
1743181046400470 0
1743181046401095 0
1743181046401719 0
1743181046402345 0
1743181046402969 0
1743181046403594 0
1743181046404219 0
1743181046404844 0
1743181046405470 0
1743181046406095 0
1743181046406720 0
1743181046407344 0
1743181046407970 0
1743181046408595 0
1743181046409220 0
1743181046409844 0
1743181046410469 0
1743181046411095 0
1743181046411720 0
1743181046412344 0
1743181046412969 0
1743181046413594 0
1743181046414219 0
1743181046414845 0
1743181046415469 2047
1743181046416094 2047
1743181046416719 2047
1743181046417345 2047
1743181046417970 2047
1743181046418594 2047
1743181046419219 2047
1743181046419844 2047
1743181046420469 2047
1743181046421095 2047
1743181046421719 2047
1743181046422344 2047
1743181046422969 2047
1743181046423594 2047
1743181046424219 2047
1743181046424844 2047
1743181046425469 2047
1743181046426094 2047
1743181046426719 2047
1743181046427344 2047
1743181046427969 2047
1743181046428594 2047
1743181046429220 2047
1743181046429844 2047
1743181046430469 2047
1743181046431095 2047
1743181046431719 2047
1743181046432344 2047
1743181046432969 2047
1743181046433595 2047
1743181046434220 2047
1743181046434844 2047
1743181046435469 2047
1743181046436094 2047
1743181046436720 2047
1743181046437345 2047
1743181046437969 2047
1743181046438597 2047
1743181046439226 2047
1743181046439848 2047
1743181046440470 2047
1743181046441095 2047
1743181046441719 2047
1743181046442344 2047
1743181046442969 2047
1743181046443594 2047
1743181046444219 2047
1743181046444844 2047
1743181046445470 2047
1743181046446094 2047
1743181046446719 2047
1743181046447344 2047
1743181046447969 2047
1743181046448594 2047
1743181046449220 2047
1743181046449844 2047
1743181046450469 2047
1743181046451094 2047
1743181046451720 2047
1743181046452344 2047
1743181046452969 2047
1743181046453595 2047
1743181046454220 2047
1743181046454845 2047
1743181046455469 2047
1743181046456095 2047
1743181046456720 2047
1743181046457345 2047
1743181046457970 2047
1743181046458594 2047
1743181046459220 2047
1743181046459845 2047
1743181046460470 2047
1743181046461095 2047
1743181046461719 2047
1743181046462344 2047
1743181046462969 2047
1743181046463595 2047
1743181046464220 2047
1743181046464844 2047
1743181046465470 0
1743181046466094 0
1743181046466720 0
1743181046467345 0
1743181046467969 0
1743181046468594 0
1743181046469220 0
1743181046469845 0
1743181046470470 0
1743181046471094 0
1743181046471720 0
1743181046472344 0
1743181046472970 0
1743181046473595 0
1743181046474219 0
1743181046474844 0
1743181046475469 0
1743181046476095 0
1743181046476719 0
1743181046477344 0
1743181046477969 0
1743181046478594 0
1743181046479219 0
1743181046479844 0
1743181046480469 0
1743181046481095 0
1743181046481719 0
1743181046482344 0
1743181046482969 0
1743181046483594 0
1743181046484219 0
1743181046484844 0
1743181046485470 0
1743181046486094 0
1743181046486719 0
1743181046487344 0
1743181046487969 0
1743181046488594 0
1743181046489220 0
1743181046489843 0
1743181046490469 0
1743181046491094 0
1743181046491720 0
1743181046492344 0
1743181046492969 0
1743181046493595 0
1743181046494219 0
1743181046494845 0
1743181046495470 0
1743181046496095 0
1743181046496720 0
1743181046497345 0
1743181046497970 0
1743181046498594 0
1743181046499220 0
1743181046499845 0
1743181046500469 0
1743181046501095 0
1743181046501719 0
1743181046502345 0
1743181046502970 0
1743181046503594 0
1743181046504220 0
1743181046504844 0
1743181046505470 0
1743181046506095 0
1743181046506719 0
1743181046507345 0
1743181046507969 0
1743181046508595 0
1743181046509220 0
1743181046509844 0
1743181046510469 0
1743181046511094 0
1743181046511720 0
1743181046512344 0
1743181046512969 0
1743181046513595 0
1743181046514219 0
1743181046514845 0
1743181046515469 0
1743181046516094 2047
1743181046516719 2047
1743181046517344 2047
1743181046517969 2047
1743181046518594 2047
1743181046519219 2047
1743181046519844 2047
1743181046520469 2047
1743181046521095 2047
1743181046521718 2047
1743181046522344 2047
1743181046522969 2047
1743181046523594 2047
1743181046524219 2047
1743181046524844 2047
1743181046525470 2047
1743181046526094 2047
1743181046526719 2047
1743181046527344 2047
1743181046527969 2047
1743181046528594 2047
1743181046529220 2047
1743181046529843 2047
1743181046530469 2047
1743181046531094 2047
1743181046531719 2047
1743181046532344 2047
1743181046532969 2047
1743181046533595 2047
1743181046534220 2047
1743181046534845 2047
1743181046535470 2047
1743181046536094 2047
1743181046536720 2047
1743181046537345 2047
1743181046537970 2047
1743181046538595 2047
1743181046539219 2047
1743181046539845 2047
1743181046540470 2047
1743181046541095 2047
1743181046541719 2047
1743181046542344 2047
1743181046542970 2047
1743181046543594 2047
1743181046544220 2047
1743181046544844 2047
1743181046545470 2047
1743181046546095 2047
1743181046546719 2047
1743181046547345 2047
1743181046547969 2047
1743181046548595 2047
1743181046549220 2047
1743181046549844 2047
1743181046550470 2047
1743181046551095 2047
1743181046551720 2047
1743181046552345 2047
1743181046552969 2047
1743181046553595 2047
1743181046554220 2047
1743181046554845 2047
1743181046555470 2047
1743181046556094 2047
1743181046556720 2047
1743181046557345 2047
1743181046557970 2047
1743181046558595 2047
1743181046559219 2047
1743181046559845 2047
1743181046560469 2047
1743181046561095 2047
1743181046561719 2047
1743181046562344 2047
1743181046562970 2047
1743181046563595 2047
1743181046564220 2047
1743181046564845 2047
1743181046565470 2047
1743181046566095 0
1743181046566719 0
1743181046567345 0
1743181046567970 0
1743181046568595 0
1743181046569221 0
1743181046569844 0
1743181046570470 0
1743181046571095 0
1743181046571719 0
1743181046572345 0
1743181046572970 0
1743181046573595 0
1743181046574220 0
1743181046574844 0
1743181046575470 0
1743181046576094 0
1743181046576720 0
1743181046577345 0
1743181046577970 0
1743181046578595 0
1743181046579219 0
1743181046579845 0
1743181046580469 0
1743181046581095 0
1743181046581719 0
1743181046582345 0
1743181046582970 0
1743181046583595 0
1743181046584220 0
1743181046584845 0
1743181046585470 0
1743181046586095 0
1743181046586719 0
1743181046587345 0
1743181046587970 0
1743181046588595 0
1743181046589221 0
1743181046589844 0
1743181046590470 0
1743181046591094 0
1743181046591719 0
1743181046592345 0
1743181046592969 0
1743181046593594 0
1743181046594219 0
1743181046594844 0
1743181046595469 0
1743181046596094 0
1743181046596719 0
1743181046597345 0
1743181046597969 0
1743181046598594 0
1743181046599219 0
1743181046599844 0
1743181046600469 0
1743181046601095 0
1743181046601719 0
1743181046602344 0
1743181046602969 0
1743181046603594 0
1743181046604219 0
1743181046604844 0
1743181046605469 0
1743181046606094 0
1743181046606719 0
1743181046607344 0
1743181046607969 -1
1743181046608594 0
1743181046609220 0
1743181046609843 0
1743181046610469 0
1743181046611094 0
1743181046611719 0
1743181046612344 0
1743181046612969 0
1743181046613594 0
1743181046614219 0
1743181046614844 0
1743181046615469 0
1743181046616094 2047
1743181046616719 2047
1743181046617344 2047
1743181046617969 2047
1743181046618594 2047
1743181046619219 2047
1743181046619844 2047
1743181046620469 2047
1743181046621095 2047
1743181046621719 2047
1743181046622344 2047
1743181046622969 2047
1743181046623595 2047
1743181046624219 2047
1743181046624844 2047
1743181046625469 2047
1743181046626094 2047
1743181046626719 2047
1743181046627344 2047
1743181046627969 2047
1743181046628594 2047
1743181046629220 2047
1743181046629844 2047
1743181046630469 2047
1743181046631094 2047
1743181046631719 2047
1743181046632344 2047
1743181046632969 2047
1743181046633594 2047
1743181046634219 2047
1743181046634844 2047
1743181046635469 2047
1743181046636094 2047
1743181046636719 2047
1743181046637344 2047
1743181046637969 2047
1743181046638594 2047
1743181046639219 2047
1743181046639844 2047
1743181046640469 2047
1743181046641095 2047
1743181046641719 2047
1743181046642344 2047
1743181046642969 2047
1743181046643594 2047
1743181046644219 2047
1743181046644845 2047
1743181046645469 2047
1743181046646094 2047
1743181046646719 2047
1743181046647344 2047
1743181046647969 2047
1743181046648594 2047
1743181046649220 2047
1743181046649844 2047
1743181046650469 2047
1743181046651094 2047
1743181046651719 2047
1743181046652344 2047
1743181046652969 2047
1743181046653594 2047
1743181046654219 2047
1743181046654844 2047
1743181046655469 2047
1743181046656094 2047
1743181046656719 2047
1743181046657344 2047
1743181046657969 2047
1743181046658594 2047
1743181046659219 2047
1743181046659844 2047
1743181046660470 2047
1743181046661095 2047
1743181046661719 2047
1743181046662344 2047
1743181046662969 2047
1743181046663594 2047
1743181046664219 2047
1743181046664844 2047
1743181046665469 2047
1743181046666094 0
1743181046666719 0
1743181046667344 0
1743181046667969 0
1743181046668594 0
1743181046669220 0
1743181046669844 0
1743181046670469 0
1743181046671094 0
1743181046671719 0
1743181046672344 0
1743181046672969 0
1743181046673595 0
1743181046674220 0
1743181046674845 0
1743181046675469 0
1743181046676095 0
1743181046676719 0
1743181046677345 0
1743181046677969 0
1743181046678595 0
1743181046679220 0
1743181046679844 0
1743181046680470 0
1743181046681095 0
1743181046681719 0
1743181046682345 0
1743181046682969 0
1743181046683595 0
1743181046684219 0
1743181046684845 0
1743181046685470 0
1743181046686095 0
1743181046686720 0
1743181046687344 0
1743181046687970 0
1743181046688595 0
1743181046689220 0
1743181046689844 0
1743181046690469 0
1743181046691095 0
1743181046691720 0
1743181046692345 0
1743181046692970 0
1743181046693594 0
1743181046694220 0
1743181046694845 0
1743181046695469 0
1743181046696095 0
1743181046696719 0
1743181046697345 0
1743181046697970 0
1743181046698594 0
1743181046699220 0
1743181046699844 0
1743181046700470 0
1743181046701096 0
1743181046701719 0
1743181046702344 0
1743181046702969 0
1743181046703595 0
1743181046704220 0
1743181046704845 -1
1743181046705470 0
1743181046706094 0
1743181046706719 0
1743181046707345 0
1743181046707970 0
1743181046708595 0
1743181046709220 0
1743181046709844 0
1743181046710470 0
1743181046711094 0
1743181046711720 0
1743181046712344 0
1743181046712970 0
1743181046713594 0
1743181046714219 0
1743181046714844 0
1743181046715469 0
1743181046716094 2047
1743181046716719 2047
1743181046717344 2047
1743181046717969 2047
1743181046718594 2047
1743181046719219 2047
1743181046719844 2047
1743181046720469 2047
1743181046721095 2047
1743181046721718 2047
1743181046722344 2047
1743181046722969 2047
1743181046723594 2047
1743181046724219 2047
1743181046724844 2047
1743181046725470 2047
1743181046726094 2047
1743181046726719 2047
1743181046727344 2047
1743181046727969 2047
1743181046728594 2047
1743181046729220 2047
1743181046729844 2047
1743181046730469 2047
1743181046731094 2047
1743181046731719 2047
1743181046732344 2047
1743181046732969 2047
1743181046733595 2047
1743181046734219 2047
1743181046734844 2047
1743181046735469 2047
1743181046736095 2047
1743181046736719 2047
1743181046737345 2047
1743181046737970 2047
1743181046738594 2047
1743181046739220 2047
1743181046739845 2047
1743181046740470 2047
1743181046741095 2047
1743181046741719 2047
1743181046742344 2047
1743181046742970 2047
1743181046743595 2047
1743181046744220 2047
1743181046744844 2047
1743181046745470 2047
1743181046746094 2047
1743181046746720 2047
1743181046747345 2047
1743181046747970 2047
1743181046748595 2047
1743181046749220 2047
1743181046749844 2047
1743181046750470 2047
1743181046751094 2047
1743181046751719 2047
1743181046752345 2047
1743181046752970 2047
1743181046753594 2047
1743181046754219 2047
1743181046754844 2047
1743181046755469 2047
1743181046756094 2047
1743181046756719 2047
1743181046757345 2047
1743181046757970 2047
1743181046758594 2047
1743181046759219 2047
1743181046759844 2047
1743181046760469 2047
1743181046761095 2047
1743181046761718 2047
1743181046762344 2047
1743181046762969 2047
1743181046763594 2047
1743181046764219 2047
1743181046764844 2047
1743181046765469 2047
1743181046766094 1291
1743181046766719 0
1743181046767345 0
1743181046767969 0
1743181046768594 0
1743181046769220 0
1743181046769844 0
1743181046770470 0
1743181046771094 0
1743181046771719 0
1743181046772344 0
1743181046772969 0
1743181046773594 0
1743181046774219 0
1743181046774844 0
1743181046775469 0
1743181046776094 0
1743181046776719 0
1743181046777344 0
1743181046777969 0
1743181046778594 0
1743181046779219 0
1743181046779844 0
1743181046780469 0
1743181046781095 0
1743181046781718 0
1743181046782344 0
1743181046782969 0
1743181046783594 0
1743181046784219 0
1743181046784844 0
1743181046785469 0
1743181046786094 0
1743181046786719 0
1743181046787344 0
1743181046787969 0
1743181046788594 0
1743181046789220 0
1743181046789843 0
1743181046790469 0
1743181046791094 0
1743181046791719 0
1743181046792344 0
1743181046792969 0
1743181046793594 0
1743181046794219 0
1743181046794844 0
1743181046795469 0
1743181046796094 0
1743181046796719 0
1743181046797344 0
1743181046797969 0
1743181046798594 0
1743181046799219 0
1743181046799844 0
1743181046800469 0
1743181046801095 0
1743181046801718 0
1743181046802344 0
1743181046802969 0
1743181046803594 0
1743181046804219 0
1743181046804844 0
1743181046805470 0
1743181046806094 0
1743181046806719 0
1743181046807344 0
1743181046807969 0
1743181046808594 0
1743181046809220 0
1743181046809843 0
1743181046810469 0
1743181046811094 0
1743181046811719 0
1743181046812344 0
1743181046812969 0
1743181046813594 0
1743181046814219 0
1743181046814844 0
1743181046815469 0
1743181046816094 2047
1743181046816719 2047
1743181046817344 2047
1743181046817969 2047
1743181046818594 2047
1743181046819219 2047
1743181046819844 2047
1743181046820469 2047
1743181046821095 2047
1743181046821719 2047
1743181046822344 2047
1743181046822969 2047
1743181046823594 2047
1743181046824219 2047
1743181046824844 2047
1743181046825469 2047
1743181046826094 2047
1743181046826719 2047
1743181046827344 2047
1743181046827969 2047
1743181046828594 2047
1743181046829220 2047
1743181046829844 2047
1743181046830469 2047
1743181046831094 2047
1743181046831719 2047
1743181046832344 2047
1743181046832969 2047
1743181046833594 2047
1743181046834219 2047
1743181046834844 2047
1743181046835469 2047
1743181046836094 2047
1743181046836719 2047
1743181046837344 2047
1743181046837969 2047
1743181046838594 2047
1743181046839219 2047
1743181046839844 2047
1743181046840469 2047
1743181046841095 2047
1743181046841718 2047
1743181046842344 2047
1743181046842969 2047
1743181046843594 2047
1743181046844219 2047
1743181046844844 2047
1743181046845469 2047
1743181046846094 2047
1743181046846719 2047
1743181046847345 2047
1743181046847969 2047
1743181046848594 2047
1743181046849220 2047
1743181046849844 2047
1743181046850469 2047
1743181046851094 2047
1743181046851719 2047
1743181046852344 2047
1743181046852969 2047
1743181046853594 2047
1743181046854219 2047
1743181046854844 2047
1743181046855469 2047
1743181046856094 2047
1743181046856719 2047
1743181046857345 2047
1743181046857969 2047
1743181046858594 2047
1743181046859219 2047
1743181046859844 2047
1743181046860469 2047
1743181046861095 2047
1743181046861719 2047
1743181046862344 2047
1743181046862969 2047
1743181046863594 2047
1743181046864219 2047
1743181046864844 2047
1743181046865469 2047
1743181046866094 0
1743181046866719 0
1743181046867344 0
1743181046867969 0
1743181046868594 0
1743181046869220 0
1743181046869844 0
1743181046870469 0
1743181046871094 0
1743181046871719 0
1743181046872344 0
1743181046872969 0
1743181046873594 0
1743181046874220 0
1743181046874844 0
1743181046875469 0
1743181046876094 0
1743181046876719 0
1743181046877345 0
1743181046877969 0
1743181046878594 0
1743181046879219 0
1743181046879844 0
1743181046880469 0
1743181046881095 0
1743181046881719 0
1743181046882344 0
1743181046882970 0
1743181046883594 0
1743181046884219 0
1743181046884844 0
1743181046885469 0
1743181046886094 0
1743181046886719 0
1743181046887344 0
1743181046887969 0
1743181046888594 0
1743181046889220 0
1743181046889844 0
1743181046890469 0
1743181046891094 0
1743181046891719 0
1743181046892345 0
1743181046892969 0
1743181046893594 0
1743181046894219 0
1743181046894844 0
1743181046895469 0
1743181046896094 0
1743181046896720 0
1743181046897345 0
1743181046897969 0
1743181046898594 0
1743181046899219 0
1743181046899844 0
1743181046900469 0
1743181046901095 0
1743181046901719 0
1743181046902344 0
1743181046902969 0
1743181046903594 0
1743181046904219 0
1743181046904844 0
1743181046905469 0
1743181046906094 0
1743181046906719 0
1743181046907344 0
1743181046907969 0
1743181046908594 0
1743181046909221 0
1743181046909844 0
1743181046910469 0
1743181046911094 0
1743181046911719 0
1743181046912344 0
1743181046912969 0
1743181046913594 0
1743181046914219 0
1743181046914844 0
1743181046915469 0
1743181046916094 0
1743181046916719 2047
1743181046917345 2047
1743181046917969 2047
1743181046918594 2047
1743181046919219 2047
1743181046919844 2047
1743181046920469 2047
1743181046921095 2047
1743181046921719 2047
1743181046922344 2047
1743181046922969 2047
1743181046923594 2047
1743181046924219 2047
1743181046924844 2047
1743181046925469 2047
1743181046926094 2047
1743181046926719 2047
1743181046927344 2047
1743181046927969 2047
1743181046928594 2047
1743181046929220 2047
1743181046929844 2047
1743181046930469 2047
1743181046931094 2047
1743181046931719 2047
1743181046932344 2047
1743181046932969 2047
1743181046933595 2047
1743181046934220 2047
1743181046934844 2047
1743181046935470 2047
1743181046936095 2047
1743181046936719 2047
1743181046937345 2047
1743181046937970 2047
1743181046938595 2047
1743181046939220 2047
1743181046939844 2047
1743181046940470 2047
1743181046941095 2047
1743181046941719 2047
1743181046942345 2047
1743181046942970 2047
1743181046943595 2047
1743181046944219 2047
1743181046944845 2047
1743181046945470 2047
1743181046946094 2047
1743181046946720 2047
1743181046947344 2047
1743181046947970 2047
1743181046948594 2047
1743181046949220 2047
1743181046949844 2047
1743181046950469 2047
1743181046951095 2047
1743181046951720 2047
1743181046952344 2047
1743181046952970 2047
1743181046953595 2047
1743181046954219 2047
1743181046954845 2047
1743181046955469 2047
1743181046956095 2047
1743181046956719 2047
1743181046957345 2047
1743181046957969 2047
1743181046958595 2047
1743181046959220 2047
1743181046959844 2047
1743181046960470 2047
1743181046961095 2047
1743181046961719 2047
1743181046962345 2047
1743181046962969 2047
1743181046963595 2047
1743181046964219 2047
1743181046964845 2047
1743181046965470 2047
1743181046966095 2047
1743181046966720 0
1743181046967344 0
1743181046967969 0
1743181046968595 0
1743181046969220 0
1743181046969844 0
1743181046970470 0
1743181046971094 0
1743181046971720 0
1743181046972345 0
1743181046972970 0
1743181046973595 0
1743181046974220 0
1743181046974845 0
1743181046975469 0
1743181046976095 0
1743181046976719 0
1743181046977345 0
1743181046977970 0
1743181046978594 0
1743181046979220 0
1743181046979845 0
1743181046980470 0
1743181046981096 0
1743181046981719 0
1743181046982344 0
1743181046982969 0
1743181046983595 0
1743181046984220 0
1743181046984844 0
1743181046985470 0
1743181046986095 0
1743181046986720 0
1743181046987344 0
1743181046987969 0
1743181046988595 0
1743181046989220 0
1743181046989844 0
1743181046990469 0
1743181046991095 0
1743181046991720 0
1743181046992344 0
1743181046992970 0
1743181046993595 0
1743181046994220 0
1743181046994845 0
1743181046995469 0
1743181046996094 0
1743181046996720 0
1743181046997345 0
1743181046997970 0
1743181046998594 0
1743181046999220 0
1743181046999844 0
1743181047000470 0
1743181047001096 0
1743181047001719 0
1743181047002344 0
1743181047002969 0
1743181047003595 0
1743181047004220 0
1743181047004845 0
1743181047005470 0
1743181047006094 0
1743181047006720 0
1743181047007345 0
1743181047007969 0
1743181047008595 0
1743181047009220 0
1743181047009844 0
1743181047010470 0
1743181047011094 0
1743181047011720 0
1743181047012345 0
1743181047012970 0
1743181047013595 0
1743181047014219 0
1743181047014845 0
1743181047015469 0
1743181047016095 0
1743181047016720 2047
1743181047017345 2047
1743181047017970 2047
1743181047018595 2047
1743181047019219 2047
1743181047019845 2047
1743181047020470 2047
1743181047021096 2047
1743181047021719 2047
1743181047022344 2047
1743181047022970 2047
1743181047023595 2047
1743181047024220 2047
1743181047024844 2047
1743181047025470 2047
1743181047026094 2047
1743181047026720 2047
1743181047027345 2047
1743181047027969 2047
1743181047028595 2047
1743181047029220 2047
1743181047029844 2047
1743181047030469 2047
1743181047031094 2047
1743181047031720 2047
1743181047032344 2047
1743181047032970 2047
1743181047033595 2047
1743181047034220 2047
1743181047034845 2047
1743181047035470 2047
1743181047036095 2047
1743181047036720 2047
1743181047037345 2047
1743181047037970 2047
1743181047038595 2047
1743181047039220 2047
1743181047039845 2047
1743181047040469 2047
1743181047041096 2047
1743181047041719 2047
1743181047042345 2047
1743181047042970 2047
1743181047043595 2047
1743181047044219 2047
1743181047044844 2047
1743181047045470 2047
1743181047046095 2047
1743181047046719 2047
1743181047047345 2047
1743181047047969 2047
1743181047048595 2047
1743181047049220 2047
1743181047049844 2047
1743181047050470 2047
1743181047051095 2047
1743181047051719 2047
1743181047052345 2047
1743181047052970 2047
1743181047053595 2047
1743181047054219 2047
1743181047054845 2047
1743181047055469 2047
1743181047056095 2047
1743181047056720 2047
1743181047057344 2047
1743181047057970 2047
1743181047058595 2047
1743181047059220 2047
1743181047059845 2047
1743181047060470 2047
1743181047061095 2047
1743181047061719 2047
1743181047062345 2047
1743181047062970 2047
1743181047063595 2047
1743181047064220 2047
1743181047064844 2047
1743181047065471 2047
1743181047066094 2047
1743181047066719 0
1743181047067344 0
1743181047067969 0
1743181047068595 0
1743181047069221 0
1743181047069843 0
1743181047070470 0
1743181047071094 0
1743181047071720 0
1743181047072345 0
1743181047072969 0
1743181047073596 0
1743181047074219 0
1743181047074845 0
1743181047075469 0
1743181047076094 0
1743181047076720 0
1743181047077345 0
1743181047077971 0
1743181047078594 0
1743181047079219 0
1743181047079845 0
1743181047080469 0
1743181047081096 0
1743181047081719 -1
1743181047082345 0
1743181047082970 0
1743181047083594 0
1743181047084220 0
1743181047084844 0
1743181047085470 0
1743181047086096 0
1743181047086719 -1
1743181047087345 0
1743181047087970 0
1743181047088595 0
1743181047089221 0
1743181047089844 0
1743181047090472 0
1743181047091095 -1
1743181047091720 0
1743181047092345 0
1743181047092969 0
1743181047093595 0
1743181047094220 0
1743181047094845 0
1743181047095470 0
1743181047096095 0
1743181047096720 0
1743181047097344 0
1743181047097970 0
1743181047098596 0
1743181047099219 0
1743181047099845 0
1743181047100469 0
1743181047101096 0
1743181047101719 0
1743181047102344 0
1743181047102971 0
1743181047103594 0
1743181047104220 0
1743181047104845 0
1743181047105469 0
1743181047106095 0
1743181047106720 0
1743181047107345 0
1743181047107970 0
1743181047108595 0
1743181047109220 0
1743181047109844 0
1743181047110470 0
1743181047111095 0
1743181047111719 0
1743181047112345 0
1743181047112969 0
1743181047113595 0
1743181047114219 0
1743181047114844 0
1743181047115471 0
1743181047116094 0
1743181047116720 2047
1743181047117345 2047
1743181047117970 2047
1743181047118595 2047
1743181047119220 2047
1743181047119845 2047
1743181047120470 2047
1743181047121096 2047
1743181047121719 2047
1743181047122344 2047
1743181047122970 2047
1743181047123594 2047
1743181047124220 2047
1743181047124845 2047
1743181047125470 2047
1743181047126095 2047
1743181047126719 2047
1743181047127345 2047
1743181047127971 2047
1743181047128594 2047
1743181047129221 2047
1743181047129844 2047
1743181047130470 2047
1743181047131095 2047
1743181047131719 2047
1743181047132345 2047
1743181047132970 2047
1743181047133595 2047
1743181047134221 2047
1743181047134844 2047
1743181047135470 2047
1743181047136094 2047
1743181047136720 2047
1743181047137345 2047
1743181047137970 2047
1743181047138595 2047
1743181047139219 2047
1743181047139844 2047
1743181047140471 2047
1743181047141095 2047
1743181047141719 2047
1743181047142345 2047
1743181047142970 2047
1743181047143595 2047
1743181047144219 2047
1743181047144845 2047
1743181047145469 2047
1743181047146095 2047
1743181047146719 2047
1743181047147345 2047
1743181047147970 2047
1743181047148595 2047
1743181047149221 2047
1743181047149844 2047
1743181047150470 2047
1743181047151095 2047
1743181047151719 2047
1743181047152345 2047
1743181047152970 2047
1743181047153594 2047
1743181047154220 2047
1743181047154844 2047
1743181047155470 2047
1743181047156094 2047
1743181047156719 2047
1743181047157346 2047
1743181047157969 2047
1743181047158595 2047
1743181047159219 2047
1743181047159845 2047
1743181047160470 2047
1743181047161095 2047
1743181047161719 2047
1743181047162345 2047
1743181047162970 2047
1743181047163595 2047
1743181047164219 2047
1743181047164845 2047
1743181047165471 2047
1743181047166094 2047
1743181047166720 1291
1743181047167345 0
1743181047167970 0
1743181047168594 0
1743181047169221 0
1743181047169844 0
1743181047170469 0
1743181047171095 0
1743181047171720 0
1743181047172345 0
1743181047172970 0
1743181047173595 0
1743181047174220 0
1743181047174844 0
1743181047175469 0
1743181047176094 0
1743181047176719 0
1743181047177344 0
1743181047177970 0
1743181047178594 0
1743181047179219 0
1743181047179844 0
1743181047180469 0
1743181047181095 0
1743181047181719 0
1743181047182345 0
1743181047182969 0
1743181047183594 0
1743181047184219 0
1743181047184844 0
1743181047185469 0
1743181047186094 0
1743181047186720 0
1743181047187344 0
1743181047187969 0
1743181047188594 0
1743181047189220 0
1743181047189844 0
1743181047190469 0
1743181047191095 0
1743181047191719 0
1743181047192344 0
1743181047192970 0
1743181047193595 0
1743181047194219 0
1743181047194845 0
1743181047195469 0
1743181047196095 0
1743181047196720 0
1743181047197345 0
1743181047197969 0
1743181047198595 0
1743181047199220 0
1743181047199845 0
1743181047200470 0
1743181047201095 0
1743181047201719 0
1743181047202344 0
1743181047202969 0
1743181047203595 0
1743181047204220 0
1743181047204845 0
1743181047205470 0
1743181047206094 0
1743181047206720 0
1743181047207345 0
1743181047207969 0
1743181047208594 0
1743181047209221 0
1743181047209844 0
1743181047210469 0
1743181047211095 0
1743181047211720 0
1743181047212345 0
1743181047212970 0
1743181047213595 0
1743181047214220 0
1743181047214844 0
1743181047215470 0
1743181047216095 0
1743181047216720 1694
1743181047217345 2047
1743181047217970 2047
1743181047218594 2047
1743181047219220 2047
1743181047219845 2047
1743181047220469 2047
1743181047221095 2047
1743181047221719 2047
1743181047222345 2047
1743181047222969 2047
1743181047223595 2047
1743181047224220 2047
1743181047224844 2047
1743181047225470 2047
1743181047226095 2047
1743181047226720 2047
1743181047227344 2047
1743181047227970 2047
1743181047228595 2047
1743181047229221 2047
1743181047229844 2047
1743181047230470 2047
1743181047231095 2047
1743181047231720 2047
1743181047232345 2047
1743181047232969 2047
1743181047233595 2047
1743181047234220 2047
1743181047234845 2047
1743181047235469 2047
1743181047236095 2047
1743181047236720 2047
1743181047237344 2047
1743181047237970 2047
1743181047238594 2047
1743181047239220 2047
1743181047239845 2047
1743181047240470 2047
1743181047241096 2047
1743181047241719 2047
1743181047242345 2047
1743181047242969 2047
1743181047243595 2047
1743181047244219 2047
1743181047244845 2047
1743181047245470 2047
1743181047246095 2047
1743181047246720 2047
1743181047247345 2047
1743181047247970 2047
1743181047248595 2047
1743181047249221 2047
1743181047249844 2047
1743181047250470 2047
1743181047251095 2047
1743181047251720 2047
1743181047252345 2047
1743181047252969 2047
1743181047253595 2047
1743181047254219 2047
1743181047254844 2047
1743181047255469 2047
1743181047256094 2047
1743181047256719 2047
1743181047257344 2047
1743181047257971 2047
1743181047258594 2047
1743181047259220 2047
1743181047259844 2047
1743181047260469 2047
1743181047261095 2047
1743181047261718 2047
1743181047262345 2047
1743181047262969 2047
1743181047263594 2047
1743181047264219 2047
1743181047264844 2047
1743181047265469 2047
1743181047266094 2047
1743181047266719 531
1743181047267344 0
1743181047267969 0
1743181047268594 0
1743181047269220 0
1743181047269843 0
1743181047270469 0
1743181047271094 0
1743181047271719 0
1743181047272344 0
1743181047272969 0
1743181047273594 0
1743181047274219 0
1743181047274844 0
1743181047275469 0
1743181047276094 0
1743181047276719 0
1743181047277345 0
1743181047277969 0
1743181047278594 0
1743181047279219 0
1743181047279844 0
1743181047280469 0
1743181047281095 0
1743181047281718 0
1743181047282344 0
1743181047282969 0
1743181047283594 0
1743181047284219 0
1743181047284844 0
1743181047285470 0
1743181047286094 0
1743181047286719 0
1743181047287344 0
1743181047287969 0
1743181047288594 0
1743181047289220 0
1743181047289844 0
1743181047290469 0
1743181047291094 0
1743181047291719 0
1743181047292344 0
1743181047292969 0
1743181047293594 0
1743181047294219 0
1743181047294844 0
1743181047295469 0
1743181047296094 0
1743181047296719 -1
1743181047297344 0
1743181047297969 0
1743181047298594 0
1743181047299219 0
1743181047299844 0
1743181047300469 0
1743181047301095 0
1743181047301718 0
1743181047302344 0
1743181047302969 0
1743181047303594 0
1743181047304219 0
1743181047304844 0
1743181047305469 0
1743181047306094 0
1743181047306719 -1
1743181047307344 0
1743181047307969 0
1743181047308594 0
1743181047309220 0
1743181047309844 0
1743181047310469 0
1743181047311094 0
1743181047311719 0
1743181047312344 0
1743181047312969 0
1743181047313594 0
1743181047314219 0
1743181047314844 0
1743181047315469 0
1743181047316094 0
1743181047316719 0
1743181047317344 2047
1743181047317969 2047
1743181047318594 2047
1743181047319219 2047
1743181047319844 2047
1743181047320469 2047
1743181047321095 2047
1743181047321718 2047
1743181047322344 2047
1743181047322969 2047
1743181047323594 2047
1743181047324219 2047
1743181047324844 2047
1743181047325469 2047
1743181047326095 2047
1743181047326719 2047
1743181047327344 2047
1743181047327969 2047
1743181047328594 2047
1743181047329220 2047
1743181047329843 2047
1743181047330469 2047
1743181047331094 2047
1743181047331719 2047
1743181047332344 2047
1743181047332969 2047
1743181047333594 2047
1743181047334219 2047
1743181047334844 2047
1743181047335469 2047
1743181047336094 2047
1743181047336719 2047
1743181047337344 2047
1743181047337970 2047
1743181047338594 2047
1743181047339219 2047
1743181047339844 2047
1743181047340469 2047
1743181047341096 2047
1743181047341718 2047
1743181047342344 2047
1743181047342969 2047
1743181047343594 2047
1743181047344219 2047
1743181047344844 2047
1743181047345469 2047
1743181047346094 2047
1743181047346719 2047
1743181047347344 2047
1743181047347969 2047
1743181047348594 2047
1743181047349220 2047
1743181047349844 2047
1743181047350469 2047
1743181047351094 2047
1743181047351719 2047
1743181047352344 2047
1743181047352969 2047
1743181047353595 2047
1743181047354219 2047
1743181047354844 2047
1743181047355469 2047
1743181047356094 2047
1743181047356719 2047
1743181047357344 2047
1743181047357970 2047
1743181047358594 2047
1743181047359219 2047
1743181047359844 2047
1743181047360469 2047
1743181047361095 2047
1743181047361719 2047
1743181047362344 2047
1743181047362969 2047
1743181047363594 2047
1743181047364219 2047
1743181047364844 2047
1743181047365469 2047
1743181047366094 2047
1743181047366719 2047
1743181047367344 0
1743181047367969 0
1743181047368594 0
1743181047369220 0
1743181047369843 0
1743181047370469 0
1743181047371094 0
1743181047371721 0
1743181047372344 0
1743181047372969 0
1743181047373595 0
1743181047374219 0
1743181047374845 0
1743181047375470 0
1743181047376094 0
1743181047376720 0
1743181047377345 0
1743181047377970 0
1743181047378595 0
1743181047379219 0
1743181047379845 0
1743181047380469 0
1743181047381096 0
1743181047381719 0
1743181047382344 0
1743181047382970 0
1743181047383594 0
1743181047384220 0
1743181047384845 0
1743181047385470 0
1743181047386095 0
1743181047386720 0
1743181047387345 0
1743181047387970 0
1743181047388595 0
1743181047389220 0
1743181047389844 0
1743181047390470 0
1743181047391095 0
1743181047391719 0
1743181047392345 0
1743181047392969 0
1743181047393594 0
1743181047394219 0
1743181047394844 0
1743181047395469 0
1743181047396094 0
1743181047396719 0
1743181047397344 0
1743181047397969 0
1743181047398594 0
1743181047399219 0
1743181047399844 0
1743181047400469 0
1743181047401095 0
1743181047401719 0
1743181047402344 0
1743181047402969 0
1743181047403594 1
1743181047404219 0
1743181047404844 0
1743181047405469 0
1743181047406095 0
1743181047406719 0
1743181047407344 0
1743181047407969 0
1743181047408594 0
1743181047409220 0
1743181047409843 0
1743181047410469 0
1743181047411094 0
1743181047411719 0
1743181047412344 0
1743181047412969 0
1743181047413595 0
1743181047414219 0
1743181047414844 0
1743181047415469 0
1743181047416094 0
1743181047416720 0
1743181047417345 2047
1743181047417969 2047
1743181047418594 2047
1743181047419219 2047
1743181047419844 2047
1743181047420469 2047
1743181047421095 2047
1743181047421718 2047
1743181047422344 2047
1743181047422969 2047
1743181047423594 2047
1743181047424219 2047
1743181047424844 2047
1743181047425469 2047
1743181047426094 2047
1743181047426719 2047
1743181047427344 2047
1743181047427969 2047
1743181047428594 2047
1743181047429220 2047
1743181047429844 2047
1743181047430469 2047
1743181047431094 2047
1743181047431719 2047
1743181047432344 2047
1743181047432969 2047
1743181047433594 2047
1743181047434220 2047
1743181047434844 2047
1743181047435470 2047
1743181047436094 2047
1743181047436720 2047
1743181047437345 2047
1743181047437970 2047
1743181047438594 2047
1743181047439220 2047
1743181047439845 2047
1743181047440470 2047
1743181047441095 2047
1743181047441719 2047
1743181047442344 2047
1743181047442970 2047
1743181047443595 2047
1743181047444219 2047
1743181047444845 2047
1743181047445470 2047
1743181047446095 2047
1743181047446720 2047
1743181047447344 2047
1743181047447970 2047
1743181047448595 2047
1743181047449221 2047
1743181047449844 2047
1743181047450470 2047
1743181047451094 2047
1743181047451719 2047
1743181047452345 2047
1743181047452970 2047
1743181047453595 2047
1743181047454220 2047
1743181047454844 2047
1743181047455470 2047
1743181047456095 2047
1743181047456719 2047
1743181047457345 2047
1743181047457970 2047
1743181047458595 2047
1743181047459220 2047
1743181047459844 2047
1743181047460470 2047
1743181047461095 2047
1743181047461719 2047
1743181047462345 2047
1743181047462969 2047
1743181047463595 2047
1743181047464220 2047
1743181047464845 2047
1743181047465470 2047
1743181047466094 2047
1743181047466720 2047
1743181047467344 0
1743181047467970 0
1743181047468594 0
1743181047469221 0
1743181047469844 0
1743181047470469 0
1743181047471095 0
1743181047471720 0
1743181047472345 0
1743181047472970 0
1743181047473595 0
1743181047474220 0
1743181047474844 -1
1743181047475470 0
1743181047476094 0
1743181047476720 0
1743181047477345 0
1743181047477969 0
1743181047478594 0
1743181047479220 0
1743181047479844 0
1743181047480469 0
1743181047481095 0
1743181047481719 0
1743181047482345 0
1743181047482969 0
1743181047483595 0
1743181047484219 0
1743181047484845 0
1743181047485470 0
1743181047486095 0
1743181047486720 0
1743181047487344 0
1743181047487970 0
1743181047488595 0
1743181047489220 0
1743181047489844 0
1743181047490469 0
1743181047491095 0
1743181047491720 0
1743181047492344 0
1743181047492970 0
1743181047493594 0
1743181047494219 0
1743181047494844 0
1743181047495469 0
1743181047496094 0
1743181047496719 0
1743181047497344 0
1743181047497969 0
1743181047498594 0
1743181047499219 0
1743181047499844 0
1743181047500469 0
1743181047501095 0
1743181047501719 0
1743181047502344 0
1743181047502969 0
1743181047503594 0
1743181047504219 0
1743181047504844 0
1743181047505470 0
1743181047506094 0
1743181047506719 0
1743181047507344 0
1743181047507969 0
1743181047508594 0
1743181047509219 0
1743181047509844 0
1743181047510469 0
1743181047511094 0
1743181047511719 0
1743181047512344 0
1743181047512969 0
1743181047513594 0
1743181047514219 0
1743181047514844 0
1743181047515469 0
1743181047516094 0
1743181047516719 0
1743181047517345 2047
1743181047517969 2047
1743181047518594 2047
1743181047519219 2047
1743181047519844 2047
1743181047520469 2047
1743181047521095 2047
1743181047521719 2047
1743181047522344 2047
1743181047522969 2047
1743181047523594 2047
1743181047524219 2047
1743181047524844 2047
1743181047525469 2047
1743181047526094 2047
1743181047526719 2047
1743181047527344 2047
1743181047527969 2047
1743181047528594 2047
1743181047529220 2047
1743181047529844 2047
1743181047530469 2047
1743181047531094 2047
1743181047531719 2047
1743181047532344 2047
1743181047532969 2047
1743181047533595 2047
1743181047534220 2047
1743181047534845 2047
1743181047535469 2047
1743181047536095 2047
1743181047536719 2047
1743181047537345 2047
1743181047537970 2047
1743181047538594 2047
1743181047539220 2047
1743181047539844 2047
1743181047540469 2047
1743181047541095 2047
1743181047541719 2047
1743181047542344 2047
1743181047542969 2047
1743181047543595 2047
1743181047544220 2047
1743181047544844 2047
1743181047545470 2047
1743181047546095 2047
1743181047546720 2047
1743181047547345 2047
1743181047547970 2047
1743181047548594 2047
1743181047549220 2047
1743181047549844 2047
1743181047550470 2047
1743181047551094 2047
1743181047551720 2047
1743181047552345 2047
1743181047552970 2047
1743181047553595 2047
1743181047554219 2047
1743181047554844 2047
1743181047555469 2047
1743181047556094 2047
1743181047556719 2047
1743181047557344 2047
1743181047557969 2047
1743181047558594 2047
1743181047559219 2047
1743181047559844 2047
1743181047560469 2047
1743181047561095 2047
1743181047561719 2047
1743181047562344 2047
1743181047562969 2047
1743181047563594 2047
1743181047564219 2047
1743181047564844 2047
1743181047565470 2047
1743181047566094 2047
1743181047566719 2047
1743181047567344 1291
1743181047567969 0
1743181047568594 0
1743181047569220 0
1743181047569844 0
1743181047570469 0
1743181047571094 0
1743181047571719 0
1743181047572344 0
1743181047572969 0
1743181047573595 0
1743181047574220 0
1743181047574845 0
1743181047575469 0
1743181047576095 0
1743181047576720 0
1743181047577345 0
1743181047577970 0
1743181047578594 0
1743181047579220 0
1743181047579844 0
1743181047580470 0
1743181047581096 0
1743181047581719 0
1743181047582345 0
1743181047582970 0
1743181047583594 0
1743181047584220 0
1743181047584844 0
1743181047585470 0
1743181047586095 0
1743181047586720 0
1743181047587345 0
1743181047587969 0
1743181047588595 0
1743181047589220 0
1743181047589844 0
1743181047590470 0
1743181047591094 0
1743181047591720 0
1743181047592344 0
1743181047592969 0
1743181047593595 0
1743181047594219 0
1743181047594844 0
1743181047595469 0
1743181047596094 0
1743181047596719 0
1743181047597344 0
1743181047597969 0
1743181047598594 0
1743181047599219 0
1743181047599844 0
1743181047600469 0
1743181047601095 0
1743181047601718 0
1743181047602344 0
1743181047602969 0
1743181047603594 0
1743181047604219 0
1743181047604844 0
1743181047605469 0
1743181047606094 0
1743181047606719 0
1743181047607344 0
1743181047607969 0
1743181047608594 0
1743181047609220 0
1743181047609843 0
1743181047610469 0
1743181047611094 0
1743181047611719 0
1743181047612344 0
1743181047612969 0
1743181047613594 0
1743181047614219 0
1743181047614844 0
1743181047615469 0
1743181047616094 0
1743181047616719 0
1743181047617344 1291
1743181047617969 2047
1743181047618594 2047
1743181047619219 2047
1743181047619844 2047
1743181047620469 2047
1743181047621095 2047
1743181047621719 2047
1743181047622344 2047
1743181047622969 2047
1743181047623594 2047
1743181047624219 2047
1743181047624844 2047
1743181047625469 2047
1743181047626094 2047
1743181047626719 2047
1743181047627344 2047
1743181047627969 2047
1743181047628594 2047
1743181047629220 2047
1743181047629843 2047
1743181047630470 2047
1743181047631094 2047
1743181047631719 2047
1743181047632344 2047
1743181047632969 2047
1743181047633594 2047
1743181047634219 2047
1743181047634844 2047
1743181047635469 2047
1743181047636094 2047
1743181047636719 2047
1743181047637344 2047
1743181047637969 2047
1743181047638594 2047
1743181047639219 2047
1743181047639844 2047
1743181047640469 2047
1743181047641095 2047
1743181047641719 2047
1743181047642344 2047
1743181047642969 2047
1743181047643594 2047
1743181047644219 2047
1743181047644844 2047
1743181047645469 2047
1743181047646094 2047
1743181047646719 2047
1743181047647344 2047
1743181047647970 2047
1743181047648594 2047
1743181047649220 2047
1743181047649844 2047
1743181047650469 2047
1743181047651094 2047
1743181047651719 2047
1743181047652344 2047
1743181047652969 2047
1743181047653595 2047
1743181047654219 2047
1743181047654845 2047
1743181047655470 2047
1743181047656094 2047
1743181047656720 2047
1743181047657345 2047
1743181047657970 2047
1743181047658595 2047
1743181047659219 2047
1743181047659845 2047
1743181047660469 2047
1743181047661096 2047
1743181047661719 2047
1743181047662345 2047
1743181047662969 2047
1743181047663594 2047
1743181047664220 2047
1743181047664844 2047
1743181047665470 2047
1743181047666094 2047
1743181047666720 2047
1743181047667345 789
1743181047667970 0
1743181047668594 0
1743181047669220 0
1743181047669844 0
1743181047670470 0
1743181047671095 0
1743181047671719 0
1743181047672345 0
1743181047672969 0
1743181047673595 0
1743181047674220 0
1743181047674844 0
1743181047675470 0
1743181047676095 0
1743181047676720 0
1743181047677345 0
1743181047677969 0
1743181047678595 0
1743181047679219 0
1743181047679845 0
1743181047680470 0
1743181047681095 0
1743181047681719 0
1743181047682344 0
1743181047682970 -1
1743181047683594 0
1743181047684219 0
1743181047684845 0
1743181047685470 0
1743181047686095 0
1743181047686720 0
1743181047687345 0
1743181047687970 0
1743181047688595 0
1743181047689221 0
1743181047689844 0
1743181047690470 0
1743181047691095 0
1743181047691719 0
1743181047692344 0
1743181047692969 0
1743181047693595 0
1743181047694220 0
1743181047694844 0
1743181047695470 0
1743181047696094 0
1743181047696720 0
1743181047697345 0
1743181047697969 0
1743181047698595 0
1743181047699219 0
1743181047699844 0
1743181047700470 0
1743181047701095 0
1743181047701719 0
1743181047702345 0
1743181047702970 0
1743181047703595 0
1743181047704220 0
1743181047704844 0
1743181047705469 0
1743181047706095 0
1743181047706720 0
1743181047707344 0
1743181047707970 0
1743181047708594 0
1743181047709220 0
1743181047709844 0
1743181047710469 0
1743181047711095 0
1743181047711719 0
1743181047712345 0
1743181047712970 0
1743181047713595 0
1743181047714220 0
1743181047714845 0
1743181047715470 0
1743181047716094 0
1743181047716719 0
1743181047717345 0
1743181047717969 2047
1743181047718595 2047
1743181047719219 2047
1743181047719845 2047
1743181047720470 2047
1743181047721095 2047
1743181047721719 2047
1743181047722344 2047
1743181047722970 2047
1743181047723594 2047
1743181047724219 2047
1743181047724844 2047
1743181047725470 2047
1743181047726095 2047
1743181047726719 2047
1743181047727344 2047
1743181047727969 2047
1743181047728595 2047
1743181047729220 2047
1743181047729844 2047
1743181047730469 2047
1743181047731095 2047
1743181047731719 2047
1743181047732345 2047
1743181047732970 2047
1743181047733594 2047
1743181047734219 2047
1743181047734844 2047
1743181047735469 2047
1743181047736094 2047
1743181047736719 2047
1743181047737345 2047
1743181047737969 2047
1743181047738594 2047
1743181047739219 2047
1743181047739844 2047
1743181047740469 2047
1743181047741095 2047
1743181047741719 2047
1743181047742344 2047
1743181047742969 2047
1743181047743594 2047
1743181047744219 2047
1743181047744844 2047
1743181047745470 2047
1743181047746094 2047
1743181047746719 2047
1743181047747344 2047
1743181047747969 2047
1743181047748594 2047
1743181047749220 2047
1743181047749844 2047
1743181047750469 2047
1743181047751094 2047
1743181047751719 2047
1743181047752344 2047
1743181047752969 2047
1743181047753595 2047
1743181047754220 2047
1743181047754845 2047
1743181047755470 2047
1743181047756095 2047
1743181047756719 2047
1743181047757345 2047
1743181047757969 2047
1743181047758594 2047
1743181047759220 2047
1743181047759844 2047
1743181047760470 2047
1743181047761095 2047
1743181047761719 2047
1743181047762345 2047
1743181047762969 2047
1743181047763595 2047
1743181047764219 2047
1743181047764845 2047
1743181047765470 2047
1743181047766094 2047
1743181047766720 2047
1743181047767344 2047
1743181047767970 0
1743181047768594 0
1743181047769220 0
1743181047769844 0
1743181047770469 0
1743181047771095 0
1743181047771720 0
1743181047772344 0
1743181047772970 0
1743181047773594 0
1743181047774219 0
1743181047774844 0
1743181047775469 0
1743181047776094 0
1743181047776719 0
1743181047777345 0
1743181047777969 0
1743181047778594 0
1743181047779219 0
1743181047779844 0
1743181047780469 0
1743181047781095 0
1743181047781719 0
1743181047782344 0
1743181047782969 0
1743181047783594 0
1743181047784219 0
1743181047784844 0
1743181047785469 0
1743181047786094 0
1743181047786719 0
1743181047787344 0
1743181047787969 0
1743181047788594 0
1743181047789220 0
1743181047789844 0
1743181047790469 0
1743181047791094 0
1743181047791719 0
1743181047792344 0
1743181047792969 0
1743181047793594 0
1743181047794219 0
1743181047794844 0
1743181047795469 0
1743181047796094 0
1743181047796719 0
1743181047797345 0
1743181047797969 0
1743181047798594 0
1743181047799219 0
1743181047799844 0
1743181047800469 0
1743181047801095 0
1743181047801719 0
1743181047802344 0
1743181047802969 0
1743181047803594 0
1743181047804219 0
1743181047804844 0
1743181047805469 0
1743181047806094 0
1743181047806719 0
1743181047807344 0
1743181047807969 0
1743181047808594 0
1743181047809220 0
1743181047809844 0
1743181047810469 0
1743181047811094 0
1743181047811719 0
1743181047812344 0
1743181047812969 0
1743181047813595 0
1743181047814220 0
1743181047814845 0
1743181047815469 0
1743181047816095 0
1743181047816720 0
1743181047817345 0
1743181047817970 2047
1743181047818594 2047
1743181047819220 2047
1743181047819844 2047
1743181047820470 2047
1743181047821096 2047
1743181047821719 2047
1743181047822345 2047
1743181047822969 2047
1743181047823595 2047
1743181047824220 2047
1743181047824844 2047
1743181047825470 2047
1743181047826094 2047
1743181047826719 2047
1743181047827345 2047
1743181047827970 2047
1743181047828595 2047
1743181047829220 2047
1743181047829844 2047
1743181047830470 2047
1743181047831094 2047
1743181047831720 2047
1743181047832344 2047
1743181047832970 2047
1743181047833594 2047
1743181047834219 2047
1743181047834844 2047
1743181047835469 2047
1743181047836094 2047
1743181047836719 2047
1743181047837344 2047
1743181047837969 2047
1743181047838594 2047
1743181047839220 2047
1743181047839845 2047
1743181047840469 2047
1743181047841097 2047
1743181047841718 2047
1743181047842344 2047
1743181047842969 2047
1743181047843594 2047
1743181047844219 2047
1743181047844844 2047
1743181047845469 2047
1743181047846094 2047
1743181047846719 2047
1743181047847344 2047
1743181047847969 2047
1743181047848594 2047
1743181047849220 2047
1743181047849843 2047
1743181047850469 2047
1743181047851094 2047
1743181047851720 2047
1743181047852344 2047
1743181047852969 2047
1743181047853595 2047
1743181047854220 2047
1743181047854844 2047
1743181047855469 2047
1743181047856095 2047
1743181047856720 2047
1743181047857345 2047
1743181047857970 2047
1743181047858594 2047
1743181047859220 2047
1743181047859845 2047
1743181047860469 2047
1743181047861096 2047
1743181047861719 2047
1743181047862345 2047
1743181047862970 2047
1743181047863595 2047
1743181047864220 2047
1743181047864844 2047
1743181047865469 2047
1743181047866095 2047
1743181047866719 2047
1743181047867345 2047
1743181047867969 0
1743181047868595 0
1743181047869220 0
1743181047869844 0
1743181047870469 0
1743181047871095 0
1743181047871720 0
1743181047872345 0
1743181047872970 0
1743181047873595 0
1743181047874219 0
1743181047874845 0
1743181047875469 0
1743181047876094 0
1743181047876720 0
1743181047877345 0
1743181047877970 0
1743181047878594 0
1743181047879220 0
1743181047879845 0
1743181047880469 0
1743181047881095 0
1743181047881719 0
1743181047882345 0
1743181047882970 0
1743181047883594 0
1743181047884220 0
1743181047884845 0
1743181047885470 0
1743181047886095 0
1743181047886719 0
1743181047887345 0
1743181047887969 0
1743181047888595 0
1743181047889221 0
1743181047889844 0
1743181047890469 0
1743181047891094 0
1743181047891720 0
1743181047892345 0
1743181047892969 0
1743181047893594 0
1743181047894219 0
1743181047894844 0
1743181047895469 0
1743181047896094 0
1743181047896719 0
1743181047897344 0
1743181047897969 0
1743181047898594 0
1743181047899219 0
1743181047899844 0
1743181047900469 0
1743181047901095 0
1743181047901719 0
1743181047902344 0
1743181047902969 0
1743181047903594 0
1743181047904219 0
1743181047904844 0
1743181047905469 0
1743181047906095 0
1743181047906719 0
1743181047907344 0
1743181047907969 0
1743181047908594 0
1743181047909220 0
1743181047909844 0
1743181047910469 0
1743181047911094 0
1743181047911719 0
1743181047912344 0
1743181047912969 0
1743181047913594 0
1743181047914219 0
1743181047914845 0
1743181047915470 0
1743181047916094 0
1743181047916719 0
1743181047917345 0
1743181047917970 2047
1743181047918595 2047
1743181047919219 2047
1743181047919845 2047
1743181047920470 2047
1743181047921095 2047
1743181047921719 2047
1743181047922344 2047
1743181047922969 2047
1743181047923595 2047
1743181047924220 2047
1743181047924845 2047
1743181047925470 2047
1743181047926095 2047
1743181047926719 2047
1743181047927345 2047
1743181047927970 2047
1743181047928594 2047
1743181047929221 2047
1743181047929844 2047
1743181047930470 2047
1743181047931095 2047
1743181047931720 2047
1743181047932345 2047
1743181047932969 2047
1743181047933595 2047
1743181047934219 2047
1743181047934844 2047
1743181047935469 2047
1743181047936094 2047
1743181047936719 2047
1743181047937344 2047
1743181047937969 2047
1743181047938594 2047
1743181047939219 2047
1743181047939844 2047
1743181047940469 2047
1743181047941095 2047
1743181047941719 2047
1743181047942344 2047
1743181047942970 2047
1743181047943594 2047
1743181047944219 2047
1743181047944844 2047
1743181047945469 2047
1743181047946094 2047
1743181047946719 2047
1743181047947344 2047
1743181047947969 2047
1743181047948594 2047
1743181047949220 2047
1743181047949843 2047
1743181047950469 2047
1743181047951094 2047
1743181047951719 2047
1743181047952344 2047
1743181047952969 2047
1743181047953594 2047
1743181047954219 2047
1743181047954844 2047
1743181047955469 2047
1743181047956094 2047
1743181047956719 2047
1743181047957344 2047
1743181047957969 2047
1743181047958594 2047
1743181047959219 2047
1743181047959844 2047
1743181047960469 2047
1743181047961095 2047
1743181047961719 2047
1743181047962344 2047
1743181047962969 2047
1743181047963594 2047
1743181047964219 2047
1743181047964844 2047
1743181047965469 2047
1743181047966094 2047
1743181047966719 2047
1743181047967344 2047
1743181047967969 1291
1743181047968594 0
1743181047969220 0
1743181047969843 0
1743181047970469 0
1743181047971094 0
1743181047971719 0
1743181047972344 0
1743181047972969 0
1743181047973594 0
1743181047974219 0
1743181047974844 0
1743181047975469 0
1743181047976094 0
1743181047976719 0
1743181047977344 0
1743181047977969 0
1743181047978594 0
1743181047979219 0
1743181047979844 0
1743181047980469 0
1743181047981095 0
1743181047981718 0
1743181047982344 0
1743181047982969 0
1743181047983594 0
1743181047984219 0
1743181047984844 0
1743181047985469 0
1743181047986094 0
1743181047986719 0
1743181047987344 0
1743181047987969 0
1743181047988594 0
1743181047989220 0
1743181047989843 0
1743181047990469 0
1743181047991094 0
1743181047991719 0
1743181047992344 0
1743181047992969 0
1743181047993594 0
1743181047994219 0
1743181047994844 0
1743181047995469 0
1743181047996094 0
1743181047996719 0
1743181047997344 0
1743181047997969 0
1743181047998594 0
1743181047999219 0
1743181047999844 0
1743181048000469 0
1743181048001095 0
1743181048001719 0
1743181048002344 0
1743181048002969 0
1743181048003594 0
1743181048004219 0
1743181048004844 0
1743181048005469 0
1743181048006094 0
1743181048006719 0
1743181048007344 0
1743181048007969 0
1743181048008594 0
1743181048009220 0
1743181048009844 0
1743181048010469 0
1743181048011094 0
1743181048011719 0
1743181048012344 0
1743181048012969 0
1743181048013594 0
1743181048014220 0
1743181048014844 0
1743181048015470 0
1743181048016095 0
1743181048016719 0
1743181048017345 0
1743181048017969 1291
1743181048018595 2047
1743181048019220 2047
1743181048019844 2047
1743181048020470 2047
1743181048021095 2047
1743181048021719 2047
1743181048022345 2047
1743181048022969 2047
1743181048023595 2047
1743181048024220 2047
1743181048024845 2047
1743181048025470 2047
1743181048026094 2047
1743181048026720 2047
1743181048027344 2047
1743181048027970 2047
1743181048028595 2047
1743181048029220 2047
1743181048029844 2047
1743181048030469 2047
1743181048031095 2047
1743181048031720 2047
1743181048032344 2047
1743181048032970 2047
1743181048033594 2047
1743181048034219 2047
1743181048034844 2047
1743181048035469 2047
1743181048036094 2047
1743181048036719 2047
1743181048037345 2047
1743181048037969 2047
1743181048038594 2047
1743181048039219 2047
1743181048039844 2047
1743181048040469 2047
1743181048041095 2047
1743181048041719 2047
1743181048042344 2047
1743181048042969 2047
1743181048043595 2047
1743181048044219 2047
1743181048044844 2047
1743181048045470 2047
1743181048046094 2047
1743181048046719 2047
1743181048047344 2047
1743181048047969 2047
1743181048048594 2047
1743181048049220 2047
1743181048049844 2047
1743181048050469 2047
1743181048051094 2047
1743181048051719 2047
1743181048052344 2047
1743181048052969 2047
1743181048053594 2047
1743181048054219 2047
1743181048054844 2047
1743181048055469 2047
1743181048056094 2047
1743181048056719 2047
1743181048057345 2047
1743181048057969 2047
1743181048058594 2047
1743181048059219 2047
1743181048059844 2047
1743181048060469 2047
1743181048061095 2047
1743181048061719 2047
1743181048062344 2047
1743181048062969 2047
1743181048063594 2047
1743181048064219 2047
1743181048064846 2047
1743181048065469 2047
1743181048066094 2047
1743181048066719 2047
1743181048067344 2047
1743181048067969 1042
1743181048068595 0
1743181048069221 0
1743181048069843 0
1743181048070469 0
1743181048071094 0
1743181048071719 0
1743181048072344 0
1743181048072969 0
1743181048073595 0
1743181048074220 0
1743181048074845 0
1743181048075469 0
1743181048076095 0
1743181048076720 0
1743181048077346 0
1743181048077969 0
1743181048078594 0
1743181048079220 0
1743181048079844 0
1743181048080470 0
1743181048081096 0
1743181048081719 0
1743181048082345 0
1743181048082969 0
1743181048083595 0
1743181048084220 0
1743181048084844 0
1743181048085470 0
1743181048086095 0
1743181048086720 0
1743181048087345 0
1743181048087970 0
1743181048088595 0
1743181048089221 0
1743181048089845 0
1743181048090471 0
1743181048091094 0
1743181048091720 0
1743181048092345 0
1743181048092970 0
1743181048093595 0
1743181048094220 0
1743181048094844 0
1743181048095469 0
1743181048096095 0
1743181048096719 0
1743181048097345 0
1743181048097969 0
1743181048098594 0
1743181048099219 0
1743181048099844 0
1743181048100469 0
1743181048101095 0
1743181048101718 0
1743181048102345 0
1743181048102969 0
1743181048103595 0
1743181048104219 0
1743181048104844 0
1743181048105469 0
1743181048106094 0
1743181048106720 0
1743181048107344 0
1743181048107969 0
1743181048108594 0
1743181048109220 0
1743181048109843 0
1743181048110469 0
1743181048111094 0
1743181048111720 0
1743181048112344 0
1743181048112969 0
1743181048113595 0
1743181048114219 0
1743181048114845 0
1743181048115470 0
1743181048116095 0
1743181048116720 0
1743181048117345 0
1743181048117970 0
1743181048118595 2047
1743181048119221 2047
1743181048119844 2047
1743181048120470 2047
1743181048121096 2047
1743181048121718 2047
1743181048122344 2047
1743181048122970 2047
1743181048123595 2047
1743181048124220 2047
1743181048124844 2047
1743181048125470 2047
1743181048126095 2047
1743181048126720 2047
1743181048127345 2047
1743181048127970 2047
1743181048128595 2047
1743181048129220 2047
1743181048129844 2047
1743181048130470 2047
1743181048131095 2047
1743181048131721 2047
1743181048132344 2047
1743181048132970 2047
1743181048133595 2047
1743181048134220 2047
1743181048134845 2047
1743181048135470 2047
1743181048136095 2047
1743181048136719 2047
1743181048137345 2047
1743181048137970 2047
1743181048138594 2047
1743181048139220 2047
1743181048139844 2047
1743181048140470 2047
1743181048141096 2047
1743181048141719 2047
1743181048142345 2047
1743181048142970 2047
1743181048143594 2047
1743181048144220 2047
1743181048144844 2047
1743181048145470 2047
1743181048146095 2047
1743181048146719 2047
1743181048147345 2047
1743181048147970 2047
1743181048148601 2047
1743181048149220 2047
1743181048149844 2047
1743181048150470 2047
1743181048151094 2047
1743181048151720 2047
1743181048152345 2047
1743181048152970 2047
1743181048153595 2047
1743181048154219 2047
1743181048154845 2047
1743181048155470 2047
1743181048156095 2047
1743181048156721 2047
1743181048157344 2047
1743181048157970 2047
1743181048158594 2047
1743181048159219 2047
1743181048159845 2047
1743181048160469 2047
1743181048161097 2047
1743181048161718 2047
1743181048162345 2047
1743181048162970 2047
1743181048163595 2047
1743181048164219 2047
1743181048164844 2047
1743181048165470 2047
1743181048166095 2047
1743181048166719 2047
1743181048167345 2047
1743181048167969 2047
1743181048168595 0
1743181048169220 0
1743181048169845 0
1743181048170470 0
1743181048171094 0
1743181048171720 0
1743181048172345 0
1743181048172969 0
1743181048173595 0
1743181048174219 0
1743181048174844 0
1743181048175470 0
1743181048176094 0
1743181048176719 0
1743181048177344 0
1743181048177970 0
1743181048178594 0
1743181048179219 0
1743181048179844 0
1743181048180469 0
1743181048181095 0
1743181048181719 0
1743181048182344 0
1743181048182969 0
1743181048183594 0
1743181048184219 0
1743181048184844 0
1743181048185469 0
1743181048186095 0
1743181048186719 0
1743181048187344 0
1743181048187969 0
1743181048188594 0
1743181048189220 0
1743181048189843 0
1743181048190470 0
1743181048191094 0
1743181048191719 0
1743181048192345 0
1743181048192969 0
1743181048193594 0
1743181048194219 0
1743181048194845 0
1743181048195469 0
1743181048196094 0
1743181048196719 0
1743181048197344 0
1743181048197969 0
1743181048198595 0
1743181048199219 0
1743181048199844 0
1743181048200469 0
1743181048201095 0
1743181048201718 0
1743181048202344 0
1743181048202970 0
1743181048203594 0
1743181048204219 0
1743181048204844 0
1743181048205469 0
1743181048206094 0
1743181048206719 0
1743181048207345 0
1743181048207970 0
1743181048208594 0
1743181048209220 0
1743181048209843 0
1743181048210469 0
1743181048211095 0
1743181048211719 0
1743181048212344 0
1743181048212969 0
1743181048213594 0
1743181048214219 0
1743181048214844 0
1743181048215470 0
1743181048216094 0
1743181048216719 0
1743181048217344 0
1743181048217969 0
1743181048218594 2047
1743181048219219 2047
1743181048219845 2047
1743181048220469 2047
1743181048221095 2047
1743181048221719 2047
1743181048222344 2047
1743181048222969 2047
1743181048223595 2047
1743181048224219 2047
1743181048224844 2047
1743181048225469 2047
1743181048226094 2047
1743181048226719 2047
1743181048227344 2047
1743181048227970 2047
1743181048228594 2047
1743181048229220 2047
1743181048229843 2047
1743181048230469 2047
1743181048231094 2047
1743181048231719 2047
1743181048232345 2047
1743181048232969 2047
1743181048233595 2047
1743181048234220 2047
1743181048234844 2047
1743181048235470 2047
1743181048236095 2047
1743181048236719 2047
1743181048237345 2047
1743181048237969 2047
1743181048238595 2047
1743181048239220 2047
1743181048239845 2047
1743181048240471 2047
1743181048241095 2047
1743181048241719 2047
1743181048242344 2047
1743181048242970 2047
1743181048243594 2047
1743181048244219 2047
1743181048244845 2047
1743181048245470 2047
1743181048246095 2047
1743181048246720 2047
1743181048247344 2047
1743181048247969 2047
1743181048248595 2047
1743181048249221 2047
1743181048249844 2047
1743181048250469 2047
1743181048251095 2047
1743181048251719 2047
1743181048252345 2047
1743181048252970 2047
1743181048253594 2047
1743181048254219 2047
1743181048254844 2047
1743181048255470 2047
1743181048256094 2047
1743181048256720 2047
1743181048257346 2047
1743181048257969 2047
1743181048258596 2047
1743181048259219 2047
1743181048259845 2047
1743181048260470 2047
1743181048261096 2047
1743181048261718 2047
1743181048262344 2047
1743181048262970 2047
1743181048263595 2047
1743181048264219 2047
1743181048264845 2047
1743181048265470 2047
1743181048266095 2047
1743181048266719 2047
1743181048267345 2047
1743181048267969 2047
1743181048268594 0
1743181048269220 0
1743181048269844 0
1743181048270469 0
1743181048271094 0
1743181048271719 0
1743181048272345 0
1743181048272970 0
1743181048273594 0
1743181048274219 0
1743181048274844 0
1743181048275469 0
1743181048276094 0
1743181048276719 0
1743181048277344 0
1743181048277969 0
1743181048278594 0
1743181048279219 0
1743181048279844 0
1743181048280469 0
1743181048281095 0
1743181048281719 0
1743181048282344 0
1743181048282969 0
1743181048283594 0
1743181048284219 0
1743181048284844 0
1743181048285469 0
1743181048286094 0
1743181048286719 0
1743181048287344 0
1743181048287969 0
1743181048288594 0
1743181048289220 0
1743181048289844 0
1743181048290469 0
1743181048291094 0
1743181048291719 0
1743181048292344 0
1743181048292969 0
1743181048293594 0
1743181048294219 0
1743181048294844 0
1743181048295469 0
1743181048296094 0
1743181048296719 0
1743181048297345 0
1743181048297969 0
1743181048298594 0
1743181048299219 0
1743181048299844 0
1743181048300469 0
1743181048301095 0
1743181048301718 0
1743181048302344 0
1743181048302969 0
1743181048303594 0
1743181048304219 0
1743181048304844 0
1743181048305469 0
1743181048306094 0
1743181048306719 0
1743181048307344 0
1743181048307969 0
1743181048308594 0
1743181048309220 0
1743181048309844 0
1743181048310469 0
1743181048311094 0
1743181048311719 0
1743181048312344 0
1743181048312969 0
1743181048313594 0
1743181048314219 0
1743181048314844 0
1743181048315469 0
1743181048316094 0
1743181048316719 0
1743181048317344 0
1743181048317969 0
1743181048318594 2047
1743181048319219 2047
1743181048319844 2047
1743181048320469 2047
1743181048321095 2047
1743181048321719 2047
1743181048322344 2047
1743181048322969 2047
1743181048323594 2047
1743181048324219 2047
1743181048324844 2047
1743181048325469 2047
1743181048326094 2047
1743181048326719 2047
1743181048327344 2047
1743181048327969 2047
1743181048328594 2047
1743181048329220 2047
1743181048329844 2047
1743181048330469 2047
1743181048331094 2047
1743181048331719 2047
1743181048332344 2047
1743181048332969 2047
1743181048333594 2047
1743181048334219 2047
1743181048334844 2047
1743181048335469 2047
1743181048336096 2047
1743181048336718 2047
1743181048337345 2047
1743181048337969 2047
1743181048338594 2047
1743181048339219 2047
1743181048339844 2047
1743181048340469 2047
1743181048341095 2047
1743181048341718 2047
1743181048342344 2047
1743181048342969 2047
1743181048343594 2047
1743181048344219 2047
1743181048344844 2047
1743181048345470 2047
1743181048346094 2047
1743181048346719 2047
1743181048347344 2047
1743181048347969 2047
1743181048348594 2047
1743181048349220 2047
1743181048349844 2047
1743181048350469 2047
1743181048351094 2047
1743181048351719 2047
1743181048352344 2047
1743181048352969 2047
1743181048353595 2047
1743181048354220 2047
1743181048354844 2047
1743181048355470 2047
1743181048356095 2047
1743181048356720 2047
1743181048357345 2047
1743181048357969 2047
1743181048358594 2047
1743181048359220 2047
1743181048359844 2047
1743181048360469 2047
1743181048361095 2047
1743181048361719 2047
1743181048362345 2047
1743181048362970 2047
1743181048363595 2047
1743181048364220 2047
1743181048364844 2047
1743181048365470 2047
1743181048366094 2047
1743181048366720 2047
1743181048367345 2047
1743181048367969 2047
1743181048368594 2003
1743181048369220 0
1743181048369844 0
1743181048370470 0
1743181048371096 0
1743181048371720 0
1743181048372344 0
1743181048372970 0
1743181048373595 0
1743181048374219 0
1743181048374845 0
1743181048375469 0
1743181048376095 0
1743181048376720 0
1743181048377344 0
1743181048377970 0
1743181048378594 0
1743181048379220 0
1743181048379845 0
1743181048380469 0
1743181048381096 0
1743181048381719 0
1743181048382345 0
1743181048382969 0
1743181048383595 0
1743181048384220 0
1743181048384844 0
1743181048385470 0
1743181048386095 0
1743181048386720 0
1743181048387345 0
1743181048387969 0
1743181048388595 0
1743181048389220 0
1743181048389844 0
1743181048390470 0
1743181048391094 0
1743181048391719 0
1743181048392344 0
1743181048392970 0
1743181048393595 0
1743181048394219 0
1743181048394844 0
1743181048395469 0
1743181048396094 0
1743181048396719 0
1743181048397344 0
1743181048397969 0
1743181048398594 0
1743181048399219 0
1743181048399844 0
1743181048400469 0
1743181048401095 0
1743181048401719 0
1743181048402344 0
1743181048402969 0
1743181048403594 0
1743181048404219 0
1743181048404844 0
1743181048405469 0
1743181048406094 0
1743181048406719 0
1743181048407344 0
1743181048407969 0
1743181048408594 0
1743181048409220 0
1743181048409843 0
1743181048410469 0
1743181048411094 0
1743181048411719 0
1743181048412344 0
1743181048412969 0
1743181048413595 0
1743181048414219 0
1743181048414844 0
1743181048415469 0
1743181048416094 0
1743181048416719 0
1743181048417344 0
1743181048417969 0
1743181048418594 1291
1743181048419219 2047
1743181048419844 2047
1743181048420469 2047
1743181048421095 2047
1743181048421718 2047
1743181048422344 2047
1743181048422969 2047
1743181048423594 2047
1743181048424219 2047
1743181048424844 2047
1743181048425469 2047
1743181048426094 2047
1743181048426719 2047
1743181048427344 2047
1743181048427969 2047
1743181048428594 2047
1743181048429220 2047
1743181048429843 2047
1743181048430469 2047
1743181048431094 2047
1743181048431719 2047
1743181048432344 2047
1743181048432969 2047
1743181048433595 2047
1743181048434219 2047
1743181048434844 2047
1743181048435469 2047
1743181048436094 2047
1743181048436719 2047
1743181048437344 2047
1743181048437969 2047
1743181048438594 2047
1743181048439219 2047
1743181048439844 2047
1743181048440469 2047
1743181048441095 2047
1743181048441719 2047
1743181048442344 2047
1743181048442969 2047
1743181048443594 2047
1743181048444219 2047
1743181048444844 2047
1743181048445469 2047
1743181048446094 2047
1743181048446719 2047
1743181048447344 2047
1743181048447969 2047
1743181048448594 2047
1743181048449220 2047
1743181048449843 2047
1743181048450469 2047
1743181048451094 2047
1743181048451719 2047
1743181048452344 2047
1743181048452969 2047
1743181048453595 2047
1743181048454220 2047
1743181048454845 2047
1743181048455470 2047
1743181048456095 2047
1743181048456719 2047
1743181048457345 2047
1743181048457970 2047
1743181048458595 2047
1743181048459219 2047
1743181048459845 2047
1743181048460469 2047
1743181048461096 2047
1743181048461719 2047
1743181048462345 2047
1743181048462970 2047
1743181048463595 2047
1743181048464220 2047
1743181048464845 2047
1743181048465469 2047
1743181048466095 2047
1743181048466720 2047
1743181048467345 2047
1743181048467970 2047
1743181048468595 1291
1743181048469220 0
1743181048469844 0
1743181048470470 0
1743181048471095 0
1743181048471719 0
1743181048472345 0
1743181048472969 0
1743181048473595 0
1743181048474220 0
1743181048474844 0
1743181048475469 0
1743181048476094 0
1743181048476719 0
1743181048477344 0
1743181048477969 0
1743181048478594 0
1743181048479219 0
1743181048479844 0
1743181048480469 0
1743181048481095 0
1743181048481719 0
1743181048482344 0
1743181048482969 0
1743181048483594 0
1743181048484219 0
1743181048484845 0
1743181048485469 0
1743181048486094 0
1743181048486719 0
1743181048487344 0
1743181048487970 0
1743181048488594 0
1743181048489220 0
1743181048489843 0
1743181048490469 0
1743181048491095 0
1743181048491719 0
1743181048492344 0
1743181048492969 0
1743181048493594 0
1743181048494219 0
1743181048494844 0
1743181048495469 0
1743181048496094 0
1743181048496719 0
1743181048497344 0
1743181048497969 0
1743181048498594 0
1743181048499219 0
1743181048499844 0
1743181048500469 0
1743181048501095 0
1743181048501719 0
1743181048502344 0
1743181048502969 0
1743181048503594 0
1743181048504219 0
1743181048504844 0
1743181048505469 0
1743181048506094 0
1743181048506719 0
1743181048507344 0
1743181048507969 0
1743181048508594 0
1743181048509220 0
1743181048509843 0
1743181048510469 0
1743181048511094 0
1743181048511719 0
1743181048512345 0
1743181048512969 0
1743181048513595 0
1743181048514220 0
1743181048514844 0
1743181048515469 0
1743181048516094 0
1743181048516719 0
1743181048517345 0
1743181048517969 0
1743181048518594 0
1743181048519219 2047
1743181048519844 2047
1743181048520469 2047
1743181048521095 2047
1743181048521719 2047
1743181048522344 2047
1743181048522969 2047
1743181048523594 2047
1743181048524219 2047
1743181048524844 2047
1743181048525469 2047
1743181048526094 2047
1743181048526719 2047
1743181048527344 2047
1743181048527969 2047
1743181048528594 2047
1743181048529220 2047
1743181048529845 2047
1743181048530469 2047
1743181048531094 2047
1743181048531719 2047
1743181048532344 2047
1743181048532969 2047
1743181048533595 2047
1743181048534220 2047
1743181048534844 2047
1743181048535470 2047
1743181048536095 2047
1743181048536720 2047
1743181048537345 2047
1743181048537969 2047
1743181048538595 2047
1743181048539219 2047
1743181048539844 2047
1743181048540470 2047
1743181048541095 2047
1743181048541719 2047
1743181048542344 2047
1743181048542970 2047
1743181048543595 2047
1743181048544219 2047
1743181048544845 2047
1743181048545470 2047
1743181048546095 2047
1743181048546720 2047
1743181048547344 2047
1743181048547970 2047
1743181048548594 2047
1743181048549221 2047
1743181048549844 2047
1743181048550469 2047
1743181048551095 2047
1743181048551720 2047
1743181048552345 2047
1743181048552970 2047
1743181048553595 2047
1743181048554219 2047
1743181048554844 2047
1743181048555469 2047
1743181048556094 2047
1743181048556719 2047
1743181048557344 2047
1743181048557969 2047
1743181048558594 2047
1743181048559219 2047
1743181048559844 2047
1743181048560469 2047
1743181048561095 2047
1743181048561719 2047
1743181048562344 2047
1743181048562969 2047
1743181048563594 2047
1743181048564219 2047
1743181048564844 2047
1743181048565469 2047
1743181048566094 2047
1743181048566719 2047
1743181048567344 2047
1743181048567969 2047
1743181048568595 2047
1743181048569220 0
1743181048569843 0
1743181048570469 0
1743181048571094 0
1743181048571719 0
1743181048572344 0
1743181048572969 0
1743181048573594 0
1743181048574220 0
1743181048574844 0
1743181048575469 0
1743181048576095 0
1743181048576719 0
1743181048577345 0
1743181048577969 0
1743181048578595 0
1743181048579220 0
1743181048579844 0
1743181048580470 0
1743181048581095 0
1743181048581719 0
1743181048582345 0
1743181048582970 0
1743181048583595 0
1743181048584220 0
1743181048584845 0
1743181048585470 0
1743181048586095 0
1743181048586720 0
1743181048587344 0
1743181048587970 0
1743181048588595 0
1743181048589220 0
1743181048589844 0
1743181048590469 0
1743181048591095 0
1743181048591720 0
1743181048592345 0
1743181048592970 0
1743181048593595 0
1743181048594220 0
1743181048594845 0
1743181048595470 0
1743181048596095 0
1743181048596719 0
1743181048597345 0
1743181048597970 0
1743181048598594 0
1743181048599220 0
1743181048599844 0
1743181048600470 0
1743181048601096 0
1743181048601719 0
1743181048602345 0
1743181048602969 0
1743181048603595 0
1743181048604219 0
1743181048604845 0
1743181048605470 0
1743181048606094 0
1743181048606720 0
1743181048607345 0
1743181048607970 0
1743181048608595 0
1743181048609220 0
1743181048609844 0
1743181048610469 0
1743181048611095 0
1743181048611719 0
1743181048612344 0
1743181048612970 0
1743181048613594 0
1743181048614219 0
1743181048614844 0
1743181048615469 0
1743181048616094 0
1743181048616719 0
1743181048617344 0
1743181048617969 0
1743181048618594 0
1743181048619219 2047
1743181048619844 2047
1743181048620470 2047
1743181048621095 2047
1743181048621718 2047
1743181048622344 2047
1743181048622969 2047
1743181048623594 2047
1743181048624219 2047
1743181048624844 2047
1743181048625470 2047
1743181048626094 2047
1743181048626719 2047
1743181048627344 2047
1743181048627969 2047
1743181048628594 2047
1743181048629220 2047
1743181048629844 2047
1743181048630469 2047
1743181048631094 2047
1743181048631719 2047
1743181048632344 2047
1743181048632969 2047
1743181048633594 2047
1743181048634219 2047
1743181048634844 2047
1743181048635469 2047
1743181048636094 2047
1743181048636719 2047
1743181048637345 2047
1743181048637969 2047
1743181048638594 2047
1743181048639219 2047
1743181048639844 2047
1743181048640470 2047
1743181048641095 2047
1743181048641718 2047
1743181048642344 2047
1743181048642969 2047
1743181048643594 2047
1743181048644219 2047
1743181048644844 2047
1743181048645470 2047
1743181048646094 2047
1743181048646719 2047
1743181048647344 2047
1743181048647969 2047
1743181048648594 2047
1743181048649220 2047
1743181048649843 2047
1743181048650470 2047
1743181048651094 2047
1743181048651719 2047
1743181048652344 2047
1743181048652969 2047
1743181048653595 2047
1743181048654219 2047
1743181048654844 2047
1743181048655469 2047
1743181048656094 2047
1743181048656719 2047
1743181048657344 2047
1743181048657969 2047
1743181048658594 2047
1743181048659219 2047
1743181048659844 2047
1743181048660469 2047
1743181048661095 2047
1743181048661719 2047
1743181048662344 2047
1743181048662969 2047
1743181048663594 2047
1743181048664219 2047
1743181048664844 2047
1743181048665470 2047
1743181048666094 2047
1743181048666719 2047
1743181048667344 2047
1743181048667969 2047
1743181048668594 2047
1743181048669220 0
1743181048669844 0
1743181048670469 0
1743181048671094 0
1743181048671719 0
1743181048672344 0
1743181048672969 0
1743181048673595 0
1743181048674219 0
1743181048674844 0
1743181048675469 0
1743181048676094 0
1743181048676720 0
1743181048677344 0
1743181048677969 0
1743181048678594 0
1743181048679220 0
1743181048679844 0
1743181048680469 0
1743181048681095 0
1743181048681719 0
1743181048682345 0
1743181048682970 0
1743181048683595 0
1743181048684220 0
1743181048684845 0
1743181048685470 0
1743181048686095 0
1743181048686720 0
1743181048687345 0
1743181048687969 0
1743181048688595 0
1743181048689220 0
1743181048689844 0
1743181048690469 0
1743181048691094 0
1743181048691720 0
1743181048692345 0
1743181048692969 0
1743181048693594 0
1743181048694219 0
1743181048694844 0
1743181048695469 0
1743181048696094 0
1743181048696719 0
1743181048697344 0
1743181048697969 0
1743181048698594 0
1743181048699219 0
1743181048699844 0
1743181048700469 0
1743181048701095 0
1743181048701718 0
1743181048702344 0
1743181048702969 0
1743181048703594 0
1743181048704219 0
1743181048704844 0
1743181048705469 0
1743181048706094 0
1743181048706719 0
1743181048707344 0
1743181048707969 0
1743181048708594 0
1743181048709220 0
1743181048709843 0
1743181048710469 0
1743181048711094 0
1743181048711719 0
1743181048712344 0
1743181048712969 0
1743181048713594 0
1743181048714219 0
1743181048714844 0
1743181048715469 0
1743181048716094 0
1743181048716719 0
1743181048717344 0
1743181048717969 0
1743181048718594 0
1743181048719219 2047
1743181048719844 2047
1743181048720469 2047
1743181048721095 2047
1743181048721719 2047
1743181048722344 2047
1743181048722969 2047
1743181048723594 2047
1743181048724219 2047
1743181048724844 2047
1743181048725469 2047
1743181048726094 2047
1743181048726719 2047
1743181048727344 2047
1743181048727969 2047
1743181048728594 2047
1743181048729220 2047
1743181048729844 2047
1743181048730469 2047
1743181048731094 2047
1743181048731720 2047
1743181048732344 2047
1743181048732969 2047
1743181048733595 2047
1743181048734220 2047
1743181048734845 2047
1743181048735470 2047
1743181048736094 2047
1743181048736720 2047
1743181048737345 2047
1743181048737970 2047
1743181048738595 2047
1743181048739219 2047
1743181048739845 2047
1743181048740469 2047
1743181048741095 2047
1743181048741719 2047
1743181048742344 2047
1743181048742970 2047
1743181048743595 2047
1743181048744219 2047
1743181048744845 2047
1743181048745470 2047
1743181048746095 2047
1743181048746719 2047
1743181048747345 2047
1743181048747970 2047
1743181048748594 2047
1743181048749220 2047
1743181048749844 2047
1743181048750470 2047
1743181048751094 2047
1743181048751719 2047
1743181048752345 2047
1743181048752969 2047
1743181048753594 2047
1743181048754219 2047
1743181048754844 2047
1743181048755469 2047
1743181048756094 2047
1743181048756719 2047
1743181048757345 2047
1743181048757969 2047
1743181048758594 2047
1743181048759219 2047
1743181048759844 2047
1743181048760469 2047
1743181048761095 2047
1743181048761719 2047
1743181048762344 2047
1743181048762969 2047
1743181048763594 2047
1743181048764219 2047
1743181048764844 2047
1743181048765469 2047
1743181048766094 2047
1743181048766719 2047
1743181048767344 2047
1743181048767969 2047
1743181048768594 2047
1743181048769220 2047
1743181048769844 0
1743181048770469 0
1743181048771094 0
1743181048771719 0
1743181048772344 0
1743181048772969 0
1743181048773595 0
1743181048774219 0
1743181048774844 0
1743181048775469 0
1743181048776094 0
1743181048776719 0
1743181048777344 0
1743181048777969 0
1743181048778594 0
1743181048779219 0
1743181048779844 0
1743181048780469 0
1743181048781095 0
1743181048781719 0
1743181048782344 0
1743181048782969 0
1743181048783594 0
1743181048784219 0
1743181048784844 0
1743181048785469 0
1743181048786094 0
1743181048786719 0
1743181048787344 0
1743181048787969 0
1743181048788594 0
1743181048789220 0
1743181048789844 0
1743181048790469 0
1743181048791094 0
1743181048791719 0
1743181048792344 0
1743181048792969 0
1743181048793594 0
1743181048794219 0
1743181048794844 0
1743181048795469 0
1743181048796094 0
1743181048796719 0
1743181048797344 0
1743181048797969 0
1743181048798594 0
1743181048799219 0
1743181048799844 0
1743181048800469 0
1743181048801095 0
1743181048801719 0
1743181048802344 0
1743181048802969 0
1743181048803594 0
1743181048804219 0
1743181048804844 0
1743181048805469 0
1743181048806094 0
1743181048806720 0
1743181048807344 0
1743181048807969 0
1743181048808594 0
1743181048809220 0
1743181048809844 0
1743181048810469 0
1743181048811095 0
1743181048811719 0
1743181048812344 0
1743181048812970 0
1743181048813594 0
1743181048814219 0
1743181048814844 0
1743181048815469 0
1743181048816094 0
1743181048816719 -1
1743181048817344 0
1743181048817969 0
1743181048818594 0
1743181048819219 1291
1743181048819844 2047
1743181048820470 2047
1743181048821095 2047
1743181048821719 2047
1743181048822344 2047
1743181048822969 2047
1743181048823594 2047
1743181048824219 2047
1743181048824844 2047
1743181048825469 2047
1743181048826094 2047
1743181048826719 2047
1743181048827344 2047
1743181048827969 2047
1743181048828595 2047
1743181048829220 2047
1743181048829844 2047
1743181048830469 2047
1743181048831094 2047
1743181048831719 2047
1743181048832344 2047
1743181048832969 2047
1743181048833595 2047
1743181048834220 2047
1743181048834844 2047
1743181048835469 2047
1743181048836095 2047
1743181048836719 2047
1743181048837345 2047
1743181048837969 2047
1743181048838594 2047
1743181048839219 2047
1743181048839844 2047
1743181048840469 2047
1743181048841095 2047
1743181048841719 2047
1743181048842344 2047
1743181048842969 2047
1743181048843594 2047
1743181048844219 2047
1743181048844844 2047
1743181048845470 2047
1743181048846094 2047
1743181048846719 2047
1743181048847344 2047
1743181048847970 2047
1743181048848594 2047
1743181048849220 2047
1743181048849844 2047
1743181048850469 2047
1743181048851094 2047
1743181048851719 2047
1743181048852344 2047
1743181048852969 2047
1743181048853594 2047
1743181048854220 2047
1743181048854845 2047
1743181048855469 2047
1743181048856095 2047
1743181048856719 2047
1743181048857345 2047
1743181048857969 2047
1743181048858595 2047
1743181048859220 2047
1743181048859845 2047
1743181048860470 2047
1743181048861095 2047
1743181048861719 2047
1743181048862345 2047
1743181048862969 2047
1743181048863595 2047
1743181048864219 2047
1743181048864845 2047
1743181048865470 2047
1743181048866095 2047
1743181048866720 2047
1743181048867344 2047
1743181048867970 2047
1743181048868595 2047
1743181048869220 1291
1743181048869844 0
1743181048870469 0
1743181048871094 0
1743181048871720 0
1743181048872344 0
1743181048872970 0
1743181048873595 0
1743181048874220 0
1743181048874845 0
1743181048875469 0
1743181048876095 0
1743181048876719 0
1743181048877345 0
1743181048877970 0
1743181048878595 0
1743181048879219 0
1743181048879844 0
1743181048880470 0
1743181048881095 0
1743181048881719 0
1743181048882345 0
1743181048882969 0
1743181048883595 0
1743181048884220 0
1743181048884844 0
1743181048885470 0
1743181048886095 0
1743181048886720 0
1743181048887344 0
1743181048887969 0
1743181048888595 0
1743181048889220 0
1743181048889844 0
1743181048890469 0
1743181048891095 0
1743181048891720 0
1743181048892345 0
1743181048892970 0
1743181048893594 0
1743181048894219 0
1743181048894845 0
1743181048895469 0
1743181048896095 0
1743181048896719 0
1743181048897345 0
1743181048897970 0
1743181048898594 0
1743181048899220 0
1743181048899844 0
1743181048900469 0
1743181048901096 -1
1743181048901719 0
1743181048902345 0
1743181048902969 0
1743181048903594 0
1743181048904220 0
1743181048904844 0
1743181048905470 0
1743181048906095 0
1743181048906719 0
1743181048907345 0
1743181048907969 0
1743181048908595 0
1743181048909220 0
1743181048909844 0
1743181048910470 0
1743181048911095 0
1743181048911720 0
1743181048912344 0
1743181048912969 0
1743181048913595 0
1743181048914219 0
1743181048914844 0
1743181048915469 0
1743181048916094 0
1743181048916719 0
1743181048917344 0
1743181048917969 0
1743181048918594 0
1743181048919219 0
1743181048919844 2047
1743181048920469 2047
1743181048921095 2047
1743181048921718 2047
1743181048922344 2047
1743181048922969 2047
1743181048923594 2047
1743181048924220 2047
1743181048924844 2047
1743181048925470 2047
1743181048926094 2047
1743181048926719 2047
1743181048927344 2047
1743181048927969 2047
1743181048928595 2047
1743181048929220 2047
1743181048929844 2047
1743181048930469 2047
1743181048931094 2047
1743181048931719 2047
1743181048932344 2047
1743181048932969 2047
1743181048933595 2047
1743181048934219 2047
1743181048934845 2047
1743181048935469 2047
1743181048936095 2047
1743181048936720 2047
1743181048937344 2047
1743181048937970 2047
1743181048938594 2047
1743181048939220 2047
1743181048939845 2047
1743181048940469 2047
1743181048941095 2047
1743181048941719 2047
1743181048942345 2047
1743181048942970 2047
1743181048943595 2047
1743181048944220 2047
1743181048944844 2047
1743181048945470 2047
1743181048946095 2047
1743181048946719 2047
1743181048947345 2047
1743181048947970 2047
1743181048948595 2047
1743181048949220 2047
1743181048949844 2047
1743181048950470 2047
1743181048951094 2047
1743181048951720 2047
1743181048952344 2047
1743181048952970 2047
1743181048953594 2047
1743181048954219 2047
1743181048954844 2047
1743181048955469 2047
1743181048956094 2047
1743181048956719 2047
1743181048957344 2047
1743181048957969 2047
1743181048958594 2047
1743181048959219 2047
1743181048959844 2047
1743181048960469 2047
1743181048961095 2047
1743181048961718 2047
1743181048962344 2047
1743181048962969 2047
1743181048963594 2047
1743181048964219 2047
1743181048964844 2047
1743181048965469 2047
1743181048966094 2047
1743181048966719 2047
1743181048967344 2047
1743181048967969 2047
1743181048968594 2047
1743181048969220 2047
1743181048969843 0
1743181048970469 0
1743181048971094 0
1743181048971719 0
1743181048972344 0
1743181048972969 0
1743181048973594 0
1743181048974219 0
1743181048974844 0
1743181048975469 0
1743181048976094 0
1743181048976719 0
1743181048977344 0
1743181048977969 0
1743181048978594 0
1743181048979219 0
1743181048979844 0
1743181048980469 0
1743181048981095 0
1743181048981718 0
1743181048982344 0
1743181048982969 0
1743181048983594 0
1743181048984219 0
1743181048984844 0
1743181048985469 0
1743181048986094 0
1743181048986719 0
1743181048987344 0
1743181048987969 0
1743181048988594 0
1743181048989220 0
1743181048989844 0
1743181048990469 0
1743181048991094 0
1743181048991719 0
1743181048992344 0
1743181048992969 0
1743181048993595 0
1743181048994219 0
1743181048994844 0
1743181048995469 0
1743181048996094 0
1743181048996719 0
1743181048997344 0
1743181048997969 0
1743181048998595 0
1743181048999219 0
1743181048999844 0
1743181049000469 0
1743181049001095 0
1743181049001719 0
1743181049002344 0
1743181049002969 0
1743181049003594 0
1743181049004219 0
1743181049004844 0
1743181049005469 0
1743181049006094 0
1743181049006719 0
1743181049007344 0
1743181049007969 0
1743181049008594 0
1743181049009219 0
1743181049009844 0
1743181049010469 0
1743181049011094 0
1743181049011719 0
1743181049012344 0
1743181049012969 0
1743181049013594 0
1743181049014219 0
1743181049014844 0
1743181049015470 0
1743181049016094 0
1743181049016719 0
1743181049017344 0
1743181049017969 0
1743181049018594 0
1743181049019219 0
1743181049019844 2047
1743181049020469 2047
1743181049021095 2047
1743181049021719 2047
1743181049022344 2047
1743181049022969 2047
1743181049023594 2047
1743181049024219 2047
1743181049024844 2047
1743181049025469 2047
1743181049026095 2047
1743181049026719 2047
1743181049027344 2047
1743181049027969 2047
1743181049028594 2047
1743181049029220 2047
1743181049029844 2047
1743181049030469 2047
1743181049031094 2047
1743181049031719 2047
1743181049032344 2047
1743181049032969 2047
1743181049033594 2047
1743181049034219 2047
1743181049034844 2047
1743181049035469 2047
1743181049036094 2047
1743181049036719 2047
1743181049037344 2047
1743181049037969 2047
1743181049038594 2047
1743181049039219 2047
1743181049039844 2047
1743181049040469 2047
1743181049041095 2047
1743181049041719 2047
1743181049042344 2047
1743181049042969 2047
1743181049043594 2047
1743181049044219 2047
1743181049044844 2047
1743181049045469 2047
1743181049046094 2047
1743181049046719 2047
1743181049047344 2047
1743181049047969 2047
1743181049048594 2047
1743181049049220 2047
1743181049049844 2047
1743181049050470 2047
1743181049051094 2047
1743181049051719 2047
1743181049052344 2047
1743181049052969 2047
1743181049053595 2047
1743181049054220 2047
1743181049054844 2047
1743181049055470 2047
1743181049056095 2047
1743181049056720 2047
1743181049057345 2047
1743181049057970 2047
1743181049058595 2047
1743181049059220 2047
1743181049059845 2047
1743181049060470 2047
1743181049061095 2047
1743181049061719 2047
1743181049062344 2047
1743181049062970 2047
1743181049063595 2047
1743181049064219 2047
1743181049064844 2047
1743181049065469 2047
1743181049066096 2047
1743181049066719 2047
1743181049067344 2047
1743181049067970 2047
1743181049068594 2047
1743181049069220 2047
1743181049069845 0
1743181049070470 0
1743181049071095 0
1743181049071720 0
1743181049072345 0
1743181049072970 0
1743181049073595 0
1743181049074220 0
1743181049074844 0
1743181049075469 0
1743181049076094 0
1743181049076719 0
1743181049077344 0
1743181049077969 0
1743181049078595 0
1743181049079219 0
1743181049079844 0
1743181049080470 0
1743181049081095 0
1743181049081719 0
1743181049082344 0
1743181049082970 0
1743181049083595 0
1743181049084219 0
1743181049084844 0
1743181049085469 0
1743181049086094 0
1743181049086719 0
1743181049087345 0
1743181049087969 0
1743181049088594 0
1743181049089220 0
1743181049089844 0
1743181049090469 0
1743181049091097 0
1743181049091720 0
1743181049092344 0
1743181049092970 0
1743181049093595 0
1743181049094219 0
1743181049094844 0
1743181049095470 0
1743181049096094 0
1743181049096719 0
1743181049097345 0
1743181049097969 0
1743181049098594 0
1743181049099219 0
1743181049099844 0
1743181049100469 0
1743181049101095 0
1743181049101719 0
1743181049102344 0
1743181049102969 0
1743181049103595 0
1743181049104219 0
1743181049104844 0
1743181049105469 0
1743181049106094 0
1743181049106719 0
1743181049107344 0
1743181049107970 0
1743181049108594 0
1743181049109220 0
1743181049109844 0
1743181049110469 0
1743181049111094 0
1743181049111719 0
1743181049112345 0
1743181049112970 0
1743181049113595 0
1743181049114219 0
1743181049114845 0
1743181049115470 0
1743181049116096 0
1743181049116719 0
1743181049117345 0
1743181049117970 0
1743181049118595 0
1743181049119220 0
1743181049119845 2047
1743181049120471 2047
1743181049121095 2047
1743181049121719 2047
1743181049122345 2047
1743181049122970 2047
1743181049123595 2047
1743181049124219 2047
1743181049124845 2047
1743181049125470 2047
1743181049126094 2047
1743181049126720 2047
1743181049127345 2047
1743181049127970 2047
1743181049128596 2047
1743181049129220 2047
1743181049129844 2047
1743181049130470 2047
1743181049131095 2047
1743181049131720 2047
1743181049132345 2047
1743181049132971 2047
1743181049133594 2047
1743181049134220 2047
1743181049134845 2047
1743181049135470 2047
1743181049136096 2047
1743181049136719 2047
1743181049137345 2047
1743181049137970 2047
1743181049138594 2047
1743181049139220 2047
1743181049139844 2047
1743181049140470 2047
1743181049141095 2047
1743181049141720 2047
1743181049142345 2047
1743181049142970 2047
1743181049143595 2047
1743181049144220 2047
1743181049144845 2047
1743181049145471 2047
1743181049146094 2047
1743181049146720 2047
1743181049147344 2047
1743181049147970 2047
1743181049148594 2047
1743181049149221 2047
1743181049149844 2047
1743181049150470 2047
1743181049151095 2047
1743181049151720 2047
1743181049152345 2047
1743181049152970 2047
1743181049153595 2047
1743181049154220 2047
1743181049154845 2047
1743181049155469 2047
1743181049156095 2047
1743181049156719 2047
1743181049157345 2047
1743181049157971 2047
1743181049158594 2047
1743181049159220 2047
1743181049159844 2047
1743181049160470 2047
1743181049161096 2047
1743181049161719 2047
1743181049162345 2047
1743181049162970 2047
1743181049163595 2047
1743181049164220 2047
1743181049164844 2047
1743181049165470 2047
1743181049166095 2047
1743181049166720 2047
1743181049167345 2047
1743181049167969 2047
1743181049168595 2047
1743181049169221 2047
1743181049169844 2047
1743181049170471 0
1743181049171094 0
1743181049171720 0
1743181049172345 0
1743181049172970 0
1743181049173595 0
1743181049174220 0
1743181049174845 0
1743181049175470 0
1743181049176095 0
1743181049176719 0
1743181049177345 0
1743181049177970 0
1743181049178594 0
1743181049179220 0
1743181049179845 0
1743181049180470 0
1743181049181095 0
1743181049181718 0
1743181049182344 0
1743181049182970 0
1743181049183595 0
1743181049184220 0
1743181049184845 0
1743181049185470 0
1743181049186094 0
1743181049186720 0
1743181049187346 0
1743181049187969 0
1743181049188595 0
1743181049189220 0
1743181049189844 0
1743181049190470 0
1743181049191094 0
1743181049191720 0
1743181049192345 0
1743181049192970 0
1743181049193595 0
1743181049194220 0
1743181049194845 0
1743181049195470 0
1743181049196094 0
1743181049196720 0
1743181049197345 0
1743181049197970 0
1743181049198594 0
1743181049199220 0
1743181049199846 0
1743181049200469 0
1743181049201095 0
1743181049201719 0
1743181049202345 0
1743181049202970 0
1743181049203594 0
1743181049204220 0
1743181049204845 0
1743181049205470 0
1743181049206095 0
1743181049206720 0
1743181049207345 0
1743181049207970 0
1743181049208595 0
1743181049209220 0
1743181049209844 0
1743181049210470 0
1743181049211094 0
1743181049211719 0
1743181049212345 0
1743181049212969 0
1743181049213595 0
1743181049214220 0
1743181049214845 0
1743181049215469 0
1743181049216094 0
1743181049216720 0
1743181049217345 0
1743181049217969 0
1743181049218594 0
1743181049219219 0
1743181049219846 0
1743181049220512 0
1743181049221097 0
1743181049221765 0
1743181049222338 0
1743181049223027 0
1743181049223610 0
1743181049224268 0
1743181049224861 0
1743181049225524 0
1743181049226111 0
1743181049226767 0
1743181049227392 0
1743181049227965 0
1743181049228660 0
1743181049229253 0
1743181049229821 0
1743181049230526 0
1743181049231117 0
1743181049231782 0
1743181049232349 0
1743181049233010 0
1743181049233566 0
1743181049234238 0
1743181049234868 0
1743181049235486 0
1743181049236138 0
1743181049236728 0
1743181049237400 0
1743181049237972 0
1743181049238639 0
1743181049239211 0
1743181049239870 0
1743181049240493 0
1743181049241118 0
1743181049241781 0
1743181049242353 0
1743181049242994 0
1743181049243615 0
1743181049244267 0
1743181049244815 0
1743181049245481 0
1743181049246115 0
1743181049246723 0
1743181049247345 0
1743181049247969 0
1743181049248594 0
1743181049249219 0
1743181049249847 0
1743181049250468 0
1743181049251094 0
1743181049251719 0
1743181049252344 0
1743181049252969 0
1743181049253595 0
1743181049254221 0
1743181049254844 0
1743181049255469 0
1743181049256094 0
1743181049256719 0
1743181049257344 0
1743181049257969 0
1743181049258595 0
1743181049259219 0
1743181049259844 0
1743181049260469 0
1743181049261095 0
1743181049261719 0
1743181049262344 0
1743181049262969 0
1743181049263594 0
1743181049264219 0
1743181049264844 0
1743181049265469 0
1743181049266094 0
1743181049266719 0
1743181049267344 0
1743181049267969 0
1743181049268594 0
1743181049269220 0
1743181049269844 0
1743181049270469 0
1743181049271094 0
1743181049271719 0
1743181049272344 0
1743181049272969 0
1743181049273595 0
1743181049274219 0
1743181049274844 0
1743181049275469 0
1743181049276094 0
1743181049276719 0
1743181049277344 0
1743181049277969 0
1743181049278594 0
1743181049279219 0
1743181049279844 0
1743181049280469 0
1743181049281095 0
1743181049281719 0
1743181049282344 0
1743181049282969 0
1743181049283594 0
1743181049284219 0
1743181049284844 0
1743181049285469 0
1743181049286094 0
1743181049286719 0
1743181049287345 0
1743181049287969 0
1743181049288594 0
1743181049289220 0
1743181049289843 0
1743181049290470 0
1743181049291094 0
1743181049291719 0
1743181049292344 0
1743181049292969 0
1743181049293594 0
1743181049294219 0
1743181049294844 0
1743181049295469 0
1743181049296094 0
1743181049296719 0
1743181049297345 0
1743181049297969 0
1743181049298595 0
1743181049299219 0
1743181049299844 0
1743181049300469 0
1743181049301095 0
1743181049301719 0
1743181049302344 0
1743181049302970 0
1743181049303594 0
1743181049304219 0
1743181049304845 0
1743181049305469 0
1743181049306095 0
1743181049306719 0
1743181049307344 0
1743181049307969 0
1743181049308594 0
1743181049309220 0
1743181049309843 0
1743181049310469 0
1743181049311095 0
1743181049311719 0
1743181049312344 0
1743181049312969 0
1743181049313595 0
1743181049314220 0
1743181049314844 0
1743181049315469 0
1743181049316095 0
1743181049316720 0
1743181049317345 0
1743181049317969 0
1743181049318595 0
1743181049319219 0
1743181049319845 0
1743181049320469 0
1743181049321095 0
1743181049321719 0
1743181049322344 0
1743181049322970 0
1743181049323595 0
1743181049324220 0
1743181049324845 0
1743181049325470 0
1743181049326095 0
1743181049326720 0
1743181049327344 0
1743181049327969 0
1743181049328594 0
1743181049329221 0
1743181049329844 0
1743181049330470 0
1743181049331095 0
1743181049331720 0
1743181049332345 0
1743181049332969 0
1743181049333594 0
1743181049334219 0
1743181049334844 0
1743181049335469 0
1743181049336094 0
1743181049336719 0
1743181049337346 0
1743181049337969 0
1743181049338594 0
1743181049339219 0
1743181049339844 0
1743181049340469 0
1743181049341095 0
1743181049341719 0
1743181049342344 0
1743181049342969 0
1743181049343595 0
1743181049344219 0
1743181049344844 0
1743181049345469 0
1743181049346094 0
1743181049346719 0
1743181049347344 0
1743181049347969 0
1743181049348594 0
1743181049349221 0
1743181049349844 0
1743181049350469 0
1743181049351095 0
1743181049351719 0
1743181049352344 0
1743181049352970 0
1743181049353595 0
1743181049354220 0
1743181049354845 0
1743181049355470 0
1743181049356095 0
1743181049356720 0
1743181049357345 0
1743181049357969 0
1743181049358595 0
1743181049359220 0
1743181049359844 0
1743181049360470 0
1743181049361095 0
1743181049361719 0
1743181049362345 0
1743181049362970 0
1743181049363595 0
1743181049364220 0
1743181049364845 0
1743181049365470 0
1743181049366095 0
1743181049366720 0
1743181049367345 0
1743181049367970 0
1743181049368594 0
1743181049369220 0
1743181049369844 0
1743181049370470 0
1743181049371098 0
1743181049371719 0
1743181049372345 0
1743181049372970 0
1743181049373594 0
1743181049374219 0
1743181049374844 0
1743181049375469 0
1743181049376094 0
1743181049376719 0
1743181049377344 0
1743181049377969 0
1743181049378594 0
1743181049379219 0
1743181049379844 0
1743181049380469 0
1743181049381095 0
1743181049381718 0
1743181049382344 0
1743181049382969 0
1743181049383594 0
1743181049384219 0
1743181049384845 0
1743181049385470 0
1743181049386094 0
1743181049386719 0
1743181049387344 0
1743181049387969 0
1743181049388594 0
1743181049389220 0
1743181049389844 0
1743181049390469 0
1743181049391094 0
1743181049391719 0
1743181049392344 0
1743181049392969 0
1743181049393594 0
1743181049394219 0
1743181049394844 0
1743181049395469 0
1743181049396094 0
1743181049396719 0
1743181049397344 0
1743181049397969 0
1743181049398594 0
1743181049399220 0
1743181049399844 0
1743181049400469 0
1743181049401095 0
1743181049401719 0
1743181049402344 0
1743181049402969 0
1743181049403594 0
1743181049404219 0
1743181049404844 0
1743181049405470 0
1743181049406094 0
1743181049406719 0
1743181049407344 0
1743181049407970 0
1743181049408594 0
1743181049409220 0
1743181049409843 0
1743181049410469 0
1743181049411094 0
1743181049411719 0
1743181049412344 0
1743181049412969 0
1743181049413595 0
1743181049414220 0
1743181049414845 0
1743181049415469 0
1743181049416095 0
1743181049416719 0
1743181049417345 0
1743181049417970 0
1743181049418594 0
1743181049419220 0
1743181049419844 0
1743181049420470 0
1743181049421095 0
1743181049421719 0
1743181049422345 0
1743181049422969 0
1743181049423595 0
1743181049424220 0
1743181049424844 0
1743181049425470 0
1743181049426095 -1
1743181049426719 0
1743181049427344 0
1743181049427970 0
1743181049428595 0
1743181049429220 0
1743181049429844 0
1743181049430469 0
1743181049431095 0
1743181049431720 0
1743181049432345 0
1743181049432970 0
1743181049433594 0
1743181049434220 0
1743181049434844 0
1743181049435469 0
1743181049436094 0
1743181049436719 0
1743181049437344 0
1743181049437969 0
1743181049438594 0
1743181049439219 0
1743181049439844 0
1743181049440469 0
1743181049441095 0
1743181049441719 0
1743181049442344 0
1743181049442969 0
1743181049443594 0
1743181049444219 0
1743181049444844 0
1743181049445469 0
1743181049446094 0
1743181049446719 0
1743181049447344 0
1743181049447969 0
1743181049448594 0
1743181049449220 0
1743181049449844 0
1743181049450469 0
1743181049451094 0
1743181049451719 0
1743181049452344 0
1743181049452969 0
1743181049453594 0
1743181049454219 0
1743181049454844 0
1743181049455469 0
1743181049456094 0
1743181049456719 0
1743181049457344 0
1743181049457969 0
1743181049458594 0
1743181049459219 0
1743181049459844 0
1743181049460470 0
1743181049461095 0
1743181049461719 0
1743181049462344 0
1743181049462969 0
1743181049463594 0
1743181049464219 0
1743181049464844 0
1743181049465470 0
1743181049466094 0
1743181049466719 0
1743181049467344 0
1743181049467969 0
1743181049468594 0
1743181049469220 0
1743181049469843 0
1743181049470469 0
1743181049471094 0
1743181049471719 -1
1743181049472344 -1
1743181049472969 0
1743181049473595 0
1743181049474220 0
1743181049474845 0
1743181049475469 0
1743181049476094 0
1743181049476720 0
1743181049477344 0
1743181049477970 0
1743181049478594 0
1743181049479220 0
1743181049479845 0
1743181049480469 0
1743181049481096 0
1743181049481719 0
1743181049482345 0
1743181049482970 0
1743181049483595 0
1743181049484220 0
1743181049484844 0
1743181049485470 0
1743181049486095 0
1743181049486719 0
1743181049487345 0
1743181049487969 0
1743181049488595 0
1743181049489220 0
1743181049489844 0
1743181049490470 0
1743181049491095 0
1743181049491719 0
1743181049492344 0
1743181049492970 0
1743181049493594 0
1743181049494219 -1
1743181049494844 0
1743181049495469 0
1743181049496094 0
1743181049496719 0
1743181049497344 0
1743181049497969 0
1743181049498594 0
1743181049499219 0
1743181049499844 -1
1743181049500469 0
1743181049501095 0
1743181049501718 0
1743181049502344 0
1743181049502970 0
1743181049503594 0
1743181049504219 0
1743181049504844 0
1743181049505469 0
1743181049506094 0
1743181049506719 0
1743181049507344 0
1743181049507969 0
1743181049508594 0
1743181049509220 0
1743181049509844 0
1743181049510469 0
1743181049511094 0
1743181049511719 0
1743181049512344 -1
1743181049512969 0
1743181049513595 0
1743181049514219 0
1743181049514845 0
1743181049515470 0
1743181049516094 0
1743181049516720 0
1743181049517345 0
1743181049517970 0
1743181049518595 0
1743181049519220 0
1743181049519845 0
1743181049520469 0
1743181049521096 0
1743181049521719 0
1743181049522344 0
1743181049522970 0
1743181049523594 0
1743181049524220 0
1743181049524844 0
1743181049525470 0
1743181049526095 0
1743181049526719 0
1743181049527345 0
1743181049527969 0
1743181049528595 0
1743181049529220 0
1743181049529844 0
1743181049530470 0
1743181049531094 0
1743181049531719 0
1743181049532345 0
1743181049532969 0
1743181049533595 0
1743181049534219 0
1743181049534845 0
1743181049535470 0
1743181049536094 0
1743181049536719 0
1743181049537345 0
1743181049537970 0
1743181049538595 0
1743181049539220 0
1743181049539844 0
1743181049540470 0
1743181049541096 0
1743181049541719 0
1743181049542344 0
1743181049542970 0
1743181049543595 0
1743181049544219 0
1743181049544845 0
1743181049545470 0
1743181049546095 0
1743181049546719 0
1743181049547345 0
1743181049547970 0
1743181049548595 0
1743181049549220 0
1743181049549844 0
1743181049550469 0
1743181049551095 0
1743181049551720 0
1743181049552344 0
1743181049552970 0
1743181049553594 0
1743181049554219 0
1743181049554844 0
1743181049555469 0
1743181049556094 0
1743181049556719 0
1743181049557344 0
1743181049557969 0
1743181049558594 0
1743181049559219 0
1743181049559844 0
1743181049560469 0
1743181049561095 0
1743181049561719 -1
1743181049562344 0
1743181049562969 0
1743181049563594 0
1743181049564219 0
1743181049564844 0
1743181049565469 0
1743181049566094 0
1743181049566719 0
1743181049567344 0
1743181049567969 -1
1743181049568594 0
1743181049569220 0
1743181049569843 0
1743181049570469 0
1743181049571094 0
1743181049571719 0
1743181049572344 0
1743181049572969 0
1743181049573594 0
1743181049574219 0
1743181049574844 0
1743181049575469 0
1743181049576094 0
1743181049576719 0
1743181049577344 0
1743181049577969 0
1743181049578594 0
1743181049579219 0
1743181049579844 0
1743181049580469 0
1743181049581095 0
1743181049581719 0
1743181049582344 0
1743181049582969 0
1743181049583594 0
1743181049584219 0
1743181049584844 0
1743181049585469 0
1743181049586094 0
1743181049586719 0
1743181049587344 0
1743181049587970 0
1743181049588594 0
1743181049589220 0
1743181049589843 0
1743181049590469 0
1743181049591094 0
1743181049591719 0
1743181049592344 0
1743181049592969 0
1743181049593595 0
1743181049594219 0
1743181049594844 0
1743181049595469 0
1743181049596094 0
1743181049596719 0
1743181049597344 0
1743181049597969 0
1743181049598594 0
1743181049599219 0
1743181049599844 0
1743181049600470 0
1743181049601095 0
1743181049601719 0
1743181049602344 0
1743181049602969 0
1743181049603594 0
1743181049604219 0
1743181049604844 0
1743181049605469 -1
1743181049606094 0
1743181049606719 0
1743181049607344 0
1743181049607969 0
1743181049608594 0
1743181049609220 0
1743181049609843 0
1743181049610469 0
1743181049611094 0
1743181049611719 0
1743181049612344 0
1743181049612969 0
1743181049613595 0
1743181049614220 0
1743181049614845 0
1743181049615470 0
1743181049616095 0
1743181049616720 0
1743181049617345 0
1743181049617970 0
1743181049618595 0
1743181049619219 0
1743181049619845 0
1743181049620470 0
1743181049621095 0
1743181049621719 0
1743181049622345 0
1743181049622970 0
1743181049623595 0
1743181049624220 0
1743181049624845 0
1743181049625469 0
1743181049626095 0
1743181049626720 0
1743181049627344 0
1743181049627970 0
1743181049628594 0
1743181049629220 0
1743181049629844 0
1743181049630469 0
1743181049631095 0
1743181049631719 0
1743181049632345 0
1743181049632970 0
1743181049633594 0
1743181049634219 0
1743181049634844 0
1743181049635469 0
1743181049636094 0
1743181049636719 0
1743181049637345 0
1743181049637969 0
1743181049638594 0
1743181049639219 0
1743181049639844 0
1743181049640469 0
1743181049641095 0
1743181049641718 0
1743181049642344 0
1743181049642969 0
1743181049643594 0
1743181049644219 0
1743181049644844 0
1743181049645469 0
1743181049646094 0
1743181049646719 0
1743181049647344 0
1743181049647969 0
1743181049648594 0
1743181049649220 0
1743181049649844 -1
1743181049650469 0
1743181049651094 0
1743181049651719 0
1743181049652344 0
1743181049652969 0
1743181049653595 0
1743181049654220 0
1743181049654844 0
1743181049655470 0
1743181049656095 0
1743181049656719 0
1743181049657345 0
1743181049657969 0
1743181049658594 0
1743181049659220 0
1743181049659844 0
1743181049660470 0
1743181049661095 0
1743181049661719 0
1743181049662345 0
1743181049662969 0
1743181049663594 0
1743181049664219 0
1743181049664845 0
1743181049665470 0
1743181049666094 0
1743181049666720 0
1743181049667344 0
1743181049667970 0
1743181049668594 0
1743181049669220 0
1743181049669844 0
1743181049670469 0
1743181049671095 0
1743181049671720 0
1743181049672345 0
1743181049672970 0
1743181049673595 0
1743181049674220 0
1743181049674844 0
1743181049675469 0
1743181049676095 0
1743181049676720 0
1743181049677345 0
1743181049677970 0
1743181049678594 0
1743181049679220 0
1743181049679844 0
1743181049680470 0
1743181049681095 0
1743181049681719 0
1743181049682345 0
1743181049682969 0
1743181049683595 0
1743181049684220 0
1743181049684845 0
1743181049685470 0
1743181049686095 0
1743181049686720 0
1743181049687344 0
1743181049687970 0
1743181049688595 0
1743181049689220 0
1743181049689844 0
1743181049690469 0
1743181049691095 0
1743181049691720 0
1743181049692345 0
1743181049692970 0
1743181049693595 0
1743181049694220 0
1743181049694845 0
1743181049695470 0
1743181049696095 0
1743181049696719 0
1743181049697345 0
1743181049697970 0
1743181049698595 0
1743181049699220 0
1743181049699844 0
1743181049700470 0
1743181049701095 0
1743181049701719 0
1743181049702345 0
1743181049702969 0
1743181049703595 0
1743181049704220 0
1743181049704845 0
1743181049705470 0
1743181049706094 0
1743181049706720 0
1743181049707345 0
1743181049707969 0
1743181049708595 0
1743181049709220 0
1743181049709844 0
1743181049710470 0
1743181049711095 0
1743181049711720 0
1743181049712344 0
1743181049712970 0
1743181049713595 0
1743181049714220 0
1743181049714845 0
1743181049715469 0
1743181049716095 0
1743181049716719 0
1743181049717345 0
1743181049717970 0
1743181049718594 0
1743181049719219 0
1743181049719844 0
1743181049720470 0
1743181049721095 0
1743181049721719 0
1743181049722345 0
1743181049722969 0
1743181049723595 0
1743181049724220 0
1743181049724845 0
1743181049725470 0
1743181049726094 0
1743181049726719 0
1743181049727345 0
1743181049727970 -1
1743181049728595 0
1743181049729220 0
1743181049729844 0
1743181049730470 0
1743181049731095 0
1743181049731720 0
1743181049732345 0
1743181049732970 0
1743181049733594 0
1743181049734219 0
1743181049734844 0
1743181049735469 0
1743181049736094 0
1743181049736719 0
1743181049737344 0
1743181049737969 0
1743181049738594 0
1743181049739219 0
1743181049739844 0
1743181049740469 0
1743181049741095 0
1743181049741718 0
1743181049742345 0
1743181049742969 0
1743181049743594 0
1743181049744219 0
1743181049744844 0
1743181049745469 0
1743181049746094 0
1743181049746719 0
1743181049747344 0
1743181049747969 0
1743181049748594 0
1743181049749220 0
1743181049749844 0
1743181049750469 0
1743181049751094 0
1743181049751719 0
1743181049752344 0
1743181049752969 0
1743181049753595 0
1743181049754219 0
1743181049754845 0
1743181049755469 0
1743181049756094 0
1743181049756720 0
1743181049757345 0
1743181049757970 0
1743181049758594 0
1743181049759220 0
1743181049759845 0
1743181049760469 0
1743181049761095 0
1743181049761719 0
1743181049762345 0
1743181049762970 0
1743181049763595 0
1743181049764220 0
1743181049764844 0
1743181049765470 0
1743181049766095 0
1743181049766720 0
1743181049767345 0
1743181049767970 0
1743181049768595 0
1743181049769220 0
1743181049769844 0
1743181049770470 0
1743181049771094 0
1743181049771720 0
1743181049772344 0
1743181049772969 0
1743181049773595 0
1743181049774219 0
1743181049774844 0
1743181049775469 0
1743181049776094 0
1743181049776719 0
1743181049777344 0
1743181049777969 0
1743181049778594 0
1743181049779219 0
1743181049779844 0
1743181049780469 0
1743181049781095 0
1743181049781718 0
1743181049782344 0
1743181049782969 0
1743181049783594 0
1743181049784219 0
1743181049784844 0
1743181049785470 0
1743181049786094 -1
1743181049786719 0
1743181049787344 0
1743181049787969 0
1743181049788594 0
1743181049789220 0
1743181049789844 0
1743181049790469 0
1743181049791094 0
1743181049791719 0
1743181049792344 0
1743181049792969 0
1743181049793594 0
1743181049794219 0
1743181049794844 0
1743181049795469 0
1743181049796094 0
1743181049796719 0
1743181049797344 0
1743181049797970 0
1743181049798594 0
1743181049799219 0
1743181049799844 0
1743181049800469 0
1743181049801095 0
1743181049801718 0
1743181049802344 0
1743181049802969 0
1743181049803594 0
1743181049804219 0
1743181049804844 0
1743181049805469 0
1743181049806094 0
1743181049806719 0
1743181049807344 0
1743181049807969 -1
1743181049808594 0
1743181049809220 0
1743181049809843 0
1743181049810469 0
1743181049811094 0
1743181049811719 0
1743181049812344 0
1743181049812969 0
1743181049813594 0
1743181049814219 0
1743181049814844 0
1743181049815469 0
1743181049816094 0
1743181049816719 0
1743181049817344 0
1743181049817969 0
1743181049818595 0
1743181049819219 0
1743181049819844 0
1743181049820469 0
1743181049821095 0
1743181049821719 0
1743181049822344 0
1743181049822969 0
1743181049823594 0
1743181049824219 0
1743181049824844 0
1743181049825469 0
1743181049826094 0
1743181049826719 0
1743181049827344 0
1743181049827969 0
1743181049828594 0
1743181049829221 0
1743181049829844 0
1743181049830469 0
1743181049831094 0
1743181049831719 0
1743181049832344 0
1743181049832969 0
1743181049833594 0
1743181049834219 0
1743181049834844 0
1743181049835469 0
1743181049836094 0
1743181049836719 0
1743181049837344 0
1743181049837969 0
1743181049838595 0
1743181049839219 0
1743181049839844 0
1743181049840469 0
1743181049841095 0
1743181049841719 0
1743181049842344 0
1743181049842969 0
1743181049843594 0
1743181049844219 0
1743181049844844 0
1743181049845469 0
1743181049846094 0
1743181049846719 0
1743181049847344 0
1743181049847969 0
1743181049848594 0
1743181049849220 0
1743181049849843 0
1743181049850469 0
1743181049851094 0
1743181049851719 0
1743181049852344 0
1743181049852969 0
1743181049853595 0
1743181049854219 0
1743181049854844 0
1743181049855469 0
1743181049856094 0
1743181049856719 0
1743181049857345 0
1743181049857969 0
1743181049858594 0
1743181049859219 0
1743181049859844 0
1743181049860469 0
1743181049861095 0
1743181049861719 0
1743181049862344 0
1743181049862969 0
1743181049863595 0
1743181049864219 0
1743181049864844 0
1743181049865469 0
1743181049866094 -1
1743181049866719 0
1743181049867344 0
1743181049867969 0
1743181049868594 0
1743181049869220 0
1743181049869843 0
1743181049870469 0
1743181049871094 0
1743181049871719 0
1743181049872344 0
1743181049872969 0
1743181049873594 0
1743181049874219 -1
1743181049874844 0
1743181049875469 0
1743181049876094 0
1743181049876719 0
1743181049877344 0
1743181049877969 0
1743181049878594 0
1743181049879219 0
1743181049879844 0
1743181049880469 0
1743181049881095 0
1743181049881719 0
1743181049882344 0
1743181049882969 0
1743181049883594 0
1743181049884219 0
1743181049884844 0
1743181049885469 0
1743181049886094 0
1743181049886719 0
1743181049887344 0
1743181049887969 0
1743181049888594 0
1743181049889220 0
1743181049889844 0
1743181049890469 0
1743181049891094 0
1743181049891719 0
1743181049892344 0
1743181049892969 0
1743181049893594 0
1743181049894219 0
1743181049894844 0
1743181049895469 0
1743181049896094 0
1743181049896719 0
1743181049897344 0
1743181049897969 0
1743181049898594 0
1743181049899219 0
1743181049899844 0
1743181049900469 0
1743181049901095 0
1743181049901719 0
1743181049902344 0
1743181049902969 0
1743181049903594 0
1743181049904219 0
1743181049904844 0
1743181049905469 0
1743181049906094 0
1743181049906719 0
1743181049907344 0
1743181049907969 0
1743181049908594 0
1743181049909220 0
1743181049909844 0
1743181049910469 0
1743181049911094 0
1743181049911719 0
1743181049912344 0
1743181049912969 0
1743181049913594 0
1743181049914220 0
1743181049914844 0
1743181049915469 0
1743181049916094 0
1743181049916719 0
1743181049917344 0
1743181049917969 0
1743181049918594 0
1743181049919219 0
1743181049919844 0
1743181049920469 0
1743181049921095 0
1743181049921719 0
1743181049922344 0
1743181049922969 0
1743181049923594 0
1743181049924219 0
1743181049924844 0
1743181049925470 -1
1743181049926094 0
1743181049926719 0
1743181049927344 0
1743181049927969 0
1743181049928594 0
1743181049929220 0
1743181049929844 0
1743181049930469 0
1743181049931094 0
1743181049931719 0
1743181049932344 0
1743181049932969 0
1743181049933594 0
1743181049934219 0
1743181049934844 0
1743181049935469 0
1743181049936094 0
1743181049936719 0
1743181049937345 0
1743181049937969 0
1743181049938594 0
1743181049939219 0
1743181049939844 0
1743181049940469 0
1743181049941095 0
1743181049941719 0
1743181049942344 0
1743181049942969 0
1743181049943594 0
1743181049944219 0
1743181049944844 0
1743181049945470 0
1743181049946094 0
1743181049946719 -1
1743181049947344 0
1743181049947969 0
1743181049948594 0
1743181049949220 -1
1743181049949844 0
1743181049950469 0
1743181049951094 0
1743181049951719 0
1743181049952344 0
1743181049952969 0
1743181049953595 0
1743181049954220 0
1743181049954845 0
1743181049955469 0
1743181049956095 0
1743181049956720 0
1743181049957345 0
1743181049957970 0
1743181049958595 0
1743181049959220 0
1743181049959844 0
1743181049960470 0
1743181049961095 0
1743181049961719 0
1743181049962345 0
1743181049962969 0
1743181049963595 0
1743181049964220 0
1743181049964844 0
1743181049965470 0
1743181049966095 0
1743181049966720 0
1743181049967344 0
1743181049967970 0
1743181049968595 0
1743181049969220 0
1743181049969844 0
1743181049970469 0
1743181049971095 0
1743181049971720 0
1743181049972345 0
1743181049972970 0
1743181049973595 0
1743181049974220 0
1743181049974844 0
1743181049975470 0
1743181049976095 0
1743181049976719 0
1743181049977345 0
1743181049977970 0
1743181049978594 0
1743181049979220 0
1743181049979845 0
1743181049980470 -1
1743181049981096 0
1743181049981719 0
1743181049982345 0
1743181049982970 0
1743181049983595 0
1743181049984220 0
1743181049984845 0
1743181049985470 0
1743181049986095 0
1743181049986719 0
1743181049987345 0
1743181049987969 0
1743181049988595 0
1743181049989220 0
1743181049989845 0
1743181049990470 0
1743181049991094 0
1743181049991720 0
1743181049992344 0
1743181049992970 0
1743181049993594 0
1743181049994219 0
1743181049994844 0
1743181049995469 0
1743181049996094 0
1743181049996719 0
1743181049997345 0
1743181049997969 0
1743181049998594 0
1743181049999219 0
1743181049999844 0
1743181050000469 0
1743181050001095 0
1743181050001718 0
1743181050002344 0
1743181050002969 0
1743181050003594 0
1743181050004219 0
1743181050004844 0
1743181050005469 0
1743181050006094 0
1743181050006719 0
1743181050007344 0
1743181050007969 0
1743181050008594 0
1743181050009220 0
1743181050009844 0
1743181050010469 0
1743181050011094 0
1743181050011719 0
1743181050012344 0
1743181050012970 0
1743181050013595 0
1743181050014220 0
1743181050014845 0
1743181050015470 0
1743181050016095 0
1743181050016720 0
1743181050017345 0
1743181050017970 -1
1743181050018595 0
1743181050019220 0
1743181050019845 0
1743181050020469 0
1743181050021095 0
1743181050021719 0
1743181050022345 0
1743181050022970 0
1743181050023595 0
1743181050024219 0
1743181050024844 0
1743181050025470 0
1743181050026095 0
1743181050026719 0
1743181050027345 0
1743181050027969 0
1743181050028595 0
1743181050029220 0
1743181050029844 0
1743181050030470 0
1743181050031095 0
1743181050031720 0
1743181050032344 0
1743181050032970 0
1743181050033594 0
1743181050034219 -1
1743181050034844 0
1743181050035469 0
1743181050036094 0
1743181050036719 0
1743181050037344 0
1743181050037969 0
1743181050038594 0
1743181050039219 0
1743181050039844 0
1743181050040469 0
1743181050041095 0
1743181050041718 0
1743181050042344 0
1743181050042969 0
1743181050043594 0
1743181050044219 0
1743181050044844 0
1743181050045469 0
1743181050046094 0
1743181050046719 0
1743181050047344 0
1743181050047969 0
1743181050048594 0
1743181050049220 0
1743181050049844 0
1743181050050469 0
1743181050051094 0
1743181050051719 0
1743181050052344 0
1743181050052969 0
1743181050053594 0
1743181050054219 0
1743181050054844 0
1743181050055470 -1
1743181050056094 0
1743181050056719 -1
1743181050057344 0
1743181050057969 0
1743181050058594 0
1743181050059219 0
1743181050059845 0
1743181050060469 0
1743181050061095 0
1743181050061718 0
1743181050062344 0
1743181050062969 0
1743181050063594 0
1743181050064219 0
1743181050064844 0
1743181050065470 0
1743181050066095 0
1743181050066720 0
1743181050067345 0
1743181050067969 0
1743181050068594 0
1743181050069220 0
1743181050069844 0
1743181050070470 0
1743181050071094 0
1743181050071719 0
1743181050072344 0
1743181050072969 0
1743181050073594 0
1743181050074219 0
1743181050074844 0
1743181050075470 0
1743181050076094 0
1743181050076719 0
1743181050077344 0
1743181050077969 0
1743181050078594 0
1743181050079219 0
1743181050079845 0
1743181050080469 0
1743181050081095 0
1743181050081718 0
1743181050082344 0
1743181050082970 0
1743181050083594 0
1743181050084219 0
1743181050084844 -1
1743181050085469 0
1743181050086094 0
1743181050086719 0
1743181050087345 0
1743181050087969 0
1743181050088594 0
1743181050089220 0
1743181050089843 0
1743181050090469 0
1743181050091094 0
1743181050091722 0
1743181050092343 0
1743181050092969 0
1743181050093595 0
1743181050094219 0
1743181050094845 0
1743181050095471 0
1743181050096094 0
1743181050096720 0
1743181050097345 0
1743181050097970 0
1743181050098595 0
1743181050099220 0
1743181050099846 0
1743181050100469 0
1743181050101096 0
1743181050101719 0
1743181050102344 0
1743181050102970 0
1743181050103594 0
1743181050104220 0
1743181050104845 0
1743181050105470 0
1743181050106095 0
1743181050106719 0
1743181050107345 0
1743181050107971 0
1743181050108594 0
1743181050109221 0
1743181050109844 0
1743181050110469 0
1743181050111095 0
1743181050111720 0
1743181050112345 0
1743181050112969 0
1743181050113595 0
1743181050114220 0
1743181050114844 0
1743181050115470 0
1743181050116094 0
1743181050116720 0
1743181050117345 0
1743181050117969 0
1743181050118595 0
1743181050119219 0
1743181050119845 0
1743181050120470 0
1743181050121096 0
1743181050121719 0
1743181050122345 0
1743181050122969 0
1743181050123595 0
1743181050124220 0
1743181050124846 0
1743181050125469 0
1743181050126095 0
1743181050126720 0
1743181050127345 0
1743181050127970 0
1743181050128594 0
1743181050129221 0
1743181050129843 0
1743181050130470 0
1743181050131095 0
1743181050131719 0
1743181050132345 0
1743181050132969 0
1743181050133595 0
1743181050134220 0
1743181050134844 0
1743181050135469 0
1743181050136094 0
1743181050136720 0
1743181050137346 0
1743181050137969 0
1743181050138594 -1
1743181050139220 0
1743181050139845 0
1743181050140470 0
1743181050141096 0
1743181050141719 0
1743181050142344 0
1743181050142970 0
1743181050143595 0
1743181050144220 0
1743181050144845 0
1743181050145470 0
1743181050146095 0
1743181050146720 0
1743181050147344 0
1743181050147970 0
1743181050148594 0
1743181050149221 0
1743181050149845 0
1743181050150469 0
1743181050151095 0
1743181050151720 0
1743181050152345 0
1743181050152970 0
1743181050153595 0
1743181050154225 0
1743181050154844 0
1743181050155470 0
1743181050156094 0
1743181050156720 0
1743181050157345 0
1743181050157970 0
1743181050158595 0
1743181050159220 0
1743181050159845 0
1743181050160469 0
1743181050161095 0
1743181050161719 0
1743181050162345 0
1743181050162969 0
1743181050163595 0
1743181050164220 0
1743181050164845 0
1743181050165470 0
1743181050166095 0
1743181050166720 0
1743181050167344 0
1743181050167970 0
1743181050168595 0
1743181050169220 0
1743181050169844 0
1743181050170469 0
1743181050171095 -1
1743181050171719 0
1743181050172345 0
1743181050172970 0
1743181050173595 0
1743181050174220 0
1743181050174847 0
1743181050175468 0
1743181050176095 0
1743181050176719 0
1743181050177345 0
1743181050177969 0
1743181050178595 0
1743181050179221 0
1743181050179844 0
1743181050180469 0
1743181050181095 0
1743181050181719 0
1743181050182345 0
1743181050182970 0
1743181050183595 0
1743181050184220 0
1743181050184845 0
1743181050185469 0
1743181050186095 0
1743181050186720 0
1743181050187345 0
1743181050187970 0
1743181050188595 0
1743181050189220 0
1743181050189844 0
1743181050190469 0
1743181050191095 0
1743181050191720 0
1743181050192344 0
1743181050192970 0
1743181050193595 0
1743181050194220 -1
1743181050194844 0
1743181050195470 0
1743181050196095 0
1743181050196720 0
1743181050197345 0
1743181050197970 0
1743181050198595 0
1743181050199219 0
1743181050199845 0
1743181050200470 0
1743181050201095 0
1743181050201719 0
1743181050202345 0
1743181050202969 0
1743181050203595 0
1743181050204220 0
1743181050204844 0
1743181050205470 0
1743181050206095 0
1743181050206720 0
1743181050207344 0
1743181050207970 0
1743181050208595 0
1743181050209220 0
1743181050209844 0
1743181050210469 0
1743181050211095 0
1743181050211720 0
1743181050212345 0
1743181050212970 0
1743181050213594 0
1743181050214220 0
1743181050214845 0
1743181050215470 0
1743181050216095 0
1743181050216720 0
1743181050217344 0
1743181050217969 0
1743181050218594 0
1743181050219220 0
1743181050219844 0
1743181050220470 0
1743181050221096 0
1743181050221719 0
1743181050222345 0
1743181050222969 0
1743181050223595 0
1743181050224219 0
1743181050224845 0
1743181050225470 0
1743181050226094 0
1743181050226720 0
1743181050227344 0
1743181050227970 0
1743181050228595 0
1743181050229221 0
1743181050229844 0
1743181050230470 0
1743181050231095 0
1743181050231720 0
1743181050232344 0
1743181050232969 0
1743181050233596 0
1743181050234219 0
1743181050234845 0
1743181050235470 0
1743181050236095 0
1743181050236719 -1
1743181050237345 0
1743181050237970 0
1743181050238595 0
1743181050239219 0
1743181050239844 0
1743181050240470 0
1743181050241095 0
1743181050241719 0
1743181050242345 0
1743181050242969 0
1743181050243594 0
1743181050244220 0
1743181050244844 0
1743181050245470 0
1743181050246095 0
1743181050246719 0
1743181050247345 0
1743181050247969 0
1743181050248595 0
1743181050249220 0
1743181050249844 0
1743181050250470 0
1743181050251095 0
1743181050251720 0
1743181050252344 0
1743181050252970 0
1743181050253594 0
1743181050254220 0
1743181050254845 0
1743181050255470 0
1743181050256095 0
1743181050256719 0
1743181050257345 0
1743181050257970 0
1743181050258595 0
1743181050259222 0
1743181050259845 0
1743181050260469 0
1743181050261097 0
1743181050261717 0
1743181050262345 0
1743181050262969 0
1743181050263595 0
1743181050264220 0
1743181050264844 0
1743181050265470 0
1743181050266094 0
1743181050266720 0
1743181050267345 0
1743181050267969 0
1743181050268595 0
1743181050269220 0
1743181050269844 0
1743181050270470 0
1743181050271094 0
1743181050271720 0
1743181050272345 0
1743181050272970 0
1743181050273595 0
1743181050274220 0
1743181050274845 0
1743181050275469 0
1743181050276095 0
1743181050276720 0
1743181050277344 0
1743181050277970 0
1743181050278594 0
1743181050279220 0
1743181050279845 0
1743181050280469 0
1743181050281095 0
1743181050281719 0
1743181050282345 0
1743181050282969 0
1743181050283595 0
1743181050284220 0
1743181050284845 0
1743181050285470 0
1743181050286095 0
1743181050286720 0
1743181050287345 0
1743181050287970 0
1743181050288595 0
1743181050289220 0
1743181050289844 0
1743181050290470 0
1743181050291094 0
1743181050291720 0
1743181050292344 0
1743181050292970 0
1743181050293594 0
1743181050294219 0
1743181050294844 0
1743181050295469 0
1743181050296094 0
1743181050296719 0
1743181050297344 0
1743181050297969 0
1743181050298594 0
1743181050299219 0
1743181050299844 0
1743181050300469 0
1743181050301095 0
1743181050301718 0
1743181050302344 0
1743181050302969 0
1743181050303594 0
1743181050304219 0
1743181050304844 0
1743181050305470 0
1743181050306094 0
1743181050306719 0
1743181050307344 0
1743181050307969 0
1743181050308594 -1
1743181050309220 0
1743181050309843 0
1743181050310469 0
1743181050311094 0
1743181050311719 0
1743181050312344 0
1743181050312969 0
1743181050313594 0
1743181050314219 0
1743181050314844 0
1743181050315469 0
1743181050316094 0
1743181050316719 0
1743181050317344 0
1743181050317969 0
1743181050318594 0
1743181050319219 0
1743181050319844 0
1743181050320469 0
1743181050321095 0
1743181050321718 0
1743181050322344 0
1743181050322969 0
1743181050323594 0
1743181050324219 0
1743181050324844 0
1743181050325469 0
1743181050326094 0
1743181050326719 0
1743181050327344 0
1743181050327969 0
1743181050328595 0
1743181050329220 0
1743181050329843 0
1743181050330469 0
1743181050331094 0
1743181050331719 0
1743181050332344 0
1743181050332969 0
1743181050333594 0
1743181050334219 0
1743181050334845 0
1743181050335469 0
1743181050336094 0
1743181050336719 0
1743181050337344 0
1743181050337970 0
1743181050338595 0
1743181050339219 0
1743181050339844 0
1743181050340469 0
1743181050341095 0
1743181050341718 0
1743181050342344 0
1743181050342969 0
1743181050343594 0
1743181050344219 0
1743181050344844 0
1743181050345469 0
1743181050346094 0
1743181050346719 0
1743181050347344 0
1743181050347969 0
1743181050348594 0
1743181050349220 0
1743181050349844 0
1743181050350470 0
1743181050351094 0
1743181050351719 0
1743181050352344 0
1743181050352969 0
1743181050353594 0
1743181050354219 0
1743181050354844 0
1743181050355469 0
1743181050356094 0
1743181050356719 0
1743181050357344 0
1743181050357969 0
1743181050358594 0
1743181050359219 0
1743181050359844 0
1743181050360469 0
1743181050361095 0
1743181050361718 0
1743181050362344 0
1743181050362969 0
1743181050363594 0
1743181050364219 0
1743181050364844 0
1743181050365469 0
1743181050366094 0
1743181050366719 0
1743181050367344 0
1743181050367969 0
1743181050368594 0
1743181050369220 0
1743181050369843 0
1743181050370469 0
1743181050371102 0
1743181050371718 0
1743181050372344 0
1743181050372969 0
1743181050373594 0
1743181050374219 0
1743181050374844 0
1743181050375469 0
1743181050376094 0
1743181050376719 0
1743181050377344 0
1743181050377969 0
1743181050378594 0
1743181050379219 0
1743181050379844 0
1743181050380469 0
1743181050381095 0
1743181050381719 0
1743181050382344 -1
1743181050382969 0
1743181050383594 0
1743181050384219 0
1743181050384844 0
1743181050385469 0
1743181050386094 0
1743181050386719 0
1743181050387344 0
1743181050387969 0
1743181050388594 0
1743181050389220 0
1743181050389844 0
1743181050390469 0
1743181050391095 0
1743181050391719 0
1743181050392344 0
1743181050392969 0
1743181050393595 0
1743181050394219 0
1743181050394844 0
1743181050395469 0
1743181050396094 0
1743181050396719 0
1743181050397344 0
1743181050397969 0
1743181050398594 0
1743181050399219 0
1743181050399844 0
1743181050400469 0
1743181050401095 0
1743181050401719 0
1743181050402344 0
1743181050402970 0
1743181050403595 0
1743181050404219 0
1743181050404844 0
1743181050405469 0
1743181050406094 0
1743181050406719 0
1743181050407344 0
1743181050407969 0
1743181050408594 0
1743181050409220 0
1743181050409843 0
1743181050410469 0
1743181050411094 0
1743181050411719 -1
1743181050412345 0
1743181050412969 0
1743181050413594 0
1743181050414220 0
1743181050414844 0
1743181050415469 0
1743181050416094 0
1743181050416719 0
1743181050417345 0
1743181050417969 0
1743181050418594 0
1743181050419219 0
1743181050419844 0
1743181050420469 0
1743181050421095 0
1743181050421719 0
1743181050422344 0
1743181050422969 0
1743181050423594 0
1743181050424219 0
1743181050424844 0
1743181050425469 0
1743181050426094 0
1743181050426719 0
1743181050427344 0
1743181050427969 0
1743181050428594 0
1743181050429220 0
1743181050429843 0
1743181050430469 0
1743181050431094 0
1743181050431719 0
1743181050432344 0
1743181050432969 0
1743181050433594 0
1743181050434219 0
1743181050434844 0
1743181050435469 0
1743181050436094 0
1743181050436719 0
1743181050437345 0
1743181050437969 -1
1743181050438594 0
1743181050439219 0
1743181050439844 0
1743181050440469 0
1743181050441095 0
1743181050441719 0
1743181050442344 0
1743181050442969 0
1743181050443594 0
1743181050444219 0
1743181050444844 0
1743181050445469 0
1743181050446094 0
1743181050446719 0
1743181050447344 0
1743181050447969 0
1743181050448594 0
1743181050449220 0
1743181050449843 0
1743181050450469 0
1743181050451094 0
1743181050451719 0
1743181050452344 0
1743181050452969 0
1743181050453595 0
1743181050454220 0
1743181050454845 0
1743181050455470 0
1743181050456095 0
1743181050456719 0
1743181050457345 0
1743181050457970 0
1743181050458595 0
1743181050459220 0
1743181050459844 0
1743181050460470 0
1743181050461095 0
1743181050461719 0
1743181050462345 0
1743181050462970 0
1743181050463595 0
1743181050464219 0
1743181050464845 0
1743181050465470 0
1743181050466094 0
1743181050466720 0
1743181050467345 0
1743181050467970 0
1743181050468595 0
1743181050469220 0
1743181050469844 0
1743181050470469 0
1743181050471095 0
1743181050471719 0
1743181050472345 0
1743181050472969 0
1743181050473595 0
1743181050474220 0
1743181050474844 0
1743181050475470 0
1743181050476095 0
1743181050476719 0
1743181050477345 0
1743181050477969 0
1743181050478595 0
1743181050479220 0
1743181050479845 0
1743181050480470 0
1743181050481095 0
1743181050481719 0
1743181050482345 0
1743181050482969 0
1743181050483595 0
1743181050484219 0
1743181050484845 0
1743181050485470 0
1743181050486094 0
1743181050486720 0
1743181050487344 0
1743181050487970 0
1743181050488595 0
1743181050489220 0
1743181050489845 0
1743181050490469 0
1743181050491095 0
1743181050491720 0
1743181050492344 0
1743181050492970 0
1743181050493594 0
1743181050494219 0
1743181050494844 0
1743181050495469 0
1743181050496094 0
1743181050496719 0
1743181050497344 0
1743181050497969 0
1743181050498594 0
1743181050499219 0
1743181050499844 0
1743181050500469 0
1743181050501095 0
1743181050501719 0
1743181050502344 0
1743181050502969 0
1743181050503594 0
1743181050504219 0
1743181050504844 0
1743181050505469 0
1743181050506094 0
1743181050506719 0
1743181050507344 0
1743181050507969 0
1743181050508594 0
1743181050509220 0
1743181050509844 0
1743181050510469 0
1743181050511094 0
1743181050511719 0
1743181050512344 0
1743181050512969 0
1743181050513594 0
1743181050514219 0
1743181050514844 0
1743181050515469 0
1743181050516094 0
1743181050516719 0
1743181050517344 0
1743181050517970 0
1743181050518594 0
1743181050519219 0
1743181050519844 0
1743181050520469 0
1743181050521095 -1
1743181050521718 0
1743181050522344 0
1743181050522969 0
1743181050523594 0
1743181050524219 0
1743181050524844 0
1743181050525470 0
1743181050526094 0
1743181050526719 0
1743181050527344 0
1743181050527969 0
1743181050528594 0
1743181050529220 0
1743181050529844 0
1743181050530469 0
1743181050531094 0
1743181050531719 0
1743181050532344 0
1743181050532969 0
1743181050533594 0
1743181050534219 0
1743181050534844 0
1743181050535469 0
1743181050536094 0
1743181050536719 0
1743181050537344 0
1743181050537969 0
1743181050538594 0
1743181050539219 0
1743181050539844 0
1743181050540469 -1
1743181050541095 0
1743181050541718 -1
1743181050542344 0
1743181050542969 0
1743181050543594 0
1743181050544219 0
1743181050544844 0
1743181050545470 0
1743181050546094 0
1743181050546719 0
1743181050547344 0
1743181050547969 0
1743181050548594 0
1743181050549220 0
1743181050549844 0
1743181050550469 0
1743181050551094 0
1743181050551719 0
1743181050552344 0
1743181050552969 0
1743181050553595 0
1743181050554219 0
1743181050554845 0
1743181050555469 0
1743181050556094 0
1743181050556720 0
1743181050557345 0
1743181050557970 0
1743181050558594 0
1743181050559220 0
1743181050559845 0
1743181050560469 0
1743181050561096 0
1743181050561719 0
1743181050562345 0
1743181050562970 0
1743181050563594 0
1743181050564220 0
1743181050564845 0
1743181050565470 0
1743181050566094 0
1743181050566720 0
1743181050567345 0
1743181050567970 0
1743181050568595 0
1743181050569220 0
1743181050569844 0
1743181050570470 0
1743181050571095 0
1743181050571720 0
1743181050572344 0
1743181050572970 -1
1743181050573595 0
1743181050574219 0
1743181050574845 0
1743181050575469 0
1743181050576095 0
1743181050576719 0
1743181050577345 0
1743181050577970 0
1743181050578595 0
1743181050579220 0
1743181050579845 0
1743181050580469 0
1743181050581095 0
1743181050581719 0
1743181050582345 0
1743181050582970 0
1743181050583595 0
1743181050584219 0
1743181050584844 0
1743181050585470 0
1743181050586095 0
1743181050586719 -1
1743181050587345 0
1743181050587969 0
1743181050588595 0
1743181050589221 0
1743181050589844 0
1743181050590470 0
1743181050591094 0
1743181050591720 0
1743181050592345 0
1743181050592970 0
1743181050593594 0
1743181050594219 0
1743181050594844 0
1743181050595469 0
1743181050596094 0
1743181050596719 0
1743181050597344 0
1743181050597969 0
1743181050598594 0
1743181050599219 0
1743181050599844 0
1743181050600469 0
1743181050601095 0
1743181050601719 0
1743181050602344 0
1743181050602969 0
1743181050603594 0
1743181050604219 0
1743181050604844 0
1743181050605469 0
1743181050606094 0
1743181050606719 0
1743181050607344 0
1743181050607969 0
1743181050608594 0
1743181050609220 0
1743181050609843 0
1743181050610469 0
1743181050611094 0
1743181050611719 0
1743181050612344 0
1743181050612969 0
1743181050613594 0
1743181050614219 0
1743181050614844 0
1743181050615469 0
1743181050616094 0
1743181050616719 0
1743181050617344 0
1743181050617969 0
1743181050618594 0
1743181050619219 0
1743181050619844 0
1743181050620469 0
1743181050621095 0
1743181050621719 0
1743181050622344 0
1743181050622969 0
1743181050623594 0
1743181050624219 0
1743181050624844 0
1743181050625469 0
1743181050626094 0
1743181050626719 0
1743181050627344 0
1743181050627969 0
1743181050628594 0
1743181050629220 0
1743181050629843 0
1743181050630469 0
1743181050631094 0
1743181050631719 0
1743181050632344 0
1743181050632969 0
1743181050633595 0
1743181050634219 0
1743181050634844 0
1743181050635469 0
1743181050636094 0
1743181050636719 0
1743181050637344 0
1743181050637969 0
1743181050638594 0
1743181050639219 0
1743181050639844 0
1743181050640469 0
1743181050641095 0
1743181050641719 0
1743181050642344 0
1743181050642969 0
1743181050643594 0
1743181050644219 0
1743181050644844 0
1743181050645469 0
1743181050646094 0
1743181050646719 0
1743181050647344 0
1743181050647969 0
1743181050648594 0
1743181050649220 0
1743181050649844 0
1743181050650469 0
1743181050651094 0
1743181050651719 0
1743181050652344 0
1743181050652969 0
1743181050653594 0
1743181050654219 0
1743181050654844 0
1743181050655469 0
1743181050656094 0
1743181050656719 0
1743181050657344 0
1743181050657969 0
1743181050658594 0
1743181050659219 0
1743181050659844 0
1743181050660469 0
1743181050661095 0
1743181050661719 0
1743181050662344 0
1743181050662969 0
1743181050663594 0
1743181050664219 0
1743181050664844 0
1743181050665469 0
1743181050666094 0
1743181050666719 0
1743181050667344 0
1743181050667969 0
1743181050668594 0
1743181050669220 0
1743181050669843 0
1743181050670469 0
1743181050671094 0
1743181050671719 0
1743181050672344 0
1743181050672969 0
1743181050673594 0
1743181050674219 0
1743181050674844 0
1743181050675469 0
1743181050676094 0
1743181050676719 0
1743181050677345 0
1743181050677969 0
1743181050678594 0
1743181050679219 0
1743181050679844 0
1743181050680469 0
1743181050681095 0
1743181050681718 0
1743181050682344 0
1743181050682969 -1
1743181050683594 0
1743181050684219 0
1743181050684844 0
1743181050685469 0
1743181050686094 0
1743181050686719 0
1743181050687344 0
1743181050687969 0
1743181050688594 0
1743181050689220 0
1743181050689843 0
1743181050690469 0
1743181050691094 0
1743181050691719 0
1743181050692344 0
1743181050692969 -1
1743181050693594 0
1743181050694220 0
1743181050694844 0
1743181050695469 0
1743181050696094 0
1743181050696719 0
1743181050697345 0
1743181050697969 0
1743181050698594 0
1743181050699219 0
1743181050699844 0
1743181050700469 0
1743181050701095 0
1743181050701719 0
1743181050702344 0
1743181050702969 0
1743181050703594 -1
1743181050704219 0
1743181050704844 0
1743181050705469 0
1743181050706095 0
1743181050706719 0
1743181050707344 0
1743181050707969 0
1743181050708594 0
1743181050709220 0
1743181050709844 0
1743181050710469 0
1743181050711094 0
1743181050711719 0
1743181050712344 0
1743181050712969 0
1743181050713594 0
1743181050714219 0
1743181050714844 0
1743181050715469 0
1743181050716094 0
1743181050716719 0
1743181050717344 0
1743181050717969 0
1743181050718594 0
1743181050719220 0
1743181050719844 0
1743181050720470 0
1743181050721095 0
1743181050721719 0
1743181050722344 0
1743181050722969 0
1743181050723594 0
1743181050724219 0
1743181050724844 0
1743181050725469 0
1743181050726094 0
1743181050726719 0
1743181050727344 0
1743181050727969 0
1743181050728594 0
1743181050729220 0
1743181050729844 0
1743181050730469 0
1743181050731094 0
1743181050731719 0
1743181050732344 0
1743181050732969 0
1743181050733594 0
1743181050734219 0
1743181050734844 0
1743181050735469 0
1743181050736094 0
1743181050736719 0
1743181050737344 0
1743181050737969 0
1743181050738594 0
1743181050739219 0
1743181050739844 0
1743181050740469 0
1743181050741095 0
1743181050741719 0
1743181050742344 0
1743181050742969 0
1743181050743594 0
1743181050744219 0
1743181050744844 0
1743181050745469 0
1743181050746094 0
1743181050746719 0
1743181050747344 0
1743181050747969 0
1743181050748595 0
1743181050749220 0
1743181050749843 0
1743181050750469 0
1743181050751094 0
1743181050751719 0
1743181050752344 0
1743181050752969 0
1743181050753594 0
1743181050754220 0
1743181050754845 0
1743181050755470 0
1743181050756095 0
1743181050756719 0
1743181050757345 0
1743181050757970 0
1743181050758595 0
1743181050759220 0
1743181050759844 0
1743181050760470 0
1743181050761095 0
1743181050761719 0
1743181050762345 0
1743181050762969 0
1743181050763595 0
1743181050764219 0
1743181050764845 0
1743181050765470 0
1743181050766095 0
1743181050766719 0
1743181050767345 0
1743181050767970 0
1743181050768595 0
1743181050769220 0
1743181050769844 0
1743181050770469 0
1743181050771095 0
1743181050771720 0
1743181050772344 0
1743181050772969 0
1743181050773594 0
1743181050774220 0
1743181050774845 0
1743181050775469 0
1743181050776095 0
1743181050776719 0
1743181050777345 0
1743181050777970 0
1743181050778595 0
1743181050779220 0
1743181050779844 0
1743181050780470 0
1743181050781096 0
1743181050781719 0
1743181050782345 0
1743181050782969 0
1743181050783595 0
1743181050784220 0
1743181050784844 0
1743181050785470 0
1743181050786095 0
1743181050786720 0
1743181050787344 0
1743181050787970 0
1743181050788595 0
1743181050789220 0
1743181050789844 0
1743181050790470 0
1743181050791095 0
1743181050791720 0
1743181050792344 0
1743181050792970 0
1743181050793595 0
1743181050794220 0
1743181050794845 0
1743181050795470 0
1743181050796095 0
1743181050796720 0
1743181050797345 0
1743181050797970 0
1743181050798595 0
1743181050799220 0
1743181050799844 0
1743181050800469 0
1743181050801096 0
1743181050801719 0
1743181050802345 0
1743181050802969 0
1743181050803595 0
1743181050804220 0
1743181050804844 0
1743181050805470 0
1743181050806095 0
1743181050806720 -1
1743181050807345 0
1743181050807969 0
1743181050808595 0
1743181050809220 0
1743181050809844 0
1743181050810470 0
1743181050811094 0
1743181050811720 0
1743181050812345 -1
1743181050812970 0
1743181050813595 0
1743181050814220 0
1743181050814845 0
1743181050815469 0
1743181050816095 0
1743181050816720 0
1743181050817345 0
1743181050817970 0
1743181050818594 0
1743181050819220 0
1743181050819845 0
1743181050820470 0
1743181050821095 0
1743181050821719 0
1743181050822345 0
1743181050822969 0
1743181050823595 0
1743181050824220 0
1743181050824844 0
1743181050825470 0
1743181050826094 0
1743181050826720 0
1743181050827345 0
1743181050827970 0
1743181050828595 0
1743181050829220 0
1743181050829844 0
1743181050830470 0
1743181050831095 0
1743181050831720 0
1743181050832345 0
1743181050832970 0
1743181050833595 0
1743181050834219 0
1743181050834845 0
1743181050835469 0
1743181050836095 0
1743181050836720 0
1743181050837345 0
1743181050837970 0
1743181050838594 0
1743181050839220 0
1743181050839845 0
1743181050840470 0
1743181050841095 0
1743181050841719 0
1743181050842345 0
1743181050842970 0
1743181050843595 0
1743181050844220 0
1743181050844845 0
1743181050845470 0
1743181050846095 0
1743181050846719 0
1743181050847345 0
1743181050847969 0
1743181050848594 0
1743181050849221 0
1743181050849844 0
1743181050850470 0
1743181050851094 0
1743181050851720 0
1743181050852345 0
1743181050852970 0
1743181050853594 0
1743181050854219 0
1743181050854844 0
1743181050855469 0
1743181050856094 0
1743181050856719 0
1743181050857344 0
1743181050857969 0
1743181050858594 0
1743181050859219 0
1743181050859844 0
1743181050860469 0
1743181050861095 0
1743181050861718 0
1743181050862344 0
1743181050862969 0
1743181050863594 0
1743181050864219 0
1743181050864844 0
1743181050865469 0
1743181050866094 0
1743181050866719 0
1743181050867344 0
1743181050867969 0
1743181050868594 0
1743181050869220 0
1743181050869843 0
1743181050870469 0
1743181050871094 0
1743181050871719 0
1743181050872344 0
1743181050872969 0
1743181050873594 0
1743181050874219 0
1743181050874844 0
1743181050875469 0
1743181050876094 0
1743181050876719 0
1743181050877344 0
1743181050877969 0
1743181050878594 0
1743181050879219 0
1743181050879844 0
1743181050880469 0
1743181050881095 0
1743181050881719 0
1743181050882344 0
1743181050882969 0
1743181050883594 0
1743181050884219 0
1743181050884844 0
1743181050885470 0
1743181050886094 0
1743181050886719 0
1743181050887344 0
1743181050887969 0
1743181050888594 0
1743181050889220 0
1743181050889843 0
1743181050890469 0
1743181050891094 0
1743181050891719 0
1743181050892344 0
1743181050892969 0
1743181050893594 0
1743181050894219 0
1743181050894844 0
1743181050895469 0
1743181050896094 0
1743181050896720 0
1743181050897344 0
1743181050897969 0
1743181050898594 0
1743181050899219 0
1743181050899844 0
1743181050900469 0
1743181050901095 0
1743181050901719 0
1743181050902344 0
1743181050902969 0
1743181050903594 0
1743181050904219 0
1743181050904845 0
1743181050905469 0
1743181050906094 0
1743181050906719 0
1743181050907344 0
1743181050907969 0
1743181050908594 0
1743181050909220 0
1743181050909843 0
1743181050910470 0
1743181050911094 0
1743181050911719 0
1743181050912344 0
1743181050912969 0
1743181050913594 0
1743181050914219 0
1743181050914844 0
1743181050915469 0
1743181050916094 0
1743181050916719 0
1743181050917344 0
1743181050917969 0
1743181050918595 0
1743181050919219 0
1743181050919844 0
1743181050920469 0
1743181050921094 0
1743181050921719 0
1743181050922344 0
1743181050922969 0
1743181050923594 0
1743181050924219 0
1743181050924844 0
1743181050925469 0
1743181050926094 0
1743181050926719 0
1743181050927344 0
1743181050927969 0
1743181050928594 0
1743181050929220 0
1743181050929843 0
1743181050930469 0
1743181050931094 0
1743181050931719 0
1743181050932344 0
1743181050932969 0
1743181050933594 0
1743181050934219 0
1743181050934844 0
1743181050935469 0
1743181050936094 0
1743181050936719 0
1743181050937345 0
1743181050937969 0
1743181050938594 0
1743181050939219 0
1743181050939844 0
1743181050940469 0
1743181050941095 0
1743181050941719 0
1743181050942344 0
1743181050942969 0
1743181050943594 0
1743181050944219 0
1743181050944844 0
1743181050945469 0
1743181050946094 0
1743181050946719 0
1743181050947344 0
1743181050947969 0
1743181050948594 0
1743181050949220 0
1743181050949843 0
1743181050950469 0
1743181050951094 0
1743181050951719 0
1743181050952344 0
1743181050952969 0
1743181050953594 0
1743181050954219 0
1743181050954844 0
1743181050955470 0
1743181050956094 0
1743181050956719 0
1743181050957344 0
1743181050957969 0
1743181050958594 0
1743181050959219 0
1743181050959844 0
1743181050960469 0
1743181050961095 0
1743181050961718 0
1743181050962344 0
1743181050962969 0
1743181050963594 0
1743181050964219 0
1743181050964844 0
1743181050965469 0
1743181050966095 0
1743181050966719 0
1743181050967344 0
1743181050967969 0
1743181050968594 0
1743181050969220 0
1743181050969844 0
1743181050970469 0
1743181050971094 0
1743181050971719 0
1743181050972344 0
1743181050972969 0
1743181050973595 0
1743181050974220 0
1743181050974845 0
1743181050975469 0
1743181050976095 0
1743181050976719 0
1743181050977345 0
1743181050977969 -1
1743181050978595 0
1743181050979219 0
1743181050979845 0
1743181050980470 0
1743181050981095 0
1743181050981719 0
1743181050982345 0
1743181050982970 -1
1743181050983595 0
1743181050984220 0
1743181050984845 0
1743181050985470 0
1743181050986095 0
1743181050986720 0
1743181050987344 0
1743181050987970 0
1743181050988594 0
1743181050989220 0
1743181050989844 0
1743181050990469 0
1743181050991095 0
1743181050991720 0
1743181050992344 0
1743181050992970 0
1743181050993595 0
1743181050994220 0
1743181050994844 0
1743181050995470 0
1743181050996095 0
1743181050996719 0
1743181050997345 0
1743181050997969 0
1743181050998595 0
1743181050999220 0
1743181050999845 0
1743181051000470 0
1743181051001095 0
1743181051001719 0
1743181051002345 0
1743181051002970 0
1743181051003595 0
1743181051004219 0
1743181051004845 0
1743181051005470 0
1743181051006094 0
1743181051006719 0
1743181051007344 0
1743181051007970 0
1743181051008594 0
1743181051009220 0
1743181051009844 0
1743181051010469 0
1743181051011095 0
1743181051011719 0
1743181051012345 0
1743181051012970 0
1743181051013594 0
1743181051014219 0
1743181051014844 0
1743181051015469 0
1743181051016094 0
1743181051016719 -1
1743181051017344 0
1743181051017969 0
1743181051018594 0
1743181051019219 0
1743181051019844 0
1743181051020469 0
1743181051021095 -1
1743181051021719 0
1743181051022344 0
1743181051022969 0
1743181051023594 0
1743181051024219 0
1743181051024844 0
1743181051025470 0
1743181051026094 0
1743181051026719 0
1743181051027344 0
1743181051027969 0
1743181051028594 0
1743181051029220 0
1743181051029844 0
1743181051030469 0
1743181051031094 0
1743181051031719 0
1743181051032344 0
1743181051032969 0
1743181051033594 0
1743181051034220 0
1743181051034845 0
1743181051035469 -1
1743181051036095 0
1743181051036719 0
1743181051037345 0
1743181051037970 0
1743181051038594 0
1743181051039220 0
1743181051039845 0
1743181051040470 0
1743181051041095 0
1743181051041719 0
1743181051042345 0
1743181051042970 0
1743181051043594 0
1743181051044219 0
1743181051044845 0
1743181051045470 0
1743181051046094 0
1743181051046720 -1
1743181051047344 0
1743181051047970 0
1743181051048595 0
1743181051049220 0
1743181051049844 0
1743181051050469 0
1743181051051095 0
1743181051051720 0
1743181051052345 0
1743181051052970 0
1743181051053594 0
1743181051054219 0
1743181051054844 0
1743181051055469 0
1743181051056094 0
1743181051056719 0
1743181051057344 0
1743181051057969 0
1743181051058594 0
1743181051059219 0
1743181051059844 0
1743181051060469 0
1743181051061095 0
1743181051061719 0
1743181051062344 0
1743181051062969 0
1743181051063594 0
1743181051064219 0
1743181051064844 0
1743181051065470 0
1743181051066094 0
1743181051066719 0
1743181051067344 0
1743181051067969 0
1743181051068594 0
1743181051069220 0
1743181051069844 -1
1743181051070469 0
1743181051071094 0
1743181051071719 0
1743181051072344 0
1743181051072969 0
1743181051073596 0
1743181051074219 0
1743181051074845 0
1743181051075469 0
1743181051076095 0
1743181051076720 0
1743181051077345 0
1743181051077970 0
1743181051078594 0
1743181051079220 0
1743181051079844 0
1743181051080470 0
1743181051081095 0
1743181051081719 0
1743181051082345 0
1743181051082970 0
1743181051083594 0
1743181051084220 0
1743181051084844 0
1743181051085470 0
1743181051086096 0
1743181051086719 0
1743181051087345 0
1743181051087970 0
1743181051088594 0
1743181051089220 0
1743181051089844 0
1743181051090472 0
1743181051091094 0
1743181051091720 0
1743181051092344 0
1743181051092970 0
1743181051093595 0
1743181051094219 0
1743181051094845 0
1743181051095469 0
1743181051096094 0
1743181051096720 0
1743181051097344 0
1743181051097969 0
1743181051098595 0
1743181051099219 0
1743181051099844 0
1743181051100469 0
1743181051101095 0
1743181051101718 0
1743181051102344 0
1743181051102970 0
1743181051103594 0
1743181051104219 0
1743181051104844 0
1743181051105470 0
1743181051106094 0
1743181051106720 0
1743181051107345 0
1743181051107969 0
1743181051108594 0
1743181051109220 0
1743181051109844 0
1743181051110469 0
1743181051111095 0
1743181051111719 0
1743181051112344 0
1743181051112969 0
1743181051113595 0
1743181051114220 0
1743181051114845 -1
1743181051115471 0
1743181051116094 0
1743181051116720 0
1743181051117344 0
1743181051117970 -1
1743181051118594 0
1743181051119219 0
1743181051119845 0
1743181051120469 0
1743181051121096 0
1743181051121719 0
1743181051122345 0
1743181051122970 0
1743181051123595 0
1743181051124219 0
1743181051124844 0
1743181051125470 0
1743181051126095 0
1743181051126719 0
1743181051127345 0
1743181051127970 0
1743181051128594 0
1743181051129221 0
1743181051129844 0
1743181051130470 0
1743181051131094 0
1743181051131720 0
1743181051132345 0
1743181051132970 0
1743181051133594 0
1743181051134219 0
1743181051134844 0
1743181051135469 0
1743181051136095 0
1743181051136719 0
1743181051137344 0
1743181051137969 0
1743181051138594 -1
1743181051139220 0
1743181051139844 0
1743181051140470 0
1743181051141095 0
1743181051141718 0
1743181051142344 0
1743181051142969 0
1743181051143594 0
1743181051144219 0
1743181051144844 0
1743181051145470 0
1743181051146094 0
1743181051146719 0
1743181051147344 0
1743181051147969 0
1743181051148594 0
1743181051149220 0
1743181051149843 -1
1743181051150469 0
1743181051151094 0
1743181051151719 0
1743181051152344 0
1743181051152970 0
1743181051153594 0
1743181051154219 0
1743181051154845 0
1743181051155470 0
1743181051156095 0
1743181051156720 0
1743181051157345 0
1743181051157970 0
1743181051158595 0
1743181051159220 0
1743181051159845 0
1743181051160469 0
1743181051161096 0
1743181051161719 0
1743181051162345 0
1743181051162970 0
1743181051163594 0
1743181051164220 0
1743181051164845 0
1743181051165471 0
1743181051166094 0
1743181051166720 0
1743181051167344 0
1743181051167970 0
1743181051168595 0
1743181051169221 0
1743181051169844 0
1743181051170470 0
1743181051171095 0
1743181051171720 0
1743181051172345 0
1743181051172969 0
1743181051173595 0
1743181051174219 0
1743181051174845 0
1743181051175469 0
1743181051176094 0
1743181051176719 0
1743181051177344 0
1743181051177970 0
1743181051178594 0
1743181051179219 0
1743181051179844 0
1743181051180469 0
1743181051181095 0
1743181051181719 0
1743181051182345 0
1743181051182969 0
1743181051183594 0
1743181051184219 0
1743181051184844 0
1743181051185469 0
1743181051186094 0
1743181051186719 -1
1743181051187345 0
1743181051187969 0
1743181051188594 0
1743181051189220 0
1743181051189843 0
1743181051190470 0
1743181051191094 0
1743181051191719 -1
1743181051192344 0
1743181051192969 0
1743181051193594 0
1743181051194219 0
1743181051194845 0
1743181051195469 0
1743181051196094 0
1743181051196719 0
1743181051197345 0
1743181051197969 0
1743181051198594 0
1743181051199219 0
1743181051199845 0
1743181051200469 0
1743181051201095 0
1743181051201719 0
1743181051202344 0
1743181051202970 0
1743181051203594 0
1743181051204219 0
1743181051204844 0
1743181051205469 0
1743181051206094 0
1743181051206719 0
1743181051207345 0
1743181051207969 0
1743181051208594 0
1743181051209220 0
1743181051209844 0
1743181051210469 0
1743181051211094 0
1743181051211719 0
1743181051212345 1
1743181051212969 0
1743181051213594 0
1743181051214219 0
1743181051214844 0
1743181051215469 0
1743181051216094 0
1743181051216719 0
1743181051217345 0
1743181051217969 0
1743181051218594 0
1743181051219219 0
1743181051219845 0
1743181051220469 0
1743181051221095 0
1743181051221719 0
1743181051222344 0
1743181051222970 0
1743181051223594 0
1743181051224220 0
1743181051224844 0
1743181051225469 0
1743181051226094 0
1743181051226719 0
1743181051227344 0
1743181051227969 0
1743181051228594 -1
1743181051229221 0
1743181051229843 0
1743181051230469 0
1743181051231094 0
1743181051231719 0
1743181051232345 0
1743181051232968 0
1743181051233595 0
1743181051234219 0
1743181051234844 0
1743181051235469 0
1743181051236094 0
1743181051236720 0
1743181051237344 0
1743181051237969 0
1743181051238594 0
1743181051239219 0
1743181051239844 0
1743181051240469 0
1743181051241096 0
1743181051241718 0
1743181051242344 0
1743181051242969 0
1743181051243594 0
1743181051244219 0
1743181051244845 0
1743181051245469 0
1743181051246094 0
1743181051246719 0
1743181051247344 0
1743181051247969 0
1743181051248594 0
1743181051249221 0
1743181051249843 0
1743181051250469 0
1743181051251094 0
1743181051251719 0
1743181051252344 0
1743181051252969 0
1743181051253595 0
1743181051254220 -1
1743181051254844 0
1743181051255470 0
1743181051256095 0
1743181051256719 0
1743181051257345 0
1743181051257970 0
1743181051258595 0
1743181051259220 0
1743181051259845 0
1743181051260470 0
1743181051261095 0
1743181051261719 0
1743181051262344 0
1743181051262969 0
1743181051263595 0
1743181051264219 0
1743181051264845 0
1743181051265470 0
1743181051266095 0
1743181051266720 0
1743181051267344 0
1743181051267970 0
1743181051268594 0
1743181051269220 0
1743181051269844 0
1743181051270469 0
1743181051271095 0
1743181051271719 0
1743181051272345 0
1743181051272970 0
1743181051273594 0
1743181051274219 0
1743181051274844 0
1743181051275469 0
1743181051276094 0
1743181051276719 0
1743181051277344 0
1743181051277969 0
1743181051278594 0
1743181051279219 0
1743181051279844 0
1743181051280469 0
1743181051281095 0
1743181051281719 0
1743181051282344 0
1743181051282969 0
1743181051283594 0
1743181051284219 0
1743181051284844 0
1743181051285469 0
1743181051286094 0
1743181051286719 0
1743181051287344 0
1743181051287969 0
1743181051288594 0
1743181051289220 0
1743181051289844 0
1743181051290469 0
1743181051291094 0
1743181051291719 0
1743181051292344 0
1743181051292969 0
1743181051293595 0
1743181051294219 0
1743181051294844 0
1743181051295469 0
1743181051296094 0
1743181051296719 0
1743181051297345 0
1743181051297969 0
1743181051298594 0
1743181051299219 0
1743181051299844 0
1743181051300469 0
1743181051301095 0
1743181051301719 0
1743181051302344 0
1743181051302969 0
1743181051303594 0
1743181051304219 0
1743181051304844 0
1743181051305470 0
1743181051306094 0
1743181051306719 0
1743181051307344 0
1743181051307969 0
1743181051308594 0
1743181051309220 0
1743181051309843 0
1743181051310469 0
1743181051311094 0
1743181051311719 0
1743181051312344 0
1743181051312969 0
1743181051313594 0
1743181051314219 0
1743181051314844 0
1743181051315469 0
1743181051316094 0
1743181051316719 0
1743181051317345 0
1743181051317969 0
1743181051318594 0
1743181051319219 0
1743181051319844 0
1743181051320469 0
1743181051321095 0
1743181051321718 0
1743181051322344 0
1743181051322969 0
1743181051323594 0
1743181051324219 0
1743181051324844 0
1743181051325469 0
1743181051326094 0
1743181051326719 0
1743181051327344 0
1743181051327969 0
1743181051328594 0
1743181051329220 0
1743181051329844 0
1743181051330469 0
1743181051331094 0
1743181051331719 0
1743181051332344 0
1743181051332969 0
1743181051333594 0
1743181051334219 0
1743181051334844 0
1743181051335469 0
1743181051336094 0
1743181051336719 0
1743181051337344 0
1743181051337969 0
1743181051338594 0
1743181051339221 0
1743181051339844 0
1743181051340469 0
1743181051341095 0
1743181051341719 0
1743181051342344 0
1743181051342969 0
1743181051343595 0
1743181051344219 0
1743181051344844 0
1743181051345469 0
1743181051346094 0
1743181051346719 0
1743181051347345 0
1743181051347969 0
1743181051348594 0
1743181051349220 0
1743181051349844 0
1743181051350470 0
1743181051351094 0
1743181051351719 0
1743181051352344 0
1743181051352969 0
1743181051353595 0
1743181051354220 0
1743181051354845 0
1743181051355469 0
1743181051356095 0
1743181051356719 0
1743181051357345 0
1743181051357970 0
1743181051358594 0
1743181051359220 0
1743181051359844 0
1743181051360470 0
1743181051361096 0
1743181051361719 0
1743181051362345 0
1743181051362969 0
1743181051363595 0
1743181051364220 0
1743181051364845 0
1743181051365470 0
1743181051366095 0
1743181051366720 0
1743181051367345 0
1743181051367970 0
1743181051368595 0
1743181051369220 0
1743181051369844 0
1743181051370470 0
1743181051371097 0
1743181051371718 0
1743181051372344 0
1743181051372969 -1
1743181051373595 0
1743181051374219 0
1743181051374845 0
1743181051375470 0
1743181051376095 0
1743181051376720 0
1743181051377345 0
1743181051377970 0
1743181051378595 0
1743181051379220 0
1743181051379844 0
1743181051380470 0
1743181051381095 0
1743181051381719 0
1743181051382345 0
1743181051382970 0
1743181051383595 0
1743181051384220 0
1743181051384844 0
1743181051385470 0
1743181051386095 0
1743181051386719 0
1743181051387345 0
1743181051387969 0
1743181051388595 0
1743181051389220 0
1743181051389844 0
1743181051390470 0
1743181051391095 0
1743181051391720 0
1743181051392344 0
1743181051392970 0
1743181051393595 0
1743181051394219 0
1743181051394845 0
