monotonic_ns,timestamp_ns,lat_deg,lon_deg,week,timeOfWeek_s,insStatus,hdwStatus,alt_m,roll_rad,pitch_rad,yaw_rad,vel_U_m_s,vel_V_m_s,vel_W_m_s,ned_N_m,ned_E_m,ned_D_m
196648,1763340322383452426,0.000000000,0.000000000,1,224422.607346,329745,33554432,0.000,1.403008,0.018770,-1.019742,0.000000,0.000000,0.000000,0.000000,0.000000,-0.000000
262907,1763340322383519241,0.000000000,0.000000000,1,224422.614346,329745,33554432,0.000,1.403012,0.018775,-1.019743,0.000000,0.000000,0.000000,0.000000,0.000000,-0.000000
3704190,1763340322386960469,0.000000000,0.000000000,1,224422.621346,329745,33554432,0.000,1.403013,0.018783,-1.019742,0.000000,0.000000,0.000000,0.000000,0.000000,-0.000000
10645795,1763340322393902037,0.000000000,0.000000000,1,224422.628346,329745,33554432,0.000,1.403011,0.018776,-1.019752,0.000000,0.000000,0.000000,0.000000,0.000000,-0.000000
17758806,1763340322401015048,0.000000000,0.000000000,1,224422.635346,329745,33554432,0.000,1.403018,0.018770,-1.019751,0.000000,0.000000,0.000000,0.000000,0.000000,-0.000000
24725373,1763340322407981615,0.000000000,0.000000000,1,224422.642346,329745,33554432,0.000,1.403026,0.018761,-1.019754,0.000000,0.000000,0.000000,0.000000,0.000000,-0.000000
31736329,1763340322414992590,0.000000000,0.000000000,1,224422.649346,329745,33554432,0.000,1.403025,0.018763,-1.019748,0.000000,0.000000,0.000000,0.000000,0.000000,-0.000000
38711637,1763340322421967935,0.000000000,0.000000000,1,224422.656346,329745,33554432,0.000,1.403014,0.018763,-1.019745,0.000000,0.000000,0.000000,0.000000,0.000000,-0.000000
45682167,1763340322428938428,0.000000000,0.000000000,1,224422.663346,329745,33554432,0.000,1.403008,0.018764,-1.019743,0.000000,0.000000,0.000000,0.000000,0.000000,-0.000000
52817142,1763340322436073420,0.000000000,0.000000000,1,224422.670346,329745,33554432,0.000,1.403002,0.018766,-1.019739,0.000000,0.000000,0.000000,0.000000,0.000000,-0.000000
59649561,1763340322442905822,0.000000000,0.000000000,1,224422.677346,329745,33554432,0.000,1.403002,0.018764,-1.019736,0.000000,0.000000,0.000000,0.000000,0.000000,-0.000000
66799350,1763340322450055629,0.000000000,0.000000000,1,224422.684346,329745,33554432,0.000,1.403005,0.018763,-1.019721,0.000000,0.000000,0.000000,0.000000,0.000000,-0.000000
73773677,1763340322457029918,0.000000000,0.000000000,1,224422.691346,329745,33554432,0.000,1.403007,0.018747,-1.019712,0.000000,0.000000,0.000000,0.000000,0.000000,-0.000000
80756929,1763340322464013208,0.000000000,0.000000000,1,224422.698346,329745,33554432,0.000,1.403004,0.018742,-1.019718,0.000000,0.000000,0.000000,0.000000,0.000000,-0.000000
87651774,1763340322470908053,0.000000000,0.000000000,1,224422.705346,329745,33554432,0.000,1.403005,0.018743,-1.019728,0.000000,0.000000,0.000000,0.000000,0.000000,-0.000000
94803600,1763340322478059823,0.000000000,0.000000000,1,224422.712346,329745,33554432,0.000,1.403005,0.018731,-1.019727,0.000000,0.000000,0.000000,0.000000,0.000000,-0.000000
101781464,1763340322485037743,0.000000000,0.000000000,1,224422.719346,329745,33554432,0.000,1.403003,0.018735,-1.019733,0.000000,0.000000,0.000000,0.000000,0.000000,-0.000000
108746772,1763340322492003051,0.000000000,0.000000000,1,224422.726346,329745,33554432,0.000,1.403014,0.018734,-1.019728,0.000000,0.000000,0.000000,0.000000,0.000000,-0.000000
115737931,1763340322498994210,0.000000000,0.000000000,1,224422.733346,329745,33554432,0.000,1.403014,0.018729,-1.019730,0.000000,0.000000,0.000000,0.000000,0.000000,-0.000000
122717165,1763340322505973444,0.000000000,0.000000000,1,224422.740346,329745,33554432,0.000,1.403016,0.018723,-1.019740,0.000000,0.000000,0.000000,0.000000,0.000000,-0.000000
129754418,1763340322513010696,0.000000000,0.000000000,1,224422.747346,329745,33554432,0.000,1.403017,0.018730,-1.019732,0.000000,0.000000,0.000000,0.000000,0.000000,-0.000000
136718466,1763340322519974745,0.000000000,0.000000000,1,224422.754346,329745,33554432,0.000,1.403021,0.018719,-1.019742,0.000000,0.000000,0.000000,0.000000,0.000000,-0.000000
143732645,1763340322526988942,0.000000000,0.000000000,1,224422.761346,329745,33554432,0.000,1.403019,0.018723,-1.019733,0.000000,0.000000,0.000000,0.000000,0.000000,-0.000000
150705527,1763340322533961768,0.000000000,0.000000000,1,224422.768346,329745,33554432,0.000,1.403029,0.018721,-1.019737,0.000000,0.000000,0.000000,0.000000,0.000000,-0.000000
157683483,1763340322540939762,0.000000000,0.000000000,1,224422.775346,329745,33554432,0.000,1.403031,0.018714,-1.019747,0.000000,0.000000,0.000000,0.000000,0.000000,-0.000000
164701939,1763340322547958181,0.000000000,0.000000000,1,224422.782346,329745,33554432,0.000,1.403031,0.018707,-1.019732,0.000000,0.000000,0.000000,0.000000,0.000000,-0.000000
171670913,1763340322554927211,0.000000000,0.000000000,1,224422.789346,329745,33554432,0.000,1.403020,0.018709,-1.019722,0.000000,0.000000,0.000000,0.000000,0.000000,-0.000000
178672758,1763340322561929056,0.000000000,0.000000000,1,224422.796346,329745,33554432,0.000,1.403019,0.018705,-1.019721,0.000000,0.000000,0.000000,0.000000,0.000000,-0.000000
185668381,1763340322568924623,0.000000000,0.000000000,1,224422.803346,329745,33554432,0.000,1.403006,0.018706,-1.019720,0.000000,0.000000,0.000000,0.000000,0.000000,-0.000000
192696374,1763340322575952671,0.000000000,0.000000000,1,224422.810346,329745,33554432,0.000,1.403021,0.018695,-1.019711,0.000000,0.000000,0.000000,0.000000,0.000000,-0.000000
199714460,1763340322582970702,0.000000000,0.000000000,1,224422.817346,329745,33554432,0.000,1.403025,0.018690,-1.019724,0.000000,0.000000,0.000000,0.000000,0.000000,-0.000000
206684601,1763340322589940880,0.000000000,0.000000000,1,224422.824346,329745,33554432,0.000,1.403026,0.018692,-1.019729,0.000000,0.000000,0.000000,0.000000,0.000000,-0.000000
213820038,1763340322597076298,0.000000000,0.000000000,1,224422.831346,329745,33554432,0.000,1.403024,0.018688,-1.019721,0.000000,0.000000,0.000000,0.000000,0.000000,-0.000000
220789772,1763340322604046032,0.000000000,0.000000000,1,224422.838346,329745,33554432,0.000,1.403022,0.018697,-1.019719,0.000000,0.000000,0.000000,0.000000,0.000000,-0.000000
227681284,1763340322610937526,0.000000000,0.000000000,1,224422.845346,329745,33554432,0.000,1.403022,0.018691,-1.019721,0.000000,0.000000,0.000000,0.000000,0.000000,-0.000000
234811388,1763340322618067630,0.000000000,0.000000000,1,224422.852346,329745,33554432,0.000,1.403031,0.018684,-1.019713,0.000000,0.000000,0.000000,0.000000,0.000000,-0.000000
241783899,1763340322625040197,0.000000000,0.000000000,1,224422.859346,329745,33554432,0.000,1.403031,0.018692,-1.019721,0.000000,0.000000,0.000000,0.000000,0.000000,-0.000000
248749541,1763340322632005820,0.000000000,0.000000000,1,224422.866346,329745,33554432,0.000,1.403027,0.018691,-1.019724,0.000000,0.000000,0.000000,0.000000,0.000000,-0.000000
255758997,1763340322639015257,0.000000000,0.000000000,1,224422.873346,329745,33554432,0.000,1.403027,0.018689,-1.019724,0.000000,0.000000,0.000000,0.000000,0.000000,-0.000000
263540524,1763340322646796877,0.000000000,0.000000000,1,224422.880346,329745,33554432,0.000,1.403016,0.018694,-1.019720,0.000000,0.000000,0.000000,0.000000,0.000000,-0.000000
269732853,1763340322652989132,0.000000000,0.000000000,1,224422.887346,329745,33554432,0.000,1.403018,0.018697,-1.019710,0.000000,0.000000,0.000000,0.000000,0.000000,-0.000000
276726791,1763340322659983070,0.000000000,0.000000000,1,224422.894346,329745,33554432,0.000,1.403015,0.018690,-1.019705,0.000000,0.000000,0.000000,0.000000,0.000000,-0.000000
283695006,1763340322666951285,0.000000000,0.000000000,1,224422.901346,329745,33554432,0.000,1.403013,0.018686,-1.019705,0.000000,0.000000,0.000000,0.000000,0.000000,-0.000000
290771425,1763340322674027648,0.000000000,0.000000000,1,224422.908346,329745,33554432,0.000,1.403007,0.018698,-1.019714,0.000000,0.000000,0.000000,0.000000,0.000000,-0.000000
297788863,1763340322681045067,0.000000000,0.000000000,1,224422.915346,329745,33554432,0.000,1.403007,0.018691,-1.019718,0.000000,0.000000,0.000000,0.000000,0.000000,-0.000000
304714689,1763340322687970950,0.000000000,0.000000000,1,224422.922346,329745,33554432,0.000,1.403005,0.018690,-1.019703,0.000000,0.000000,0.000000,0.000000,0.000000,-0.000000
311731738,1763340322694988017,0.000000000,0.000000000,1,224422.929346,329745,33554432,0.000,1.403017,0.018693,-1.019702,0.000000,0.000000,0.000000,0.000000,0.000000,-0.000000
318706250,1763340322701962528,0.000000000,0.000000000,1,224422.936346,329745,33554432,0.000,1.403012,0.018695,-1.019700,0.000000,0.000000,0.000000,0.000000,0.000000,-0.000000
325687409,1763340322708943670,0.000000000,0.000000000,1,224422.943346,329745,33554432,0.000,1.403009,0.018695,-1.019700,0.000000,0.000000,0.000000,0.000000,0.000000,-0.000000
332711106,1763340322715967404,0.000000000,0.000000000,1,224422.950346,329745,33554432,0.000,1.403009,0.018693,-1.019699,0.000000,0.000000,0.000000,0.000000,0.000000,-0.000000
339706803,1763340322722963063,0.000000000,0.000000000,1,224422.957346,329745,33554432,0.000,1.403011,0.018690,-1.019695,0.000000,0.000000,0.000000,0.000000,0.000000,-0.000000
346708333,1763340322729964612,0.000000000,0.000000000,1,224422.964346,329745,33554432,0.000,1.403005,0.018684,-1.019701,0.000000,0.000000,0.000000,0.000000,0.000000,-0.000000
353693604,1763340322736949883,0.000000000,0.000000000,1,224422.971346,329745,33554432,0.000,1.403011,0.018685,-1.019705,0.000000,0.000000,0.000000,0.000000,0.000000,-0.000000
360820171,1763340322744076450,0.000000000,0.000000000,1,224422.978346,329745,33554432,0.000,1.403010,0.018690,-1.019705,0.000000,0.000000,0.000000,0.000000,0.000000,-0.000000
367830256,1763340322751086535,0.000000000,0.000000000,1,224422.985346,329745,33554432,0.000,1.403009,0.018690,-1.019705,0.000000,0.000000,0.000000,0.000000,0.000000,-0.000000
374633417,1763340322757889677,0.000000000,0.000000000,1,224422.992346,329745,33554432,0.000,1.403006,0.018689,-1.019699,0.000000,0.000000,0.000000,0.000000,0.000000,-0.000000
381759261,1763340322765015540,0.000000000,0.000000000,1,224422.999346,329745,33554432,0.000,1.403001,0.018679,-1.019702,0.000000,0.000000,0.000000,0.000000,0.000000,-0.000000
388751532,1763340322772007811,0.000000000,0.000000000,1,224423.006346,329745,33554432,0.000,1.402984,0.018679,-1.019695,0.000000,0.000000,0.000000,0.000000,0.000000,-0.000000
395735562,1763340322778991841,0.000000000,0.000000000,1,224423.013346,329745,33554432,0.000,1.402987,0.018688,-1.019688,0.000000,0.000000,0.000000,0.000000,0.000000,-0.000000
402716222,1763340322785972408,0.000000000,0.000000000,1,224423.020346,329745,33554432,0.000,1.402983,0.018685,-1.019699,0.000000,0.000000,0.000000,0.000000,0.000000,-0.000000
409724567,1763340322792980846,0.000000000,0.000000000,1,224423.027346,329745,33554432,0.000,1.402989,0.018686,-1.019690,0.000000,0.000000,0.000000,0.000000,0.000000,-0.000000
416736282,1763340322799992561,0.000000000,0.000000000,1,224423.034346,329745,33554432,0.000,1.402989,0.018681,-1.019694,0.000000,0.000000,0.000000,0.000000,0.000000,-0.000000
423694239,1763340322806950517,0.000000000,0.000000000,1,224423.041346,329745,33554432,0.000,1.402985,0.018679,-1.019692,0.000000,0.000000,0.000000,0.000000,0.000000,-0.000000
430722732,1763340322813978973,0.000000000,0.000000000,1,224423.048346,329745,33554432,0.000,1.402976,0.018673,-1.019676,0.000000,0.000000,0.000000,0.000000,0.000000,-0.000000
437688688,1763340322820944967,0.000000000,0.000000000,1,224423.055346,329745,33554432,0.000,1.402972,0.018671,-1.019676,0.000000,0.000000,0.000000,0.000000,0.000000,-0.000000
444663107,1763340322827919386,0.000000000,0.000000000,1,224423.062346,329745,33554432,0.000,1.402973,0.018665,-1.019664,0.000000,0.000000,0.000000,0.000000,0.000000,-0.000000
451640359,1763340322834896601,0.000000000,0.000000000,1,224423.069346,329745,33554432,0.000,1.402974,0.018667,-1.019663,0.000000,0.000000,0.000000,0.000000,0.000000,-0.000000
458796500,1763340322842052760,0.000000000,0.000000000,1,224423.076346,329745,33554432,0.000,1.402979,0.018675,-1.019661,0.000000,0.000000,0.000000,0.000000,0.000000,-0.000000
465666475,1763340322848922717,0.000000000,0.000000000,1,224423.083346,329745,33554432,0.000,1.402977,0.018678,-1.019662,0.000000,0.000000,0.000000,0.000000,0.000000,-0.000000
472826504,1763340322856082783,0.000000000,0.000000000,1,224423.090346,329745,33554432,0.000,1.402978,0.018667,-1.019670,0.000000,0.000000,0.000000,0.000000,0.000000,-0.000000
479704517,1763340322862960777,0.000000000,0.000000000,1,224423.097346,329745,33554432,0.000,1.402984,0.018665,-1.019681,0.000000,0.000000,0.000000,0.000000,0.000000,-0.000000
486735121,1763340322869991399,0.000000000,0.000000000,1,224423.104346,329745,33554432,0.000,1.402991,0.018659,-1.019674,0.000000,0.000000,0.000000,0.000000,0.000000,-0.000000
493748391,1763340322877004652,0.000000000,0.000000000,1,224423.111346,329745,33554432,0.000,1.402988,0.018659,-1.019674,0.000000,0.000000,0.000000,0.000000,0.000000,-0.000000
500740385,1763340322883996663,0.000000000,0.000000000,1,224423.118346,329745,33554432,0.000,1.402980,0.018670,-1.019676,0.000000,0.000000,0.000000,0.000000,0.000000,-0.000000
507729063,1763340322890985342,0.000000000,0.000000000,1,224423.125346,329745,33554432,0.000,1.402979,0.018672,-1.019674,0.000000,0.000000,0.000000,0.000000,0.000000,-0.000000
514654056,1763340322897910298,0.000000000,0.000000000,1,224423.132346,329745,33554432,0.000,1.402985,0.018663,-1.019675,0.000000,0.000000,0.000000,0.000000,0.000000,-0.000000
521794215,1763340322905050494,0.000000000,0.000000000,1,224423.139346,329745,33554432,0.000,1.402980,0.018667,-1.019665,0.000000,0.000000,0.000000,0.000000,0.000000,-0.000000
528648320,1763340322911904599,0.000000000,0.000000000,1,224423.146346,329745,33554432,0.000,1.402975,0.018672,-1.019656,0.000000,0.000000,0.000000,0.000000,0.000000,-0.000000
535767868,1763340322919024129,0.000000000,0.000000000,1,224423.153346,329745,33554432,0.000,1.402979,0.018666,-1.019656,0.000000,0.000000,0.000000,0.000000,0.000000,-0.000000
542730028,1763340322925986307,0.000000000,0.000000000,1,224423.160346,329745,33554432,0.000,1.402983,0.018669,-1.019662,0.000000,0.000000,0.000000,0.000000,0.000000,-0.000000
549709577,1763340322932965856,0.000000000,0.000000000,1,224423.167346,329745,33554432,0.000,1.402979,0.018673,-1.019658,0.000000,0.000000,0.000000,0.000000,0.000000,-0.000000
556698811,1763340322939955108,0.000000000,0.000000000,1,224423.174346,329745,33554432,0.000,1.402982,0.018687,-1.019658,0.000000,0.000000,0.000000,0.000000,0.000000,-0.000000
563677341,1763340322946933620,0.000000000,0.000000000,1,224423.181346,329745,33554432,0.000,1.402988,0.018693,-1.019647,0.000000,0.000000,0.000000,0.000000,0.000000,-0.000000
570674464,1763340322953930724,0.000000000,0.000000000,1,224423.188346,329745,33554432,0.000,1.402983,0.018693,-1.019646,0.000000,0.000000,0.000000,0.000000,0.000000,-0.000000
577669920,1763340322960926199,0.000000000,0.000000000,1,224423.195346,329745,33554432,0.000,1.402984,0.018689,-1.019652,0.000000,0.000000,0.000000,0.000000,0.000000,-0.000000
584662524,1763340322967918803,0.000000000,0.000000000,1,224423.202346,329745,33554432,0.000,1.402992,0.018691,-1.019643,0.000000,0.000000,0.000000,0.000000,0.000000,-0.000000
591662425,1763340322974918703,0.000000000,0.000000000,1,224423.209346,329745,33554432,0.000,1.402987,0.018690,-1.019638,0.000000,0.000000,0.000000,0.000000,0.000000,-0.000000
598679806,1763340322981936085,0.000000000,0.000000000,1,224423.216346,329745,33554432,0.000,1.402980,0.018688,-1.019645,0.000000,0.000000,0.000000,0.000000,0.000000,-0.000000
605811984,1763340322989068208,0.000000000,0.000000000,1,224423.223346,329745,33554432,0.000,1.402982,0.018688,-1.019652,0.000000,0.000000,0.000000,0.000000,0.000000,-0.000000
612800274,1763340322996056553,0.000000000,0.000000000,1,224423.230346,329745,33554432,0.000,1.402986,0.018693,-1.019655,0.000000,0.000000,0.000000,0.000000,0.000000,-0.000000
619665860,1763340323002922120,0.000000000,0.000000000,1,224423.237346,329745,33554432,0.000,1.402984,0.018696,-1.019658,0.000000,0.000000,0.000000,0.000000,0.000000,-0.000000
626803686,1763340323010059983,0.000000000,0.000000000,1,224423.244346,329745,33554432,0.000,1.402978,0.018683,-1.019655,0.000000,0.000000,0.000000,0.000000,0.000000,-0.000000
633664735,1763340323016921032,0.000000000,0.000000000,1,224423.251346,329745,33554432,0.000,1.402982,0.018674,-1.019655,0.000000,0.000000,0.000000,0.000000,0.000000,-0.000000
640793598,1763340323024049877,0.000000000,0.000000000,1,224423.258346,329745,33554432,0.000,1.402975,0.018682,-1.019652,0.000000,0.000000,0.000000,0.000000,0.000000,-0.000000
647765887,1763340323031022148,0.000000000,0.000000000,1,224423.265346,329745,33554432,0.000,1.402983,0.018679,-1.019654,0.000000,0.000000,0.000000,0.000000,0.000000,-0.000000
654763158,1763340323038019382,0.000000000,0.000000000,1,224423.272346,329745,33554432,0.000,1.402984,0.018677,-1.019654,0.000000,0.000000,0.000000,0.000000,0.000000,-0.000000
661748763,1763340323045005041,0.000000000,0.000000000,1,224423.279346,329745,33554432,0.000,1.402993,0.018680,-1.019650,0.000000,0.000000,0.000000,0.000000,0.000000,-0.000000
668753811,1763340323052010090,0.000000000,0.000000000,1,224423.286346,329745,33554432,0.000,1.402990,0.018672,-1.019655,0.000000,0.000000,0.000000,0.000000,0.000000,-0.000000
675729415,1763340323058985694,0.000000000,0.000000000,1,224423.293346,329745,33554432,0.000,1.402999,0.018675,-1.019653,0.000000,0.000000,0.000000,0.000000,0.000000,-0.000000
682754760,1763340323066011039,0.000000000,0.000000000,1,224423.300346,329745,33554432,0.000,1.403007,0.018669,-1.019652,0.000000,0.000000,0.000000,0.000000,0.000000,-0.000000
689781013,1763340323073037254,0.000000000,0.000000000,1,224423.307346,329745,33554432,0.000,1.403010,0.018664,-1.019650,0.000000,0.000000,0.000000,0.000000,0.000000,-0.000000
696759858,1763340323080016155,0.000000000,0.000000000,1,224423.314346,329745,33554432,0.000,1.403006,0.018658,-1.019652,0.000000,0.000000,0.000000,0.000000,0.000000,-0.000000
703728054,1763340323086984333,0.000000000,0.000000000,1,224423.321346,329745,33554432,0.000,1.403004,0.018658,-1.019652,0.000000,0.000000,0.000000,0.000000,0.000000,-0.000000
710721288,1763340323093977530,0.000000000,0.000000000,1,224423.328346,329745,33554432,0.000,1.403006,0.018655,-1.019645,0.000000,0.000000,0.000000,0.000000,0.000000,-0.000000
717702115,1763340323100958338,0.000000000,0.000000000,1,224423.335346,329745,33554432,0.000,1.403003,0.018651,-1.019636,0.000000,0.000000,0.000000,0.000000,0.000000,-0.000000
724688738,1763340323107944998,0.000000000,0.000000000,1,224423.342346,329745,33554432,0.000,1.403009,0.018653,-1.019611,0.000000,0.000000,0.000000,0.000000,0.000000,-0.000000
731736286,1763340323114992546,0.000000000,0.000000000,1,224423.349346,329745,33554432,0.000,1.403012,0.018647,-1.019611,0.000000,0.000000,0.000000,0.000000,0.000000,-0.000000
738708538,1763340323121964836,0.000000000,0.000000000,1,224423.356346,329745,33554432,0.000,1.403003,0.018642,-1.019614,0.000000,0.000000,0.000000,0.000000,0.000000,-0.000000
745682698,1763340323128938940,0.000000000,0.000000000,1,224423.363346,329745,33554432,0.000,1.403007,0.018638,-1.019613,0.000000,0.000000,0.000000,0.000000,0.000000,-0.000000
752826487,1763340323136082766,0.000000000,0.000000000,1,224423.370346,329745,33554432,0.000,1.403024,0.018637,-1.019609,0.000000,0.000000,0.000000,0.000000,0.000000,-0.000000
759817017,1763340323143073278,0.000000000,0.000000000,1,224423.377346,329745,33554432,0.000,1.403025,0.018638,-1.019610,0.000000,0.000000,0.000000,0.000000,0.000000,-0.000000
767179750,1763340323150436084,0.000000000,0.000000000,1,224423.384346,329745,33554432,0.000,1.403029,0.018635,-1.019611,0.000000,0.000000,0.000000,0.000000,0.000000,-0.000000
773701856,1763340323156958135,0.000000000,0.000000000,1,224423.391346,329745,33554432,0.000,1.403037,0.018637,-1.019605,0.000000,0.000000,0.000000,0.000000,0.000000,-0.000000
780687756,1763340323163944035,0.000000000,0.000000000,1,224423.398346,329745,33554432,0.000,1.403036,0.018632,-1.019600,0.000000,0.000000,0.000000,0.000000,0.000000,-0.000000
787691916,1763340323170948195,0.000000000,0.000000000,1,224423.405346,329745,33554432,0.000,1.403035,0.018638,-1.019603,0.000000,0.000000,0.000000,0.000000,0.000000,-0.000000
794738742,1763340323177994984,0.000000000,0.000000000,1,224423.412346,329745,33554432,0.000,1.403030,0.018642,-1.019602,0.000000,0.000000,0.000000,0.000000,0.000000,-0.000000
801746198,1763340323185002255,0.000000000,0.000000000,1,224423.419346,329745,33554432,0.000,1.403033,0.018641,-1.019606,0.000000,0.000000,0.000000,0.000000,0.000000,-0.000000
808784062,1763340323192040322,0.000000000,0.000000000,1,224423.426346,329745,33554432,0.000,1.403035,0.018651,-1.019603,0.000000,0.000000,0.000000,0.000000,0.000000,-0.000000
815784777,1763340323199041037,0.000000000,0.000000000,1,224423.433346,329745,33554432,0.000,1.403043,0.018645,-1.019603,0.000000,0.000000,0.000000,0.000000,0.000000,-0.000000
822838159,1763340323206094438,0.000000000,0.000000000,1,224423.440346,329745,33554432,0.000,1.403030,0.018645,-1.019606,0.000000,0.000000,0.000000,0.000000,0.000000,-0.000000
829762152,1763340323213018431,0.000000000,0.000000000,1,224423.447346,329745,33554432,0.000,1.403028,0.018643,-1.019599,0.000000,0.000000,0.000000,0.000000,0.000000,-0.000000
836722590,1763340323219978850,0.000000000,0.000000000,1,224423.454346,329745,33554432,0.000,1.403032,0.018637,-1.019599,0.000000,0.000000,0.000000,0.000000,0.000000,-0.000000
843693676,1763340323226949936,0.000000000,0.000000000,1,224423.461346,329745,33554432,0.000,1.403044,0.018636,-1.019598,0.000000,0.000000,0.000000,0.000000,0.000000,-0.000000
850822279,1763340323234078540,0.000000000,0.000000000,1,224423.468346,329745,33554432,0.000,1.403043,0.018636,-1.019606,0.000000,0.000000,0.000000,0.000000,0.000000,-0.000000
857807828,1763340323241064088,0.000000000,0.000000000,1,224423.475346,329745,33554432,0.000,1.403037,0.018628,-1.019608,0.000000,0.000000,0.000000,0.000000,0.000000,-0.000000
864844376,1763340323248100489,0.000000000,0.000000000,1,224423.482346,329745,33554432,0.000,1.403033,0.018634,-1.019593,0.000000,0.000000,0.000000,0.000000,0.000000,-0.000000
871833981,1763340323255090241,0.000000000,0.000000000,1,224423.489346,329745,33554432,0.000,1.403035,0.018636,-1.019602,0.000000,0.000000,0.000000,0.000000,0.000000,-0.000000
878804622,1763340323262060864,0.000000000,0.000000000,1,224423.496346,329745,33554432,0.000,1.403031,0.018640,-1.019603,0.000000,0.000000,0.000000,0.000000,0.000000,-0.000000
885787726,1763340323269043987,0.000000000,0.000000000,1,224423.503346,329745,33554432,0.000,1.403037,0.018634,-1.019606,0.000000,0.000000,0.000000,0.000000,0.000000,-0.000000
892823923,1763340323276080202,0.000000000,0.000000000,1,224423.510346,329745,33554432,0.000,1.403037,0.018630,-1.019609,0.000000,0.000000,0.000000,0.000000,0.000000,-0.000000
899656287,1763340323282912529,0.000000000,0.000000000,1,224423.517346,329745,33554432,0.000,1.403045,0.018628,-1.019609,0.000000,0.000000,0.000000,0.000000,0.000000,-0.000000
906805576,1763340323290061855,0.000000000,0.000000000,1,224423.524346,329745,33554432,0.000,1.403041,0.018629,-1.019612,0.000000,0.000000,0.000000,0.000000,0.000000,-0.000000
913787476,1763340323297043718,0.000000000,0.000000000,1,224423.531346,329745,33554432,0.000,1.403046,0.018629,-1.019619,0.000000,0.000000,0.000000,0.000000,0.000000,-0.000000
920781858,1763340323304038137,0.000000000,0.000000000,1,224423.538346,329745,33554432,0.000,1.403031,0.018624,-1.019604,0.000000,0.000000,0.000000,0.000000,0.000000,-0.000000
927663426,1763340323310919668,0.000000000,0.000000000,1,224423.545346,329745,33554432,0.000,1.403026,0.018625,-1.019606,0.000000,0.000000,0.000000,0.000000,0.000000,-0.000000
934629697,1763340323317886031,0.000000000,0.000000000,1,224423.552346,329745,33554432,0.000,1.403016,0.018632,-1.019596,0.000000,0.000000,0.000000,0.000000,0.000000,-0.000000
941763912,1763340323325020191,0.000000000,0.000000000,1,224423.559346,329745,33554432,0.000,1.403019,0.018634,-1.019587,0.000000,0.000000,0.000000,0.000000,0.000000,-0.000000
948740664,1763340323331996962,0.000000000,0.000000000,1,224423.566346,329745,33554432,0.000,1.403024,0.018638,-1.019590,0.000000,0.000000,0.000000,0.000000,0.000000,-0.000000
955737231,1763340323338993510,0.000000000,0.000000000,1,224423.573346,329745,33554432,0.000,1.403027,0.018640,-1.019596,0.000000,0.000000,0.000000,0.000000,0.000000,-0.000000
962719391,1763340323345975670,0.000000000,0.000000000,1,224423.580346,329745,33554432,0.000,1.403015,0.018638,-1.019585,0.000000,0.000000,0.000000,0.000000,0.000000,-0.000000
969760329,1763340323353016626,0.000000000,0.000000000,1,224423.587346,329745,33554432,0.000,1.403018,0.018631,-1.019584,0.000000,0.000000,0.000000,0.000000,0.000000,-0.000000
976719377,1763340323359975656,0.000000000,0.000000000,1,224423.594346,329745,33554432,0.000,1.403012,0.018632,-1.019582,0.000000,0.000000,0.000000,0.000000,0.000000,-0.000000
983705871,1763340323366962168,0.000000000,0.000000000,1,224423.601346,329745,33554432,0.000,1.403017,0.018629,-1.019581,0.000000,0.000000,0.000000,0.000000,0.000000,-0.000000
990722956,1763340323373979217,0.000000000,0.000000000,1,224423.608346,329745,33554432,0.000,1.403015,0.018625,-1.019577,0.000000,0.000000,0.000000,0.000000,0.000000,-0.000000
997693672,1763340323380949950,0.000000000,0.000000000,1,224423.615346,329745,33554432,0.000,1.403013,0.018624,-1.019565,0.000000,0.000000,0.000000,0.000000,0.000000,-0.000000
1004695739,1763340323387951999,0.000000000,0.000000000,1,224423.622346,329745,33554432,0.000,1.403007,0.018621,-1.019564,0.000000,0.000000,0.000000,0.000000,0.000000,-0.000000
1011663158,1763340323394919437,0.000000000,0.000000000,1,224423.629346,329745,33554432,0.000,1.403007,0.018613,-1.019570,0.000000,0.000000,0.000000,0.000000,0.000000,-0.000000
1018657095,1763340323401913393,0.000000000,0.000000000,1,224423.636346,329745,33554432,0.000,1.403006,0.018614,-1.019572,0.000000,0.000000,0.000000,0.000000,0.000000,-0.000000
1025643403,1763340323408899682,0.000000000,0.000000000,1,224423.643346,329745,33554432,0.000,1.403000,0.018609,-1.019573,0.000000,0.000000,0.000000,0.000000,0.000000,-0.000000
1032826488,1763340323416082767,0.000000000,0.000000000,1,224423.650346,329745,33554432,0.000,1.402994,0.018622,-1.019571,0.000000,0.000000,0.000000,0.000000,0.000000,-0.000000
1039723815,1763340323422980076,0.000000000,0.000000000,1,224423.657346,329745,33554432,0.000,1.402985,0.018625,-1.019583,0.000000,0.000000,0.000000,0.000000,0.000000,-0.000000
1046705901,1763340323429962180,0.000000000,0.000000000,1,224423.664346,329745,33554432,0.000,1.402987,0.018632,-1.019581,0.000000,0.000000,0.000000,0.000000,0.000000,-0.000000
1053836782,1763340323437093043,0.000000000,0.000000000,1,224423.671346,329745,33554432,0.000,1.402979,0.018637,-1.019570,0.000000,0.000000,0.000000,0.000000,0.000000,-0.000000
1060653739,1763340323443910018,0.000000000,0.000000000,1,224423.678346,329745,33554432,0.000,1.402976,0.018635,-1.019562,0.000000,0.000000,0.000000,0.000000,0.000000,-0.000000
1067679195,1763340323450935455,0.000000000,0.000000000,1,224423.685346,329745,33554432,0.000,1.402983,0.018634,-1.019569,0.000000,0.000000,0.000000,0.000000,0.000000,-0.000000
1074643744,1763340323457899986,0.000000000,0.000000000,1,224423.692346,329745,33554432,0.000,1.402994,0.018631,-1.019575,0.000000,0.000000,0.000000,0.000000,0.000000,-0.000000
1081772422,1763340323465028701,0.000000000,0.000000000,1,224423.699346,329745,33554432,0.000,1.403007,0.018628,-1.019571,0.000000,0.000000,0.000000,0.000000,0.000000,-0.000000
1088763433,1763340323472019712,0.000000000,0.000000000,1,224423.706346,329745,33554432,0.000,1.403019,0.018627,-1.019573,0.000000,0.000000,0.000000,0.000000,0.000000,-0.000000
1095767482,1763340323479023779,0.000000000,0.000000000,1,224423.713346,329745,33554432,0.000,1.403008,0.018626,-1.019569,0.000000,0.000000,0.000000,0.000000,0.000000,-0.000000
1102741179,1763340323485997476,0.000000000,0.000000000,1,224423.720346,329745,33554432,0.000,1.403007,0.018626,-1.019565,0.000000,0.000000,0.000000,0.000000,0.000000,-0.000000
1109727876,1763340323492984155,0.000000000,0.000000000,1,224423.727346,329745,33554432,0.000,1.403013,0.018624,-1.019567,0.000000,0.000000,0.000000,0.000000,0.000000,-0.000000
1116703036,1763340323499959333,0.000000000,0.000000000,1,224423.734346,329745,33554432,0.000,1.403000,0.018630,-1.019554,0.000000,0.000000,0.000000,0.000000,0.000000,-0.000000
1123717566,1763340323506973844,0.000000000,0.000000000,1,224423.741346,329745,33554432,0.000,1.402993,0.018624,-1.019543,0.000000,0.000000,0.000000,0.000000,0.000000,-0.000000
1130749596,1763340323514005837,0.000000000,0.000000000,1,224423.748346,329745,33554432,0.000,1.402986,0.018631,-1.019555,0.000000,0.000000,0.000000,0.000000,0.000000,-0.000000
1137729033,1763340323520985294,0.000000000,0.000000000,1,224423.755346,329745,33554432,0.000,1.402987,0.018629,-1.019548,0.000000,0.000000,0.000000,0.000000,0.000000,-0.000000
1144706934,1763340323527963213,0.000000000,0.000000000,1,224423.762346,329745,33554432,0.000,1.402987,0.018630,-1.019539,0.000000,0.000000,0.000000,0.000000,0.000000,-0.000000
1151695519,1763340323534951798,0.000000000,0.000000000,1,224423.769346,329745,33554432,0.000,1.402988,0.018626,-1.019545,0.000000,0.000000,0.000000,0.000000,0.000000,-0.000000
1158665605,1763340323541921884,0.000000000,0.000000000,1,224423.776346,329745,33554432,0.000,1.402985,0.018627,-1.019553,0.000000,0.000000,0.000000,0.000000,0.000000,-0.000000
1165723987,1763340323548980247,0.000000000,0.000000000,1,224423.783346,329745,33554432,0.000,1.402986,0.018627,-1.019568,0.000000,0.000000,0.000000,0.000000,0.000000,-0.000000
1172854943,1763340323556111221,0.000000000,0.000000000,1,224423.790346,329745,33554432,0.000,1.402986,0.018624,-1.019565,0.000000,0.000000,0.000000,0.000000,0.000000,-0.000000
1179708029,1763340323562964289,0.000000000,0.000000000,1,224423.797346,329745,33554432,0.000,1.402981,0.018624,-1.019564,0.000000,0.000000,0.000000,0.000000,0.000000,-0.000000
1186679189,1763340323569935486,0.000000000,0.000000000,1,224423.804346,329745,33554432,0.000,1.402973,0.018627,-1.019552,0.000000,0.000000,0.000000,0.000000,0.000000,-0.000000
1193682182,1763340323576938479,0.000000000,0.000000000,1,224423.811346,329745,33554432,0.000,1.402970,0.018627,-1.019555,0.000000,0.000000,0.000000,0.000000,0.000000,-0.000000
1200649249,1763340323583905528,0.000000000,0.000000000,1,224423.818346,329745,33554432,0.000,1.402962,0.018621,-1.019556,0.000000,0.000000,0.000000,0.000000,0.000000,-0.000000
1207649853,1763340323590906169,0.000000000,0.000000000,1,224423.825346,329745,33554432,0.000,1.402961,0.018620,-1.019557,0.000000,0.000000,0.000000,0.000000,0.000000,-0.000000
1214635087,1763340323597891347,0.000000000,0.000000000,1,224423.832346,329745,33554432,0.000,1.402973,0.018631,-1.019562,0.000000,0.000000,0.000000,0.000000,0.000000,-0.000000
1221674173,1763340323604930433,0.000000000,0.000000000,1,224423.839346,329745,33554432,0.000,1.402977,0.018632,-1.019561,0.000000,0.000000,0.000000,0.000000,0.000000,-0.000000
1228688980,1763340323611945259,0.000000000,0.000000000,1,224423.846346,329745,33554432,0.000,1.402983,0.018634,-1.019561,0.000000,0.000000,0.000000,0.000000,0.000000,-0.000000
1235642548,1763340323618898808,0.000000000,0.000000000,1,224423.853346,329745,33554432,0.000,1.402979,0.018637,-1.019560,0.000000,0.000000,0.000000,0.000000,0.000000,-0.000000
1242637578,1763340323625893838,0.000000000,0.000000000,1,224423.860346,329745,33554432,0.000,1.402986,0.018640,-1.019545,0.000000,0.000000,0.000000,0.000000,0.000000,-0.000000
1249758737,1763340323633014998,0.000000000,0.000000000,1,224423.867346,329745,33554432,0.000,1.402980,0.018640,-1.019538,0.000000,0.000000,0.000000,0.000000,0.000000,-0.000000
1256726545,1763340323639982806,0.000000000,0.000000000,1,224423.874346,329745,33554432,0.000,1.402976,0.018639,-1.019538,0.000000,0.000000,0.000000,0.000000,0.000000,-0.000000
1263760946,1763340323647017187,0.000000000,0.000000000,1,224423.881346,329745,33554432,0.000,1.402978,0.018637,-1.019545,0.000000,0.000000,0.000000,0.000000,0.000000,-0.000000
1271558473,1763340323654814826,0.000000000,0.000000000,1,224423.888346,329745,33554432,0.000,1.402982,0.018639,-1.019544,0.000000,0.000000,0.000000,0.000000,0.000000,-0.000000
1277634043,1763340323660890304,0.000000000,0.000000000,1,224423.895346,329745,33554432,0.000,1.402980,0.018634,-1.019542,0.000000,0.000000,0.000000,0.000000,0.000000,-0.000000
1284673610,1763340323667929778,0.000000000,0.000000000,1,224423.902346,329745,33554432,0.000,1.402982,0.018637,-1.019534,0.000000,0.000000,0.000000,0.000000,0.000000,-0.000000
1291748603,1763340323675004715,0.000000000,0.000000000,1,224423.909346,329745,33554432,0.000,1.402983,0.018633,-1.019532,0.000000,0.000000,0.000000,0.000000,0.000000,-0.000000
1298884133,1763340323682140319,0.000000000,0.000000000,1,224423.916346,329745,33554432,0.000,1.402988,0.018635,-1.019533,0.000000,0.000000,0.000000,0.000000,0.000000,-0.000000
1305684164,1763340323688940443,0.000000000,0.000000000,1,224423.923346,329745,33554432,0.000,1.402996,0.018636,-1.019546,0.000000,0.000000,0.000000,0.000000,0.000000,-0.000000
1312831416,1763340323696087713,0.000000000,0.000000000,1,224423.930346,329745,33554432,0.000,1.402993,0.018642,-1.019546,0.000000,0.000000,0.000000,0.000000,0.000000,-0.000000
1319703002,1763340323702959262,0.000000000,0.000000000,1,224423.937346,329745,33554432,0.000,1.402993,0.018642,-1.019540,0.000000,0.000000,0.000000,0.000000,0.000000,-0.000000
1326771976,1763340323710028199,0.000000000,0.000000000,1,224423.944346,329745,33554432,0.000,1.402984,0.018650,-1.019536,0.000000,0.000000,0.000000,0.000000,0.000000,-0.000000
1333785173,1763340323717041415,0.000000000,0.000000000,1,224423.951346,329745,33554432,0.000,1.402991,0.018659,-1.019534,0.000000,0.000000,0.000000,0.000000,0.000000,-0.000000
1340784666,1763340323724040945,0.000000000,0.000000000,1,224423.958346,329745,33554432,0.000,1.402989,0.018660,-1.019523,0.000000,0.000000,0.000000,0.000000,0.000000,-0.000000
1347769659,1763340323731025938,0.000000000,0.000000000,1,224423.965346,329745,33554432,0.000,1.402987,0.018660,-1.019533,0.000000,0.000000,0.000000,0.000000,0.000000,-0.000000
1354755430,1763340323738011653,0.000000000,0.000000000,1,224423.972346,329745,33554432,0.000,1.402994,0.018661,-1.019524,0.000000,0.000000,0.000000,0.000000,0.000000,-0.000000
1361759904,1763340323745016183,0.000000000,0.000000000,1,224423.979346,329745,33554432,0.000,1.402996,0.018658,-1.019526,0.000000,0.000000,0.000000,0.000000,0.000000,-0.000000
1368777786,1763340323752034065,0.000000000,0.000000000,1,224423.986346,329745,33554432,0.000,1.402984,0.018669,-1.019519,0.000000,0.000000,0.000000,0.000000,0.000000,-0.000000
1375741002,1763340323758997281,0.000000000,0.000000000,1,224423.993346,329745,33554432,0.000,1.402981,0.018664,-1.019517,0.000000,0.000000,0.000000,0.000000,0.000000,-0.000000
1382671514,1763340323765927774,0.000000000,0.000000000,1,224424.000346,329745,33554432,0.000,1.402992,0.018681,-1.019510,0.000000,0.000000,0.000000,0.000000,0.000000,-0.000000
1389699025,1763340323772955267,0.000000000,0.000000000,1,224424.007346,329745,33554432,0.000,1.402992,0.018686,-1.019512,0.000000,0.000000,0.000000,0.000000,0.000000,-0.000000
1396683722,1763340323779940001,0.000000000,0.000000000,1,224424.014346,329745,33554432,0.000,1.402989,0.018676,-1.019514,0.000000,0.000000,0.000000,0.000000,0.000000,-0.000000
1403664845,1763340323786920957,0.000000000,0.000000000,1,224424.021346,329745,33554432,0.000,1.402994,0.018672,-1.019512,0.000000,0.000000,0.000000,0.000000,0.000000,-0.000000
1410758875,1763340323794015116,0.000000000,0.000000000,1,224424.028346,329745,33554432,0.000,1.402994,0.018671,-1.019518,0.000000,0.000000,0.000000,0.000000,0.000000,-0.000000
1417760497,1763340323801016739,0.000000000,0.000000000,1,224424.035346,329745,33554432,0.000,1.402991,0.018679,-1.019522,0.000000,0.000000,0.000000,0.000000,0.000000,-0.000000
1424754935,1763340323808011195,0.000000000,0.000000000,1,224424.042346,329745,33554432,0.000,1.402983,0.018687,-1.019522,0.000000,0.000000,0.000000,0.000000,0.000000,-0.000000
1431655484,1763340323814911781,0.000000000,0.000000000,1,224424.049346,329745,33554432,0.000,1.402979,0.018687,-1.019523,0.000000,0.000000,0.000000,0.000000,0.000000,-0.000000
1438640866,1763340323821897126,0.000000000,0.000000000,1,224424.056346,329745,33554432,0.000,1.402989,0.018693,-1.019529,0.000000,0.000000,0.000000,0.000000,0.000000,-0.000000
1445626192,1763340323828882490,0.000000000,0.000000000,1,224424.063346,329745,33554432,0.000,1.402981,0.018698,-1.019529,0.000000,0.000000,0.000000,0.000000,0.000000,-0.000000
1452791166,1763340323836047445,0.000000000,0.000000000,1,224424.070346,329745,33554432,0.000,1.402971,0.018704,-1.019534,0.000000,0.000000,0.000000,0.000000,0.000000,-0.000000
1459640530,1763340323842896772,0.000000000,0.000000000,1,224424.077346,329745,33554432,0.000,1.402977,0.018710,-1.019529,0.000000,0.000000,0.000000,0.000000,0.000000,-0.000000
1466633801,1763340323849890080,0.000000000,0.000000000,1,224424.084346,329745,33554432,0.000,1.402975,0.018718,-1.019522,0.000000,0.000000,0.000000,0.000000,0.000000,-0.000000
1473775572,1763340323857031813,0.000000000,0.000000000,1,224424.091346,329745,33554432,0.000,1.402973,0.018710,-1.019514,0.000000,0.000000,0.000000,0.000000,0.000000,-0.000000
1480766639,1763340323864022918,0.000000000,0.000000000,1,224424.098346,329745,33554432,0.000,1.402970,0.018715,-1.019519,0.000000,0.000000,0.000000,0.000000,0.000000,-0.000000
1487770947,1763340323871027077,0.000000000,0.000000000,1,224424.105346,329745,33554432,0.000,1.402970,0.018710,-1.019524,0.000000,0.000000,0.000000,0.000000,0.000000,-0.000000
1494666329,1763340323877922589,0.000000000,0.000000000,1,224424.112346,329745,33554432,0.000,1.402970,0.018715,-1.019521,0.000000,0.000000,0.000000,0.000000,0.000000,-0.000000
1501654174,1763340323884910453,0.000000000,0.000000000,1,224424.119346,329745,33554432,0.000,1.402974,0.018719,-1.019522,0.000000,0.000000,0.000000,0.000000,0.000000,-0.000000
1508622704,1763340323891878983,0.000000000,0.000000000,1,224424.126346,329745,33554432,0.000,1.402975,0.018721,-1.019511,0.000000,0.000000,0.000000,0.000000,0.000000,-0.000000
1515762363,1763340323899018642,0.000000000,0.000000000,1,224424.133346,329745,33554432,0.000,1.402983,0.018719,-1.019508,0.000000,0.000000,0.000000,0.000000,0.000000,-0.000000
1522725431,1763340323905981728,0.000000000,0.000000000,1,224424.140346,329745,33554432,0.000,1.402986,0.018727,-1.019499,0.000000,0.000000,0.000000,0.000000,0.000000,-0.000000
1529768127,1763340323913024425,0.000000000,0.000000000,1,224424.147346,329745,33554432,0.000,1.402994,0.018718,-1.019501,0.000000,0.000000,0.000000,0.000000,0.000000,-0.000000
1536727935,1763340323919984233,0.000000000,0.000000000,1,224424.154346,329745,33554432,0.000,1.402995,0.018708,-1.019501,0.000000,0.000000,0.000000,0.000000,0.000000,-0.000000
1543690447,1763340323926946726,0.000000000,0.000000000,1,224424.161346,329745,33554432,0.000,1.402996,0.018707,-1.019501,0.000000,0.000000,0.000000,0.000000,0.000000,-0.000000
1550690292,1763340323933946552,0.000000000,0.000000000,1,224424.168346,329745,33554432,0.000,1.402999,0.018703,-1.019500,0.000000,0.000000,0.000000,0.000000,0.000000,-0.000000
1557670896,1763340323940927175,0.000000000,0.000000000,1,224424.175346,329745,33554432,0.000,1.402995,0.018701,-1.019502,0.000000,0.000000,0.000000,0.000000,0.000000,-0.000000
1564695575,1763340323947951835,0.000000000,0.000000000,1,224424.182346,329745,33554432,0.000,1.403015,0.018703,-1.019483,0.000000,0.000000,0.000000,0.000000,0.000000,-0.000000
1571661568,1763340323954917847,0.000000000,0.000000000,1,224424.189346,329745,33554432,0.000,1.403020,0.018706,-1.019486,0.000000,0.000000,0.000000,0.000000,0.000000,-0.000000
1578640913,1763340323961897210,0.000000000,0.000000000,1,224424.196346,329745,33554432,0.000,1.403009,0.018689,-1.019487,0.000000,0.000000,0.000000,0.000000,0.000000,-0.000000
1585622591,1763340323968878870,0.000000000,0.000000000,1,224424.203346,329745,33554432,0.000,1.403005,0.018696,-1.019492,0.000000,0.000000,0.000000,0.000000,0.000000,-0.000000
1592773547,1763340323976029825,0.000000000,0.000000000,1,224424.210346,329745,33554432,0.000,1.403004,0.018707,-1.019493,0.000000,0.000000,0.000000,0.000000,0.000000,-0.000000
1599766780,1763340323983023041,0.000000000,0.000000000,1,224424.217346,329745,33554432,0.000,1.403007,0.018707,-1.019491,0.000000,0.000000,0.000000,0.000000,0.000000,-0.000000
1606747051,1763340323990003349,0.000000000,0.000000000,1,224424.224346,329745,33554432,0.000,1.403009,0.018699,-1.019485,0.000000,0.000000,0.000000,0.000000,0.000000,-0.000000
1613680508,1763340323996936620,0.000000000,0.000000000,1,224424.231346,329745,33554432,0.000,1.403017,0.018709,-1.019479,0.000000,0.000000,0.000000,0.000000,0.000000,-0.000000
1620653334,1763340324003909613,0.000000000,0.000000000,1,224424.238346,329745,33554432,0.000,1.403026,0.018703,-1.019473,0.000000,0.000000,0.000000,0.000000,0.000000,-0.000000
1627664383,1763340324010920625,0.000000000,0.000000000,1,224424.245346,329745,33554432,0.000,1.403024,0.018702,-1.019470,0.000000,0.000000,0.000000,0.000000,0.000000,-0.000000
1634639172,1763340324017895414,0.000000000,0.000000000,1,224424.252346,329745,33554432,0.000,1.403029,0.018697,-1.019465,0.000000,0.000000,0.000000,0.000000,0.000000,-0.000000
1641630221,1763340324024886500,0.000000000,0.000000000,1,224424.259346,329745,33554432,0.000,1.403026,0.018701,-1.019469,0.000000,0.000000,0.000000,0.000000,0.000000,-0.000000
1648765973,1763340324032022252,0.000000000,0.000000000,1,224424.266346,329745,33554432,0.000,1.403026,0.018694,-1.019471,0.000000,0.000000,0.000000,0.000000,0.000000,-0.000000
1655764299,1763340324039020578,0.000000000,0.000000000,1,224424.273346,329745,33554432,0.000,1.403028,0.018697,-1.019466,0.000000,0.000000,0.000000,0.000000,0.000000,-0.000000
1662726237,1763340324045982516,0.000000000,0.000000000,1,224424.280346,329745,33554432,0.000,1.403044,0.018695,-1.019467,0.000000,0.000000,0.000000,0.000000,0.000000,-0.000000
1669631341,1763340324052887620,0.000000000,0.000000000,1,224424.287346,329745,33554432,0.000,1.403053,0.018701,-1.019469,0.000000,0.000000,0.000000,0.000000,0.000000,-0.000000
1676744371,1763340324060000650,0.000000000,0.000000000,1,224424.294346,329745,33554432,0.000,1.403050,0.018700,-1.019471,0.000000,0.000000,0.000000,0.000000,0.000000,-0.000000
1683724698,1763340324066980976,0.000000000,0.000000000,1,224424.301346,329745,33554432,0.000,1.403045,0.018703,-1.019468,0.000000,0.000000,0.000000,0.000000,0.000000,-0.000000
1690720894,1763340324073977136,0.000000000,0.000000000,1,224424.308346,329745,33554432,0.000,1.403050,0.018703,-1.019456,0.000000,0.000000,0.000000,0.000000,0.000000,-0.000000
1697691202,1763340324080947481,0.000000000,0.000000000,1,224424.315346,329745,33554432,0.000,1.403038,0.018710,-1.019453,0.000000,0.000000,0.000000,0.000000,0.000000,-0.000000
1704698455,1763340324087954715,0.000000000,0.000000000,1,224424.322346,329745,33554432,0.000,1.403050,0.018711,-1.019445,0.000000,0.000000,0.000000,0.000000,0.000000,-0.000000
1711691411,1763340324094947671,0.000000000,0.000000000,1,224424.329346,329745,33554432,0.000,1.403050,0.018718,-1.019451,0.000000,0.000000,0.000000,0.000000,0.000000,-0.000000
1718675163,1763340324101931461,0.000000000,0.000000000,1,224424.336346,329745,33554432,0.000,1.403065,0.018710,-1.019453,0.000000,0.000000,0.000000,0.000000,0.000000,-0.000000
1725665138,1763340324108921380,0.000000000,0.000000000,1,224424.343346,329745,33554432,0.000,1.403057,0.018714,-1.019460,0.000000,0.000000,0.000000,0.000000,0.000000,-0.000000
1732707094,1763340324115963373,0.000000000,0.000000000,1,224424.350346,329745,33554432,0.000,1.403059,0.018727,-1.019453,0.000000,0.000000,0.000000,0.000000,0.000000,-0.000000
1739707309,1763340324122963569,0.000000000,0.000000000,1,224424.357346,329745,33554432,0.000,1.403058,0.018721,-1.019448,0.000000,0.000000,0.000000,0.000000,0.000000,-0.000000
1746693413,1763340324129949674,0.000000000,0.000000000,1,224424.364346,329745,33554432,0.000,1.403056,0.018729,-1.019431,0.000000,0.000000,0.000000,0.000000,0.000000,-0.000000
1753657018,1763340324136913296,0.000000000,0.000000000,1,224424.371346,329745,33554432,0.000,1.403066,0.018722,-1.019432,0.000000,0.000000,0.000000,0.000000,0.000000,-0.000000
1760631566,1763340324143887845,0.000000000,0.000000000,1,224424.378346,329745,33554432,0.000,1.403060,0.018724,-1.019437,0.000000,0.000000,0.000000,0.000000,0.000000,-0.000000
1771541508,1763340324154797843,0.000000000,0.000000000,1,224424.385346,329745,33554432,0.000,1.403050,0.018729,-1.019444,0.000000,0.000000,0.000000,0.000000,0.000000,-0.000000
1774683423,1763340324157939646,0.000000000,0.000000000,1,224424.392346,329745,33554432,0.000,1.403060,0.018722,-1.019451,0.000000,0.000000,0.000000,0.000000,0.000000,-0.000000
1781698675,1763340324164954935,0.000000000,0.000000000,1,224424.399346,329745,33554432,0.000,1.403064,0.018724,-1.019450,0.000000,0.000000,0.000000,0.000000,0.000000,-0.000000
1788707927,1763340324171964188,0.000000000,0.000000000,1,224424.406346,329745,33554432,0.000,1.403060,0.018717,-1.019443,0.000000,0.000000,0.000000,0.000000,0.000000,-0.000000
1795732994,1763340324178989273,0.000000000,0.000000000,1,224424.413346,329745,33554432,0.000,1.403055,0.018720,-1.019428,0.000000,0.000000,0.000000,0.000000,0.000000,-0.000000
1802736858,1763340324185993026,0.000000000,0.000000000,1,224424.420346,329745,33554432,0.000,1.403063,0.018716,-1.019410,0.000000,0.000000,0.000000,0.000000,0.000000,-0.000000
1809661555,1763340324192917723,0.000000000,0.000000000,1,224424.427346,329745,33554432,0.000,1.403074,0.018708,-1.019413,0.000000,0.000000,0.000000,0.000000,0.000000,-0.000000
1816653104,1763340324199909364,0.000000000,0.000000000,1,224424.434346,329745,33554432,0.000,1.403073,0.018702,-1.019421,0.000000,0.000000,0.000000,0.000000,0.000000,-0.000000
1823644671,1763340324206900838,0.000000000,0.000000000,1,224424.441346,329745,33554432,0.000,1.403076,0.018707,-1.019410,0.000000,0.000000,0.000000,0.000000,0.000000,-0.000000
1830725941,1763340324213982183,0.000000000,0.000000000,1,224424.448346,329745,33554432,0.000,1.403087,0.018717,-1.019415,0.000000,0.000000,0.000000,0.000000,0.000000,-0.000000
1837715212,1763340324220971491,0.000000000,0.000000000,1,224424.455346,329745,33554432,0.000,1.403082,0.018711,-1.019415,0.000000,0.000000,0.000000,0.000000,0.000000,-0.000000
1844748187,1763340324228004428,0.000000000,0.000000000,1,224424.462346,329745,33554432,0.000,1.403079,0.018714,-1.019402,0.000000,0.000000,0.000000,0.000000,0.000000,-0.000000
1851726569,1763340324234982848,0.000000000,0.000000000,1,224424.469346,329745,33554432,0.000,1.403076,0.018714,-1.019410,0.000000,0.000000,0.000000,0.000000,0.000000,-0.000000
1858696580,1763340324241952859,0.000000000,0.000000000,1,224424.476346,329745,33554432,0.000,1.403074,0.018709,-1.019408,0.000000,0.000000,0.000000,0.000000,0.000000,-0.000000
1865739703,1763340324248995945,0.000000000,0.000000000,1,224424.483346,329745,33554432,0.000,1.403076,0.018706,-1.019406,0.000000,0.000000,0.000000,0.000000,0.000000,-0.000000
1872709104,1763340324255965382,0.000000000,0.000000000,1,224424.490346,329745,33554432,0.000,1.403073,0.018702,-1.019412,0.000000,0.000000,0.000000,0.000000,0.000000,-0.000000
1879692449,1763340324262948709,0.000000000,0.000000000,1,224424.497346,329745,33554432,0.000,1.403076,0.018709,-1.019415,0.000000,0.000000,0.000000,0.000000,0.000000,-0.000000
1886659571,1763340324269915869,0.000000000,0.000000000,1,224424.504346,329745,33554432,0.000,1.403085,0.018718,-1.019413,0.000000,0.000000,0.000000,0.000000,0.000000,-0.000000
1893647157,1763340324276903455,0.000000000,0.000000000,1,224424.511346,329745,33554432,0.000,1.403081,0.018722,-1.019413,0.000000,0.000000,0.000000,0.000000,0.000000,-0.000000
1900631984,1763340324283888262,0.000000000,0.000000000,1,224424.518346,329745,33554432,0.000,1.403071,0.018725,-1.019412,0.000000,0.000000,0.000000,0.000000,0.000000,-0.000000
1907765791,1763340324291022051,0.000000000,0.000000000,1,224424.525346,329745,33554432,0.000,1.403068,0.018726,-1.019408,0.000000,0.000000,0.000000,0.000000,0.000000,-0.000000
1914767192,1763340324298023433,0.000000000,0.000000000,1,224424.532346,329745,33554432,0.000,1.403069,0.018725,-1.019406,0.000000,0.000000,0.000000,0.000000,0.000000,-0.000000
1921757203,1763340324305013482,0.000000000,0.000000000,1,224424.539346,329745,33554432,0.000,1.403061,0.018725,-1.019408,0.000000,0.000000,0.000000,0.000000,0.000000,-0.000000
1928639104,1763340324311895401,0.000000000,0.000000000,1,224424.546346,329745,33554432,0.000,1.403054,0.018722,-1.019404,0.000000,0.000000,0.000000,0.000000,0.000000,-0.000000
1935757782,1763340324319014061,0.000000000,0.000000000,1,224424.553346,329745,33554432,0.000,1.403061,0.018728,-1.019410,0.000000,0.000000,0.000000,0.000000,0.000000,-0.000000
1942717294,1763340324325973573,0.000000000,0.000000000,1,224424.560346,329745,33554432,0.000,1.403069,0.018727,-1.019406,0.000000,0.000000,0.000000,0.000000,0.000000,-0.000000
1949723139,1763340324332979417,0.000000000,0.000000000,1,224424.567346,329745,33554432,0.000,1.403071,0.018734,-1.019408,0.000000,0.000000,0.000000,0.000000,0.000000,-0.000000
1956721280,1763340324339977559,0.000000000,0.000000000,1,224424.574346,329745,33554432,0.000,1.403068,0.018733,-1.019409,0.000000,0.000000,0.000000,0.000000,0.000000,-0.000000
1963721791,1763340324346978015,0.000000000,0.000000000,1,224424.581346,329745,33554432,0.000,1.403075,0.018736,-1.019405,0.000000,0.000000,0.000000,0.000000,0.000000,-0.000000
1970694174,1763340324353950434,0.000000000,0.000000000,1,224424.588346,329745,33554432,0.000,1.403059,0.018742,-1.019396,0.000000,0.000000,0.000000,0.000000,0.000000,-0.000000
1977669778,1763340324360926057,0.000000000,0.000000000,1,224424.595346,329745,33554432,0.000,1.403054,0.018739,-1.019398,0.000000,0.000000,0.000000,0.000000,0.000000,-0.000000
1984689141,1763340324367945402,0.000000000,0.000000000,1,224424.602346,329745,33554432,0.000,1.403054,0.018734,-1.019392,0.000000,0.000000,0.000000,0.000000,0.000000,-0.000000
1991704819,1763340324374961098,0.000000000,0.000000000,1,224424.609346,329745,33554432,0.000,1.403053,0.018743,-1.019388,0.000000,0.000000,0.000000,0.000000,0.000000,-0.000000
1998671813,1763340324381928110,0.000000000,0.000000000,1,224424.616346,329745,33554432,0.000,1.403053,0.018738,-1.019402,0.000000,0.000000,0.000000,0.000000,0.000000,-0.000000
2005805324,1763340324389061584,0.000000000,0.000000000,1,224424.623346,329745,33554432,0.000,1.403055,0.018739,-1.019405,0.000000,0.000000,0.000000,0.000000,0.000000,-0.000000
2012790891,1763340324396047188,0.000000000,0.000000000,1,224424.630346,329745,33554432,0.000,1.403044,0.018742,-1.019402,0.000000,0.000000,0.000000,0.000000,0.000000,-0.000000
2019649144,1763340324402905404,0.000000000,0.000000000,1,224424.637346,329745,33554432,0.000,1.403044,0.018741,-1.019400,0.000000,0.000000,0.000000,0.000000,0.000000,-0.000000
2026662248,1763340324409918471,0.000000000,0.000000000,1,224424.644346,329745,33554432,0.000,1.403042,0.018740,-1.019396,0.000000,0.000000,0.000000,0.000000,0.000000,-0.000000
2033652778,1763340324416909075,0.000000000,0.000000000,1,224424.651346,329745,33554432,0.000,1.403039,0.018740,-1.019403,0.000000,0.000000,0.000000,0.000000,0.000000,-0.000000
2040630679,1763340324423886958,0.000000000,0.000000000,1,224424.658346,329745,33554432,0.000,1.403044,0.018732,-1.019399,0.000000,0.000000,0.000000,0.000000,0.000000,-0.000000
2047762375,1763340324431018635,0.000000000,0.000000000,1,224424.665346,329745,33554432,0.000,1.403044,0.018735,-1.019397,0.000000,0.000000,0.000000,0.000000,0.000000,-0.000000
2054773368,1763340324438029628,0.000000000,0.000000000,1,224424.672346,329745,33554432,0.000,1.403048,0.018736,-1.019402,0.000000,0.000000,0.000000,0.000000,0.000000,-0.000000
2061768509,1763340324445024788,0.000000000,0.000000000,1,224424.679346,329745,33554432,0.000,1.403044,0.018743,-1.019403,0.000000,0.000000,0.000000,0.000000,0.000000,-0.000000
2068636040,1763340324451892337,0.000000000,0.000000000,1,224424.686346,329745,33554432,0.000,1.403042,0.018748,-1.019400,0.000000,0.000000,0.000000,0.000000,0.000000,-0.000000
2075754792,1763340324459011071,0.000000000,0.000000000,1,224424.693346,329745,33554432,0.000,1.403041,0.018750,-1.019410,0.000000,0.000000,0.000000,0.000000,0.000000,-0.000000
2082715933,1763340324465972212,0.000000000,0.000000000,1,224424.700346,329745,33554432,0.000,1.403040,0.018755,-1.019404,0.000000,0.000000,0.000000,0.000000,0.000000,-0.000000
2089733074,1763340324472989316,0.000000000,0.000000000,1,224424.707346,329745,33554432,0.000,1.403031,0.018749,-1.019408,0.000000,0.000000,0.000000,0.000000,0.000000,-0.000000
2096698068,1763340324479954365,0.000000000,0.000000000,1,224424.714346,329745,33554432,0.000,1.403039,0.018757,-1.019413,0.000000,0.000000,0.000000,0.000000,0.000000,-0.000000
2103695487,1763340324486951784,0.000000000,0.000000000,1,224424.721346,329745,33554432,0.000,1.403041,0.018757,-1.019425,0.000000,0.000000,0.000000,0.000000,0.000000,-0.000000
2110675146,1763340324493931407,0.000000000,0.000000000,1,224424.728346,329745,33554432,0.000,1.403027,0.018755,-1.019426,0.000000,0.000000,0.000000,0.000000,0.000000,-0.000000
2117669954,1763340324500926233,0.000000000,0.000000000,1,224424.735346,329745,33554432,0.000,1.403031,0.018756,-1.019435,0.000000,0.000000,0.000000,0.000000,0.000000,-0.000000
2124662892,1763340324507919171,0.000000000,0.000000000,1,224424.742346,329745,33554432,0.000,1.403045,0.018757,-1.019436,0.000000,0.000000,0.000000,0.000000,0.000000,-0.000000
2131682848,1763340324514939127,0.000000000,0.000000000,1,224424.749346,329745,33554432,0.000,1.403049,0.018757,-1.019434,0.000000,0.000000,0.000000,0.000000,0.000000,-0.000000
2138648211,1763340324521904509,0.000000000,0.000000000,1,224424.756346,329745,33554432,0.000,1.403048,0.018745,-1.019425,0.000000,0.000000,0.000000,0.000000,0.000000,-0.000000
2145723908,1763340324528980168,0.000000000,0.000000000,1,224424.763346,329745,33554432,0.000,1.403042,0.018742,-1.019428,0.000000,0.000000,0.000000,0.000000,0.000000,-0.000000
2152691975,1763340324535948143,0.000000000,0.000000000,1,224424.770346,329745,33554432,0.000,1.403042,0.018750,-1.019422,0.000000,0.000000,0.000000,0.000000,0.000000,-0.000000
2159707413,1763340324542963673,0.000000000,0.000000000,1,224424.777346,329745,33554432,0.000,1.403036,0.018759,-1.019413,0.000000,0.000000,0.000000,0.000000,0.000000,-0.000000
2166710721,1763340324549966999,0.000000000,0.000000000,1,224424.784346,329745,33554432,0.000,1.403044,0.018764,-1.019399,0.000000,0.000000,0.000000,0.000000,0.000000,-0.000000
2173688343,1763340324556944622,0.000000000,0.000000000,1,224424.791346,329745,33554432,0.000,1.403039,0.018767,-1.019390,0.000000,0.000000,0.000000,0.000000,0.000000,-0.000000
2180655892,1763340324563912171,0.000000000,0.000000000,1,224424.798346,329745,33554432,0.000,1.403031,0.018769,-1.019385,0.000000,0.000000,0.000000,0.000000,0.000000,-0.000000
2187634311,1763340324570890572,0.000000000,0.000000000,1,224424.805346,329745,33554432,0.000,1.403035,0.018771,-1.019377,0.000000,0.000000,0.000000,0.000000,0.000000,-0.000000
2194689730,1763340324577945972,0.000000000,0.000000000,1,224424.812346,329745,33554432,0.000,1.403022,0.018772,-1.019374,0.000000,0.000000,0.000000,0.000000,0.000000,-0.000000
2201657094,1763340324584913372,0.000000000,0.000000000,1,224424.819346,329745,33554432,0.000,1.403022,0.018772,-1.019383,0.000000,0.000000,0.000000,0.000000,0.000000,-0.000000
2208644087,1763340324591900347,0.000000000,0.000000000,1,224424.826346,329745,33554432,0.000,1.403022,0.018767,-1.019374,0.000000,0.000000,0.000000,0.000000,0.000000,-0.000000
2215768172,1763340324599024451,0.000000000,0.000000000,1,224424.833346,329745,33554432,0.000,1.403018,0.018779,-1.019369,0.000000,0.000000,0.000000,0.000000,0.000000,-0.000000
2222729554,1763340324605985814,0.000000000,0.000000000,1,224424.840346,329745,33554432,0.000,1.403017,0.018783,-1.019367,0.000000,0.000000,0.000000,0.000000,0.000000,-0.000000
2229634585,1763340324612890863,0.000000000,0.000000000,1,224424.847346,329745,33554432,0.000,1.403013,0.018784,-1.019369,0.000000,0.000000,0.000000,0.000000,0.000000,-0.000000
2236761818,1763340324620018115,0.000000000,0.000000000,1,224424.854346,329745,33554432,0.000,1.403020,0.018785,-1.019369,0.000000,0.000000,0.000000,0.000000,0.000000,-0.000000
2243755607,1763340324627011886,0.000000000,0.000000000,1,224424.861346,329745,33554432,0.000,1.403012,0.018778,-1.019366,0.000000,0.000000,0.000000,0.000000,0.000000,-0.000000
2250741508,1763340324633997768,0.000000000,0.000000000,1,224424.868346,329745,33554432,0.000,1.403022,0.018778,-1.019364,0.000000,0.000000,0.000000,0.000000,0.000000,-0.000000
2257712427,1763340324640968706,0.000000000,0.000000000,1,224424.875346,329745,33554432,0.000,1.403019,0.018775,-1.019367,0.000000,0.000000,0.000000,0.000000,0.000000,-0.000000
2267101597,1763340324650357950,0.000000000,0.000000000,1,224424.882346,329745,33554432,0.000,1.403025,0.018763,-1.019361,0.000000,0.000000,0.000000,0.000000,0.000000,-0.000000
2271720839,1763340324654977099,0.000000000,0.000000000,1,224424.889346,329745,33554432,0.000,1.403019,0.018766,-1.019359,0.000000,0.000000,0.000000,0.000000,0.000000,-0.000000
2278743406,1763340324661999648,0.000000000,0.000000000,1,224424.896346,329745,33554432,0.000,1.403011,0.018766,-1.019343,0.000000,0.000000,0.000000,0.000000,0.000000,-0.000000
2285723140,1763340324668979382,0.000000000,0.000000000,1,224424.903346,329745,33554432,0.000,1.403008,0.018774,-1.019339,0.000000,0.000000,0.000000,0.000000,0.000000,-0.000000
2292733541,1763340324675989801,0.000000000,0.000000000,1,224424.910346,329745,33554432,0.000,1.403007,0.018768,-1.019345,0.000000,0.000000,0.000000,0.000000,0.000000,-0.000000
2299802885,1763340324683059164,0.000000000,0.000000000,1,224424.917346,329745,33554432,0.000,1.403009,0.018772,-1.019348,0.000000,0.000000,0.000000,0.000000,0.000000,-0.000000
2306708453,1763340324689964732,0.000000000,0.000000000,1,224424.924346,329745,33554432,0.000,1.403011,0.018762,-1.019327,0.000000,0.000000,0.000000,0.000000,0.000000,-0.000000
2313678835,1763340324696935114,0.000000000,0.000000000,1,224424.931346,329745,33554432,0.000,1.403005,0.018762,-1.019328,0.000000,0.000000,0.000000,0.000000,0.000000,-0.000000
2320655032,1763340324703911329,0.000000000,0.000000000,1,224424.938346,329745,33554432,0.000,1.403009,0.018759,-1.019328,0.000000,0.000000,0.000000,0.000000,0.000000,-0.000000
2327761673,1763340324711017951,0.000000000,0.000000000,1,224424.945346,329745,33554432,0.000,1.403009,0.018761,-1.019331,0.000000,0.000000,0.000000,0.000000,0.000000,-0.000000
2334780703,1763340324718036926,0.000000000,0.000000000,1,224424.952346,329745,33554432,0.000,1.403011,0.018764,-1.019334,0.000000,0.000000,0.000000,0.000000,0.000000,-0.000000
2341762788,1763340324725019049,0.000000000,0.000000000,1,224424.959346,329745,33554432,0.000,1.403005,0.018764,-1.019334,0.000000,0.000000,0.000000,0.000000,0.000000,-0.000000
2348742930,1763340324731999208,0.000000000,0.000000000,1,224424.966346,329745,33554432,0.000,1.403008,0.018747,-1.019330,0.000000,0.000000,0.000000,0.000000,0.000000,-0.000000
2355719626,1763340324738975905,0.000000000,0.000000000,1,224424.973346,329745,33554432,0.000,1.403008,0.018746,-1.019325,0.000000,0.000000,0.000000,0.000000,0.000000,-0.000000
2362681286,1763340324745937565,0.000000000,0.000000000,1,224424.980346,329745,33554432,0.000,1.403003,0.018743,-1.019323,0.000000,0.000000,0.000000,0.000000,0.000000,-0.000000
2369706428,1763340324752962706,0.000000000,0.000000000,1,224424.987346,329745,33554432,0.000,1.402992,0.018748,-1.019319,0.000000,0.000000,0.000000,0.000000,0.000000,-0.000000
2376677810,1763340324759934088,0.000000000,0.000000000,1,224424.994346,329745,33554432,0.000,1.402997,0.018749,-1.019316,0.000000,0.000000,0.000000,0.000000,0.000000,-0.000000
2383645562,1763340324766901822,0.000000000,0.000000000,1,224425.001346,329745,33554432,0.000,1.402997,0.018745,-1.019321,0.000000,0.000000,0.000000,0.000000,0.000000,-0.000000
2390645240,1763340324773901501,0.000000000,0.000000000,1,224425.008346,329745,33554432,0.000,1.403000,0.018741,-1.019327,0.000000,0.000000,0.000000,0.000000,0.000000,-0.000000
2397758548,1763340324781014790,0.000000000,0.000000000,1,224425.015346,329745,33554432,0.000,1.402997,0.018738,-1.019331,0.000000,0.000000,0.000000,0.000000,0.000000,-0.000000
2404761504,1763340324788017709,0.000000000,0.000000000,1,224425.022346,329745,33554432,0.000,1.403005,0.018747,-1.019310,0.000000,0.000000,0.000000,0.000000,0.000000,-0.000000
2411736238,1763340324794992517,0.000000000,0.000000000,1,224425.029346,329745,33554432,0.000,1.403007,0.018752,-1.019319,0.000000,0.000000,0.000000,0.000000,0.000000,-0.000000
2418705009,1763340324801961288,0.000000000,0.000000000,1,224425.036346,329745,33554432,0.000,1.403008,0.018749,-1.019316,0.000000,0.000000,0.000000,0.000000,0.000000,-0.000000
2425673224,1763340324808929485,0.000000000,0.000000000,1,224425.043346,329745,33554432,0.000,1.403008,0.018750,-1.019312,0.000000,0.000000,0.000000,0.000000,0.000000,-0.000000
2432696236,1763340324815952533,0.000000000,0.000000000,1,224425.050346,329745,33554432,0.000,1.403008,0.018754,-1.019320,0.000000,0.000000,0.000000,0.000000,0.000000,-0.000000
2439713636,1763340324822969896,0.000000000,0.000000000,1,224425.057346,329745,33554432,0.000,1.403011,0.018756,-1.019321,0.000000,0.000000,0.000000,0.000000,0.000000,-0.000000
2446692740,1763340324829949019,0.000000000,0.000000000,1,224425.064346,329745,33554432,0.000,1.403014,0.018753,-1.019324,0.000000,0.000000,0.000000,0.000000,0.000000,-0.000000
2453655919,1763340324836912198,0.000000000,0.000000000,1,224425.071346,329745,33554432,0.000,1.403007,0.018754,-1.019314,0.000000,0.000000,0.000000,0.000000,0.000000,-0.000000
2460645208,1763340324843901487,0.000000000,0.000000000,1,224425.078346,329745,33554432,0.000,1.403012,0.018759,-1.019299,0.000000,0.000000,0.000000,0.000000,0.000000,-0.000000
2467805997,1763340324851062294,0.000000000,0.000000000,1,224425.085346,329745,33554432,0.000,1.403011,0.018765,-1.019299,0.000000,0.000000,0.000000,0.000000,0.000000,-0.000000
2474770675,1763340324858026899,0.000000000,0.000000000,1,224425.092346,329745,33554432,0.000,1.403024,0.018771,-1.019280,0.000000,0.000000,0.000000,0.000000,0.000000,-0.000000
2481764687,1763340324865020966,0.000000000,0.000000000,1,224425.099346,329745,33554432,0.000,1.403027,0.018774,-1.019282,0.000000,0.000000,0.000000,0.000000,0.000000,-0.000000
2488764662,1763340324872020940,0.000000000,0.000000000,1,224425.106346,329745,33554432,0.000,1.403030,0.018768,-1.019267,0.000000,0.000000,0.000000,0.000000,0.000000,-0.000000
2495639785,1763340324878896045,0.000000000,0.000000000,1,224425.113346,329745,33554432,0.000,1.403031,0.018774,-1.019273,0.000000,0.000000,0.000000,0.000000,0.000000,-0.000000
2502765074,1763340324886021353,0.000000000,0.000000000,1,224425.120346,329745,33554432,0.000,1.403045,0.018771,-1.019268,0.000000,0.000000,0.000000,0.000000,0.000000,-0.000000
2509755326,1763340324893011586,0.000000000,0.000000000,1,224425.127346,329745,33554432,0.000,1.403039,0.018772,-1.019267,0.000000,0.000000,0.000000,0.000000,0.000000,-0.000000
2516729004,1763340324899985283,0.000000000,0.000000000,1,224425.134346,329745,33554432,0.000,1.403047,0.018772,-1.019263,0.000000,0.000000,0.000000,0.000000,0.000000,-0.000000
2523689257,1763340324906945517,0.000000000,0.000000000,1,224425.141346,329745,33554432,0.000,1.403047,0.018774,-1.019262,0.000000,0.000000,0.000000,0.000000,0.000000,-0.000000
2530701102,1763340324913957381,0.000000000,0.000000000,1,224425.148346,329745,33554432,0.000,1.403046,0.018769,-1.019266,0.000000,0.000000,0.000000,0.000000,0.000000,-0.000000
2537670188,1763340324920926467,0.000000000,0.000000000,1,224425.155346,329745,33554432,0.000,1.403040,0.018779,-1.019274,0.000000,0.000000,0.000000,0.000000,0.000000,-0.000000
2544668384,1763340324927924663,0.000000000,0.000000000,1,224425.162346,329745,33554432,0.000,1.403042,0.018782,-1.019283,0.000000,0.000000,0.000000,0.000000,0.000000,-0.000000
2551804099,1763340324935060360,0.000000000,0.000000000,1,224425.169346,329745,33554432,0.000,1.403039,0.018783,-1.019284,0.000000,0.000000,0.000000,0.000000,0.000000,-0.000000
2558645074,1763340324941901372,0.000000000,0.000000000,1,224425.176346,329745,33554432,0.000,1.403047,0.018790,-1.019286,0.000000,0.000000,0.000000,0.000000,0.000000,-0.000000
2565690215,1763340324948946476,0.000000000,0.000000000,1,224425.183346,329745,33554432,0.000,1.403043,0.018793,-1.019288,0.000000,0.000000,0.000000,0.000000,0.000000,-0.000000
2572821745,1763340324956078024,0.000000000,0.000000000,1,224425.190346,329745,33554432,0.000,1.403048,0.018795,-1.019291,0.000000,0.000000,0.000000,0.000000,0.000000,-0.000000
2579654776,1763340324962911036,0.000000000,0.000000000,1,224425.197346,329745,33554432,0.000,1.403054,0.018790,-1.019290,0.000000,0.000000,0.000000,0.000000,0.000000,-0.000000
2586631862,1763340324969888140,0.000000000,0.000000000,1,224425.204346,329745,33554432,0.000,1.403055,0.018790,-1.019286,0.000000,0.000000,0.000000,0.000000,0.000000,-0.000000
2593788428,1763340324977044689,0.000000000,0.000000000,1,224425.211346,329745,33554432,0.000,1.403054,0.018785,-1.019288,0.000000,0.000000,0.000000,0.000000,0.000000,-0.000000
2600762236,1763340324984018515,0.000000000,0.000000000,1,224425.218346,329745,33554432,0.000,1.403051,0.018785,-1.019274,0.000000,0.000000,0.000000,0.000000,0.000000,-0.000000
2607739415,1763340324990995712,0.000000000,0.000000000,1,224425.225346,329745,33554432,0.000,1.403052,0.018788,-1.019268,0.000000,0.000000,0.000000,0.000000,0.000000,-0.000000
2614725074,1763340324997981316,0.000000000,0.000000000,1,224425.232346,329745,33554432,0.000,1.403056,0.018788,-1.019258,0.000000,0.000000,0.000000,0.000000,0.000000,-0.000000
2621650234,1763340325004906495,0.000000000,0.000000000,1,224425.239346,329745,33554432,0.000,1.403061,0.018789,-1.019257,0.000000,0.000000,0.000000,0.000000,0.000000,-0.000000
2628676876,1763340325011933154,0.000000000,0.000000000,1,224425.246346,329745,33554432,0.000,1.403058,0.018793,-1.019246,0.000000,0.000000,0.000000,0.000000,0.000000,-0.000000
2635792702,1763340325019048943,0.000000000,0.000000000,1,224425.253346,329745,33554432,0.000,1.403059,0.018796,-1.019251,0.000000,0.000000,0.000000,0.000000,0.000000,-0.000000
2642765658,1763340325026021937,0.000000000,0.000000000,1,224425.260346,329745,33554432,0.000,1.403055,0.018791,-1.019255,0.000000,0.000000,0.000000,0.000000,0.000000,-0.000000
2649759706,1763340325033016004,0.000000000,0.000000000,1,224425.267346,329745,33554432,0.000,1.403058,0.018784,-1.019247,0.000000,0.000000,0.000000,0.000000,0.000000,-0.000000
2656723125,1763340325039979404,0.000000000,0.000000000,1,224425.274346,329745,33554432,0.000,1.403068,0.018777,-1.019241,0.000000,0.000000,0.000000,0.000000,0.000000,-0.000000
2663724415,1763340325046980657,0.000000000,0.000000000,1,224425.281346,329745,33554432,0.000,1.403079,0.018780,-1.019241,0.000000,0.000000,0.000000,0.000000,0.000000,-0.000000
2670702223,1763340325053958483,0.000000000,0.000000000,1,224425.288346,329745,33554432,0.000,1.403080,0.018787,-1.019231,0.000000,0.000000,0.000000,0.000000,0.000000,-0.000000
2677834697,1763340325061090957,0.000000000,0.000000000,1,224425.295346,329745,33554432,0.000,1.403092,0.018784,-1.019229,0.000000,0.000000,0.000000,0.000000,0.000000,-0.000000
2684671450,1763340325067927729,0.000000000,0.000000000,1,224425.302346,329745,33554432,0.000,1.403088,0.018762,-1.019225,0.000000,0.000000,0.000000,0.000000,0.000000,-0.000000
2691671054,1763340325074927333,0.000000000,0.000000000,1,224425.309346,329745,33554432,0.000,1.403086,0.018767,-1.019222,0.000000,0.000000,0.000000,0.000000,0.000000,-0.000000
2698691825,1763340325081948104,0.000000000,0.000000000,1,224425.316346,329745,33554432,0.000,1.403076,0.018767,-1.019218,0.000000,0.000000,0.000000,0.000000,0.000000,-0.000000
2705681133,1763340325088937375,0.000000000,0.000000000,1,224425.323346,329745,33554432,0.000,1.403077,0.018773,-1.019224,0.000000,0.000000,0.000000,0.000000,0.000000,-0.000000
2712831199,1763340325096087441,0.000000000,0.000000000,1,224425.330346,329745,33554432,0.000,1.403081,0.018761,-1.019220,0.000000,0.000000,0.000000,0.000000,0.000000,-0.000000
2719695452,1763340325102951694,0.000000000,0.000000000,1,224425.337346,329745,33554432,0.000,1.403081,0.018759,-1.019216,0.000000,0.000000,0.000000,0.000000,0.000000,-0.000000
2726697001,1763340325109953224,0.000000000,0.000000000,1,224425.344346,329745,33554432,0.000,1.403070,0.018759,-1.019219,0.000000,0.000000,0.000000,0.000000,0.000000,-0.000000
2733679901,1763340325116936199,0.000000000,0.000000000,1,224425.351346,329745,33554432,0.000,1.403075,0.018758,-1.019218,0.000000,0.000000,0.000000,0.000000,0.000000,-0.000000
2740819172,1763340325124075469,0.000000000,0.000000000,1,224425.358346,329745,33554432,0.000,1.403071,0.018771,-1.019211,0.000000,0.000000,0.000000,0.000000,0.000000,-0.000000
2747656221,1763340325130912463,0.000000000,0.000000000,1,224425.365346,329745,33554432,0.000,1.403076,0.018775,-1.019210,0.000000,0.000000,0.000000,0.000000,0.000000,-0.000000
2754788103,1763340325138044326,0.000000000,0.000000000,1,224425.372346,329745,33554432,0.000,1.403084,0.018764,-1.019214,0.000000,0.000000,0.000000,0.000000,0.000000,-0.000000
2761769744,1763340325145026023,0.000000000,0.000000000,1,224425.379346,329745,33554432,0.000,1.403083,0.018763,-1.019220,0.000000,0.000000,0.000000,0.000000,0.000000,-0.000000
2768673459,1763340325151929738,0.000000000,0.000000000,1,224425.386346,329745,33554432,0.000,1.403086,0.018759,-1.019222,0.000000,0.000000,0.000000,0.000000,0.000000,-0.000000
2775699508,1763340325158955768,0.000000000,0.000000000,1,224425.393346,329745,33554432,0.000,1.403089,0.018758,-1.019222,0.000000,0.000000,0.000000,0.000000,0.000000,-0.000000
2782767334,1763340325166023595,0.000000000,0.000000000,1,224425.400346,329745,33554432,0.000,1.403069,0.018754,-1.019220,0.000000,0.000000,0.000000,0.000000,0.000000,-0.000000
2789658717,1763340325172914958,0.000000000,0.000000000,1,224425.407346,329745,33554432,0.000,1.403060,0.018754,-1.019220,0.000000,0.000000,0.000000,0.000000,0.000000,-0.000000
2796742839,1763340325179999118,0.000000000,0.000000000,1,224425.414346,329745,33554432,0.000,1.403052,0.018749,-1.019226,0.000000,0.000000,0.000000,0.000000,0.000000,-0.000000
2803769313,1763340325187025129,0.000000000,0.000000000,1,224425.421346,329745,33554432,0.000,1.403058,0.018752,-1.019222,0.000000,0.000000,0.000000,0.000000,0.000000,-0.000000
2810726862,1763340325193983104,0.000000000,0.000000000,1,224425.428346,329745,33554432,0.000,1.403058,0.018752,-1.019218,0.000000,0.000000,0.000000,0.000000,0.000000,-0.000000
2817693855,1763340325200950134,0.000000000,0.000000000,1,224425.435346,329745,33554432,0.000,1.403058,0.018750,-1.019218,0.000000,0.000000,0.000000,0.000000,0.000000,-0.000000
2824766811,1763340325208023016,0.000000000,0.000000000,1,224425.442346,329745,33554432,0.000,1.403073,0.018732,-1.019210,0.000000,0.000000,0.000000,0.000000,0.000000,-0.000000
2831683619,1763340325214939880,0.000000000,0.000000000,1,224425.449346,329745,33554432,0.000,1.403072,0.018735,-1.019208,0.000000,0.000000,0.000000,0.000000,0.000000,-0.000000
2838647835,1763340325221904132,0.000000000,0.000000000,1,224425.456346,329745,33554432,0.000,1.403079,0.018739,-1.019182,0.000000,0.000000,0.000000,0.000000,0.000000,-0.000000
2845820975,1763340325229077236,0.000000000,0.000000000,1,224425.463346,329745,33554432,0.000,1.403067,0.018743,-1.019181,0.000000,0.000000,0.000000,0.000000,0.000000,-0.000000
2852798302,1763340325236054581,0.000000000,0.000000000,1,224425.470346,329745,33554432,0.000,1.403074,0.018748,-1.019180,0.000000,0.000000,0.000000,0.000000,0.000000,-0.000000
2859639796,1763340325242896037,0.000000000,0.000000000,1,224425.477346,329745,33554432,0.000,1.403072,0.018753,-1.019180,0.000000,0.000000,0.000000,0.000000,0.000000,-0.000000
2866813603,1763340325250069900,0.000000000,0.000000000,1,224425.484346,329745,33554432,0.000,1.403062,0.018746,-1.019168,0.000000,0.000000,0.000000,0.000000,0.000000,-0.000000
2873738781,1763340325256995079,0.000000000,0.000000000,1,224425.491346,329745,33554432,0.000,1.403071,0.018742,-1.019165,0.000000,0.000000,0.000000,0.000000,0.000000,-0.000000
2880648090,1763340325263904369,0.000000000,0.000000000,1,224425.498346,329745,33554432,0.000,1.403070,0.018739,-1.019155,0.000000,0.000000,0.000000,0.000000,0.000000,-0.000000
2887717508,1763340325270973806,0.000000000,0.000000000,1,224425.505346,329745,33554432,0.000,1.403064,0.018747,-1.019154,0.000000,0.000000,0.000000,0.000000,0.000000,-0.000000
2894649372,1763340325277905670,0.000000000,0.000000000,1,224425.512346,329745,33554432,0.000,1.403068,0.018740,-1.019164,0.000000,0.000000,0.000000,0.000000,0.000000,-0.000000
2901723698,1763340325284979977,0.000000000,0.000000000,1,224425.519346,329745,33554432,0.000,1.403067,0.018733,-1.019162,0.000000,0.000000,0.000000,0.000000,0.000000,-0.000000
2908797358,1763340325292053655,0.000000000,0.000000000,1,224425.526346,329745,33554432,0.000,1.403074,0.018738,-1.019150,0.000000,0.000000,0.000000,0.000000,0.000000,-0.000000
2915697999,1763340325298954297,0.000000000,0.000000000,1,224425.533346,329745,33554432,0.000,1.403069,0.018737,-1.019150,0.000000,0.000000,0.000000,0.000000,0.000000,-0.000000
2922756603,1763340325306012901,0.000000000,0.000000000,1,224425.540346,329745,33554432,0.000,1.403078,0.018737,-1.019161,0.000000,0.000000,0.000000,0.000000,0.000000,-0.000000
2929715097,1763340325312971394,0.000000000,0.000000000,1,224425.547346,329745,33554432,0.000,1.403086,0.018743,-1.019167,0.000000,0.000000,0.000000,0.000000,0.000000,-0.000000
2936772441,1763340325320028739,0.000000000,0.000000000,1,224425.554346,329745,33554432,0.000,1.403089,0.018734,-1.019161,0.000000,0.000000,0.000000,0.000000,0.000000,-0.000000
2943684972,1763340325326941251,0.000000000,0.000000000,1,224425.561346,329745,33554432,0.000,1.403087,0.018731,-1.019160,0.000000,0.000000,0.000000,0.000000,0.000000,-0.000000
2950743372,1763340325333999651,0.000000000,0.000000000,1,224425.568346,329745,33554432,0.000,1.403094,0.018736,-1.019162,0.000000,0.000000,0.000000,0.000000,0.000000,-0.000000
2957641366,1763340325340897644,0.000000000,0.000000000,1,224425.575346,329745,33554432,0.000,1.403098,0.018738,-1.019154,0.000000,0.000000,0.000000,0.000000,0.000000,-0.000000
2964725581,1763340325347981878,0.000000000,0.000000000,1,224425.582346,329745,33554432,0.000,1.403107,0.018735,-1.019147,0.000000,0.000000,0.000000,0.000000,0.000000,-0.000000
2971801870,1763340325355058167,0.000000000,0.000000000,1,224425.589346,329745,33554432,0.000,1.403103,0.018738,-1.019150,0.000000,0.000000,0.000000,0.000000,0.000000,-0.000000
2978715363,1763340325361971660,0.000000000,0.000000000,1,224425.596346,329745,33554432,0.000,1.403097,0.018727,-1.019136,0.000000,0.000000,0.000000,0.000000,0.000000,-0.000000
2985634560,1763340325368890728,0.000000000,0.000000000,1,224425.603346,329745,33554432,0.000,1.403097,0.018729,-1.019143,0.000000,0.000000,0.000000,0.000000,0.000000,-0.000000
2992755275,1763340325376011572,0.000000000,0.000000000,1,224425.610346,329745,33554432,0.000,1.403101,0.018731,-1.019146,0.000000,0.000000,0.000000,0.000000,0.000000,-0.000000
2999683583,1763340325382939881,0.000000000,0.000000000,1,224425.617346,329745,33554432,0.000,1.403109,0.018732,-1.019144,0.000000,0.000000,0.000000,0.000000,0.000000,-0.000000
3006743113,1763340325389999392,0.000000000,0.000000000,1,224425.624346,329745,33554432,0.000,1.403092,0.018735,-1.019132,0.000000,0.000000,0.000000,0.000000,0.000000,-0.000000
3013813013,1763340325397069311,0.000000000,0.000000000,1,224425.631346,329745,33554432,0.000,1.403090,0.018731,-1.019135,0.000000,0.000000,0.000000,0.000000,0.000000,-0.000000
3020725340,1763340325403981619,0.000000000,0.000000000,1,224425.638346,329745,33554432,0.000,1.403099,0.018735,-1.019139,0.000000,0.000000,0.000000,0.000000,0.000000,-0.000000
3027654426,1763340325410910705,0.000000000,0.000000000,1,224425.645346,329745,33554432,0.000,1.403108,0.018740,-1.019140,0.000000,0.000000,0.000000,0.000000,0.000000,-0.000000
3034735419,1763340325417991698,0.000000000,0.000000000,1,224425.652346,329745,33554432,0.000,1.403110,0.018731,-1.019133,0.000000,0.000000,0.000000,0.000000,0.000000,-0.000000
3041647986,1763340325424904284,0.000000000,0.000000000,1,224425.659346,329745,33554432,0.000,1.403103,0.018735,-1.019132,0.000000,0.000000,0.000000,0.000000,0.000000,-0.000000
3048717590,1763340325431973888,0.000000000,0.000000000,1,224425.666346,329745,33554432,0.000,1.403116,0.018733,-1.019126,0.000000,0.000000,0.000000,0.000000,0.000000,-0.000000
3055775379,1763340325439031677,0.000000000,0.000000000,1,224425.673346,329745,33554432,0.000,1.403119,0.018738,-1.019112,0.000000,0.000000,0.000000,0.000000,0.000000,-0.000000
3062683151,1763340325445939429,0.000000000,0.000000000,1,224425.680346,329745,33554432,0.000,1.403130,0.018752,-1.019098,0.000000,0.000000,0.000000,0.000000,0.000000,-0.000000
3069775254,1763340325453031552,0.000000000,0.000000000,1,224425.687346,329745,33554432,0.000,1.403129,0.018748,-1.019098,0.000000,0.000000,0.000000,0.000000,0.000000,-0.000000
3076674026,1763340325459930323,0.000000000,0.000000000,1,224425.694346,329745,33554432,0.000,1.403131,0.018747,-1.019097,0.000000,0.000000,0.000000,0.000000,0.000000,-0.000000
3083733685,1763340325466989983,0.000000000,0.000000000,1,224425.701346,329745,33554432,0.000,1.403133,0.018745,-1.019100,0.000000,0.000000,0.000000,0.000000,0.000000,-0.000000
3090654234,1763340325473910513,0.000000000,0.000000000,1,224425.708346,329745,33554432,0.000,1.403141,0.018732,-1.019088,0.000000,0.000000,0.000000,0.000000,0.000000,-0.000000
3097725745,1763340325480982043,0.000000000,0.000000000,1,224425.715346,329745,33554432,0.000,1.403133,0.018734,-1.019094,0.000000,0.000000,0.000000,0.000000,0.000000,-0.000000
3104627924,1763340325487884203,0.000000000,0.000000000,1,224425.722346,329745,33554432,0.000,1.403132,0.018728,-1.019072,0.000000,0.000000,0.000000,0.000000,0.000000,-0.000000
3111686102,1763340325494942381,0.000000000,0.000000000,1,224425.729346,329745,33554432,0.000,1.403134,0.018718,-1.019073,0.000000,0.000000,0.000000,0.000000,0.000000,-0.000000
3118764762,1763340325502021040,0.000000000,0.000000000,1,224425.736346,329745,33554432,0.000,1.403128,0.018704,-1.019058,0.000000,0.000000,0.000000,0.000000,0.000000,-0.000000
3125661792,1763340325508918071,0.000000000,0.000000000,1,224425.743346,329745,33554432,0.000,1.403125,0.018707,-1.019055,0.000000,0.000000,0.000000,0.000000,0.000000,-0.000000
3132763451,1763340325516019749,0.000000000,0.000000000,1,224425.750346,329745,33554432,0.000,1.403121,0.018713,-1.019067,0.000000,0.000000,0.000000,0.000000,0.000000,-0.000000
3139682315,1763340325522938613,0.000000000,0.000000000,1,224425.757346,329745,33554432,0.000,1.403118,0.018708,-1.019068,0.000000,0.000000,0.000000,0.000000,0.000000,-0.000000
3146744364,1763340325530000643,0.000000000,0.000000000,1,224425.764346,329745,33554432,0.000,1.403117,0.018701,-1.019072,0.000000,0.000000,0.000000,0.000000,0.000000,-0.000000
3153655283,1763340325536911580,0.000000000,0.000000000,1,224425.771346,329745,33554432,0.000,1.403110,0.018708,-1.019078,0.000000,0.000000,0.000000,0.000000,0.000000,-0.000000
3160724739,1763340325543981018,0.000000000,0.000000000,1,224425.778346,329745,33554432,0.000,1.403096,0.018709,-1.019082,0.000000,0.000000,0.000000,0.000000,0.000000,-0.000000
3167664862,1763340325550921159,0.000000000,0.000000000,1,224425.785346,329745,33554432,0.000,1.403092,0.018718,-1.019087,0.000000,0.000000,0.000000,0.000000,0.000000,-0.000000
3174734429,1763340325557990726,0.000000000,0.000000000,1,224425.792346,329745,33554432,0.000,1.403088,0.018715,-1.019088,0.000000,0.000000,0.000000,0.000000,0.000000,-0.000000
3181651052,1763340325564907330,0.000000000,0.000000000,1,224425.799346,329745,33554432,0.000,1.403083,0.018711,-1.019078,0.000000,0.000000,0.000000,0.000000,0.000000,-0.000000
3188710322,1763340325571966620,0.000000000,0.000000000,1,224425.806346,329745,33554432,0.000,1.403089,0.018702,-1.019078,0.000000,0.000000,0.000000,0.000000,0.000000,-0.000000
3195656890,1763340325578913168,0.000000000,0.000000000,1,224425.813346,329745,33554432,0.000,1.403092,0.018695,-1.019085,0.000000,0.000000,0.000000,0.000000,0.000000,-0.000000
3202774864,1763340325586031013,0.000000000,0.000000000,1,224425.820346,329745,33554432,0.000,1.403081,0.018691,-1.019093,0.000000,0.000000,0.000000,0.000000,0.000000,-0.000000
3209708246,1763340325592964525,0.000000000,0.000000000,1,224425.827346,329745,33554432,0.000,1.403072,0.018694,-1.019097,0.000000,0.000000,0.000000,0.000000,0.000000,-0.000000
3216773146,1763340325600029407,0.000000000,0.000000000,1,224425.834346,329745,33554432,0.000,1.403088,0.018700,-1.019104,0.000000,0.000000,0.000000,0.000000,0.000000,-0.000000
3223686862,1763340325606943122,0.000000000,0.000000000,1,224425.841346,329745,33554432,0.000,1.403090,0.018700,-1.019102,0.000000,0.000000,0.000000,0.000000,0.000000,-0.000000
3230660003,1763340325613916282,0.000000000,0.000000000,1,224425.848346,329745,33554432,0.000,1.403088,0.018718,-1.019088,0.000000,0.000000,0.000000,0.000000,0.000000,-0.000000
3237726978,1763340325620983238,0.000000000,0.000000000,1,224425.855346,329745,33554432,0.000,1.403090,0.018722,-1.019078,0.000000,0.000000,0.000000,0.000000,0.000000,-0.000000
3244642138,1763340325627898416,0.000000000,0.000000000,1,224425.862346,329745,33554432,0.000,1.403088,0.018729,-1.019071,0.000000,0.000000,0.000000,0.000000,0.000000,-0.000000
3251701001,1763340325634957261,0.000000000,0.000000000,1,224425.869346,329745,33554432,0.000,1.403089,0.018734,-1.019064,0.000000,0.000000,0.000000,0.000000,0.000000,-0.000000
3258764031,1763340325642020310,0.000000000,0.000000000,1,224425.876346,329745,33554432,0.000,1.403089,0.018740,-1.019066,0.000000,0.000000,0.000000,0.000000,0.000000,-0.000000
3265699820,1763340325648956099,0.000000000,0.000000000,1,224425.883346,329745,33554432,0.000,1.403091,0.018738,-1.019074,0.000000,0.000000,0.000000,0.000000,0.000000,-0.000000
3272844702,1763340325656100888,0.000000000,0.000000000,1,224425.890346,329745,33554432,0.000,1.403096,0.018748,-1.019071,0.000000,0.000000,0.000000,0.000000,0.000000,-0.000000
3279702455,1763340325662958122,0.000000000,0.000000000,1,224425.897346,329745,33554432,0.000,1.403098,0.018750,-1.019068,0.000000,0.000000,0.000000,0.000000,0.000000,-0.000000
3286776225,1763340325670032374,0.000000000,0.000000000,1,224425.904346,329745,33554432,0.000,1.403091,0.018736,-1.019058,0.000000,0.000000,0.000000,0.000000,0.000000,-0.000000
3293969032,1763340325677225311,0.000000000,0.000000000,1,224425.911346,329745,33554432,0.000,1.403089,0.018731,-1.019058,0.000000,0.000000,0.000000,0.000000,0.000000,-0.000000
3300778471,1763340325684034768,0.000000000,0.000000000,1,224425.918346,329745,33554432,0.000,1.403076,0.018745,-1.019045,0.000000,0.000000,0.000000,0.000000,0.000000,-0.000000
3307651409,1763340325690907558,0.000000000,0.000000000,1,224425.925346,329745,33554432,0.000,1.403072,0.018744,-1.019048,0.000000,0.000000,0.000000,0.000000,0.000000,-0.000000
3314743327,1763340325697999477,0.000000000,0.000000000,1,224425.932346,329745,33554432,0.000,1.403075,0.018734,-1.019045,0.000000,0.000000,0.000000,0.000000,0.000000,-0.000000
3321643099,1763340325704899044,0.000000000,0.000000000,1,224425.939346,329745,33554432,0.000,1.403077,0.018742,-1.019044,0.000000,0.000000,0.000000,0.000000,0.000000,-0.000000
3328658999,1763340325711915222,0.000000000,0.000000000,1,224425.946346,329745,33554432,0.000,1.403075,0.018729,-1.019045,0.000000,0.000000,0.000000,0.000000,0.000000,-0.000000
3335724140,1763340325718980419,0.000000000,0.000000000,1,224425.953346,329745,33554432,0.000,1.403071,0.018728,-1.019041,0.000000,0.000000,0.000000,0.000000,0.000000,-0.000000
3342778540,1763340325726034819,0.000000000,0.000000000,1,224425.960346,329745,33554432,0.000,1.403067,0.018720,-1.019025,0.000000,0.000000,0.000000,0.000000,0.000000,-0.000000
3349693386,1763340325732949664,0.000000000,0.000000000,1,224425.967346,329745,33554432,0.000,1.403062,0.018717,-1.019029,0.000000,0.000000,0.000000,0.000000,0.000000,-0.000000
3356761897,1763340325740018176,0.000000000,0.000000000,1,224425.974346,329745,33554432,0.000,1.403057,0.018720,-1.019026,0.000000,0.000000,0.000000,0.000000,0.000000,-0.000000
3363686020,1763340325746942262,0.000000000,0.000000000,1,224425.981346,329745,33554432,0.000,1.403055,0.018721,-1.019022,0.000000,0.000000,0.000000,0.000000,0.000000,-0.000000
3370761105,1763340325754017384,0.000000000,0.000000000,1,224425.988346,329745,33554432,0.000,1.403046,0.018721,-1.019012,0.000000,0.000000,0.000000,0.000000,0.000000,-0.000000
3377660562,1763340325760916841,0.000000000,0.000000000,1,224425.995346,329745,33554432,0.000,1.403047,0.018724,-1.019015,0.000000,0.000000,0.000000,0.000000,0.000000,-0.000000
3384720888,1763340325767977167,0.000000000,0.000000000,1,224426.002346,329745,33554432,0.000,1.403034,0.018722,-1.019002,0.000000,0.000000,0.000000,0.000000,0.000000,-0.000000
3391637252,1763340325774893493,0.000000000,0.000000000,1,224426.009346,329745,33554432,0.000,1.403029,0.018722,-1.019000,0.000000,0.000000,0.000000,0.000000,0.000000,-0.000000
3398695633,1763340325781951931,0.000000000,0.000000000,1,224426.016346,329745,33554432,0.000,1.403038,0.018718,-1.018993,0.000000,0.000000,0.000000,0.000000,0.000000,-0.000000
3405635460,1763340325788891628,0.000000000,0.000000000,1,224426.023346,329745,33554432,0.000,1.403042,0.018722,-1.018985,0.000000,0.000000,0.000000,0.000000,0.000000,-0.000000
3412691249,1763340325795947398,0.000000000,0.000000000,1,224426.030346,329745,33554432,0.000,1.403047,0.018709,-1.018986,0.000000,0.000000,0.000000,0.000000,0.000000,-0.000000
3419772390,1763340325803028558,0.000000000,0.000000000,1,224426.037346,329745,33554432,0.000,1.403049,0.018717,-1.018984,0.000000,0.000000,0.000000,0.000000,0.000000,-0.000000
3426723846,1763340325809979496,0.000000000,0.000000000,1,224426.044346,329745,33554432,0.000,1.403039,0.018711,-1.018985,0.000000,0.000000,0.000000,0.000000,0.000000,-0.000000
3433780043,1763340325817036322,0.000000000,0.000000000,1,224426.051346,329745,33554432,0.000,1.403043,0.018705,-1.018983,0.000000,0.000000,0.000000,0.000000,0.000000,-0.000000
3440690833,1763340325823947112,0.000000000,0.000000000,1,224426.058346,329745,33554432,0.000,1.403038,0.018698,-1.018977,0.000000,0.000000,0.000000,0.000000,0.000000,-0.000000
3447757640,1763340325831013901,0.000000000,0.000000000,1,224426.065346,329745,33554432,0.000,1.403033,0.018701,-1.018984,0.000000,0.000000,0.000000,0.000000,0.000000,-0.000000
3454652263,1763340325837908542,0.000000000,0.000000000,1,224426.072346,329745,33554432,0.000,1.403032,0.018699,-1.018987,0.000000,0.000000,0.000000,0.000000,0.000000,-0.000000
3461723367,1763340325844979591,0.000000000,0.000000000,1,224426.079346,329745,33554432,0.000,1.403027,0.018704,-1.018985,0.000000,0.000000,0.000000,0.000000,0.000000,-0.000000
3468657805,1763340325851914084,0.000000000,0.000000000,1,224426.086346,329745,33554432,0.000,1.403040,0.018705,-1.018981,0.000000,0.000000,0.000000,0.000000,0.000000,-0.000000
3475714946,1763340325858971244,0.000000000,0.000000000,1,224426.093346,329745,33554432,0.000,1.403038,0.018708,-1.018980,0.000000,0.000000,0.000000,0.000000,0.000000,-0.000000
3482715254,1763340325865971422,0.000000000,0.000000000,1,224426.100346,329745,33554432,0.000,1.403035,0.018716,-1.018974,0.000000,0.000000,0.000000,0.000000,0.000000,-0.000000
3489685173,1763340325872941285,0.000000000,0.000000000,1,224426.107346,329745,33554432,0.000,1.403030,0.018722,-1.018978,0.000000,0.000000,0.000000,0.000000,0.000000,-0.000000
3496743277,1763340325879999575,0.000000000,0.000000000,1,224426.114346,329745,33554432,0.000,1.403044,0.018718,-1.018970,0.000000,0.000000,0.000000,0.000000,0.000000,-0.000000
3503648400,1763340325886904550,0.000000000,0.000000000,1,224426.121346,329745,33554432,0.000,1.403050,0.018720,-1.018970,0.000000,0.000000,0.000000,0.000000,0.000000,-0.000000
3510703912,1763340325893960191,0.000000000,0.000000000,1,224426.128346,329745,33554432,0.000,1.403061,0.018723,-1.018952,0.000000,0.000000,0.000000,0.000000,0.000000,-0.000000
3517769034,1763340325901025183,0.000000000,0.000000000,1,224426.135346,329745,33554432,0.000,1.403054,0.018726,-1.018950,0.000000,0.000000,0.000000,0.000000,0.000000,-0.000000
3524667139,1763340325907923418,0.000000000,0.000000000,1,224426.142346,329745,33554432,0.000,1.403056,0.018721,-1.018932,0.000000,0.000000,0.000000,0.000000,0.000000,-0.000000
3531767891,1763340325915024170,0.000000000,0.000000000,1,224426.149346,329745,33554432,0.000,1.403055,0.018715,-1.018930,0.000000,0.000000,0.000000,0.000000,0.000000,-0.000000
3538665014,1763340325921921293,0.000000000,0.000000000,1,224426.156346,329745,33554432,0.000,1.403049,0.018709,-1.018934,0.000000,0.000000,0.000000,0.000000,0.000000,-0.000000
3545731266,1763340325928987545,0.000000000,0.000000000,1,224426.163346,329745,33554432,0.000,1.403046,0.018708,-1.018935,0.000000,0.000000,0.000000,0.000000,0.000000,-0.000000
3552789518,1763340325936045815,0.000000000,0.000000000,1,224426.170346,329745,33554432,0.000,1.403037,0.018706,-1.018937,0.000000,0.000000,0.000000,0.000000,0.000000,-0.000000
3559700271,1763340325942956550,0.000000000,0.000000000,1,224426.177346,329745,33554432,0.000,1.403033,0.018712,-1.018939,0.000000,0.000000,0.000000,0.000000,0.000000,-0.000000
3566629986,1763340325949886284,0.000000000,0.000000000,1,224426.184346,329745,33554432,0.000,1.403015,0.018714,-1.018918,0.000000,0.000000,0.000000,0.000000,0.000000,-0.000000
3573699979,1763340325956956258,0.000000000,0.000000000,1,224426.191346,329745,33554432,0.000,1.403010,0.018712,-1.018915,0.000000,0.000000,0.000000,0.000000,0.000000,-0.000000
3580764713,1763340325964020992,0.000000000,0.000000000,1,224426.198346,329745,33554432,0.000,1.403017,0.018714,-1.018895,0.000000,0.000000,0.000000,0.000000,0.000000,-0.000000
3587665299,1763340325970921596,0.000000000,0.000000000,1,224426.205346,329745,33554432,0.000,1.403006,0.018715,-1.018896,0.000000,0.000000,0.000000,0.000000,0.000000,-0.000000
3594741199,1763340325977997478,0.000000000,0.000000000,1,224426.212346,329745,33554432,0.000,1.403004,0.018716,-1.018896,0.000000,0.000000,0.000000,0.000000,0.000000,-0.000000
3601655229,1763340325984911397,0.000000000,0.000000000,1,224426.219346,329745,33554432,0.000,1.403000,0.018719,-1.018902,0.000000,0.000000,0.000000,0.000000,0.000000,-0.000000
3608727796,1763340325991984075,0.000000000,0.000000000,1,224426.226346,329745,33554432,0.000,1.402996,0.018716,-1.018898,0.000000,0.000000,0.000000,0.000000,0.000000,-0.000000
3615634308,1763340325998890569,0.000000000,0.000000000,1,224426.233346,329745,33554432,0.000,1.403005,0.018722,-1.018891,0.000000,0.000000,0.000000,0.000000,0.000000,-0.000000
3622694005,1763340326005950284,0.000000000,0.000000000,1,224426.240346,329745,33554432,0.000,1.402995,0.018725,-1.018888,0.000000,0.000000,0.000000,0.000000,0.000000,-0.000000
3629658091,1763340326012914369,0.000000000,0.000000000,1,224426.247346,329745,33554432,0.000,1.403008,0.018718,-1.018893,0.000000,0.000000,0.000000,0.000000,0.000000,-0.000000
3636728509,1763340326019984788,0.000000000,0.000000000,1,224426.254346,329745,33554432,0.000,1.403010,0.018711,-1.018882,0.000000,0.000000,0.000000,0.000000,0.000000,-0.000000
3643646540,1763340326026902819,0.000000000,0.000000000,1,224426.261346,329745,33554432,0.000,1.403012,0.018710,-1.018882,0.000000,0.000000,0.000000,0.000000,0.000000,-0.000000
3650722236,1763340326033978534,0.000000000,0.000000000,1,224426.268346,329745,33554432,0.000,1.403027,0.018695,-1.018887,0.000000,0.000000,0.000000,0.000000,0.000000,-0.000000
3657643693,1763340326040899990,0.000000000,0.000000000,1,224426.275346,329745,33554432,0.000,1.403022,0.018687,-1.018882,0.000000,0.000000,0.000000,0.000000,0.000000,-0.000000
3664734648,1763340326047990946,0.000000000,0.000000000,1,224426.282346,329745,33554432,0.000,1.403017,0.018691,-1.018873,0.000000,0.000000,0.000000,0.000000,0.000000,-0.000000
3671644457,1763340326054900735,0.000000000,0.000000000,1,224426.289346,329745,33554432,0.000,1.403012,0.018692,-1.018875,0.000000,0.000000,0.000000,0.000000,0.000000,-0.000000
3678705209,1763340326061961506,0.000000000,0.000000000,1,224426.296346,329745,33554432,0.000,1.403025,0.018692,-1.018873,0.000000,0.000000,0.000000,0.000000,0.000000,-0.000000
3685765683,1763340326069021962,0.000000000,0.000000000,1,224426.303346,329745,33554432,0.000,1.403022,0.018690,-1.018869,0.000000,0.000000,0.000000,0.000000,0.000000,-0.000000
3692702213,1763340326075958511,0.000000000,0.000000000,1,224426.310346,329745,33554432,0.000,1.403039,0.018691,-1.018877,0.000000,0.000000,0.000000,0.000000,0.000000,-0.000000
3699772743,1763340326083029022,0.000000000,0.000000000,1,224426.317346,329745,33554432,0.000,1.403044,0.018687,-1.018884,0.000000,0.000000,0.000000,0.000000,0.000000,-0.000000
3706779922,1763340326090036200,0.000000000,0.000000000,1,224426.324346,329745,33554432,0.000,1.403048,0.018682,-1.018883,0.000000,0.000000,0.000000,0.000000,0.000000,-0.000000
3713697341,1763340326096953620,0.000000000,0.000000000,1,224426.331346,329745,33554432,0.000,1.403046,0.018679,-1.018882,0.000000,0.000000,0.000000,0.000000,0.000000,-0.000000
3720772630,1763340326104028909,0.000000000,0.000000000,1,224426.338346,329745,33554432,0.000,1.403035,0.018695,-1.018872,0.000000,0.000000,0.000000,0.000000,0.000000,-0.000000
3727724975,1763340326110981254,0.000000000,0.000000000,1,224426.345346,329745,33554432,0.000,1.403049,0.018694,-1.018875,0.000000,0.000000,0.000000,0.000000,0.000000,-0.000000
3734783005,1763340326118039284,0.000000000,0.000000000,1,224426.352346,329745,33554432,0.000,1.403063,0.018687,-1.018877,0.000000,0.000000,0.000000,0.000000,0.000000,-0.000000
3741678943,1763340326124935240,0.000000000,0.000000000,1,224426.359346,329745,33554432,0.000,1.403065,0.018687,-1.018881,0.000000,0.000000,0.000000,0.000000,0.000000,-0.000000
3748737732,1763340326131994011,0.000000000,0.000000000,1,224426.366346,329745,33554432,0.000,1.403074,0.018688,-1.018884,0.000000,0.000000,0.000000,0.000000,0.000000,-0.000000
3755649725,1763340326138906004,0.000000000,0.000000000,1,224426.373346,329745,33554432,0.000,1.403079,0.018690,-1.018881,0.000000,0.000000,0.000000,0.000000,0.000000,-0.000000
3762711811,1763340326145968108,0.000000000,0.000000000,1,224426.380346,329745,33554432,0.000,1.403070,0.018696,-1.018876,0.000000,0.000000,0.000000,0.000000,0.000000,-0.000000
3771544390,1763340326154800558,0.000000000,0.000000000,1,224426.387346,329745,33554432,0.000,1.403078,0.018698,-1.018887,0.000000,0.000000,0.000000,0.000000,0.000000,-0.000000
3776712167,1763340326159968446,0.000000000,0.000000000,1,224426.394346,329745,33554432,0.000,1.403081,0.018702,-1.018888,0.000000,0.000000,0.000000,0.000000,0.000000,-0.000000
3783671605,1763340326166927865,0.000000000,0.000000000,1,224426.401346,329745,33554432,0.000,1.403085,0.018700,-1.018882,0.000000,0.000000,0.000000,0.000000,0.000000,-0.000000
3790743283,1763340326173999543,0.000000000,0.000000000,1,224426.408346,329745,33554432,0.000,1.403093,0.018698,-1.018892,0.000000,0.000000,0.000000,0.000000,0.000000,-0.000000
3797696776,1763340326180952740,0.000000000,0.000000000,1,224426.415346,329745,33554432,0.000,1.403088,0.018701,-1.018890,0.000000,0.000000,0.000000,0.000000,0.000000,-0.000000
3804687862,1763340326187943808,0.000000000,0.000000000,1,224426.422346,329745,33554432,0.000,1.403076,0.018714,-1.018880,0.000000,0.000000,0.000000,0.000000,0.000000,-0.000000
3811682207,1763340326194938393,0.000000000,0.000000000,1,224426.429346,329745,33554432,0.000,1.403072,0.018714,-1.018877,0.000000,0.000000,0.000000,0.000000,0.000000,-0.000000
3818692163,1763340326201948442,0.000000000,0.000000000,1,224426.436346,329745,33554432,0.000,1.403071,0.018715,-1.018868,0.000000,0.000000,0.000000,0.000000,0.000000,-0.000000
3825767452,1763340326209023731,0.000000000,0.000000000,1,224426.443346,329745,33554432,0.000,1.403064,0.018714,-1.018874,0.000000,0.000000,0.000000,0.000000,0.000000,-0.000000
3832735094,1763340326215991372,0.000000000,0.000000000,1,224426.450346,329745,33554432,0.000,1.403062,0.018712,-1.018874,0.000000,0.000000,0.000000,0.000000,0.000000,-0.000000
3839650346,1763340326222906625,0.000000000,0.000000000,1,224426.457346,329745,33554432,0.000,1.403070,0.018709,-1.018878,0.000000,0.000000,0.000000,0.000000,0.000000,-0.000000
3846704746,1763340326229961025,0.000000000,0.000000000,1,224426.464346,329745,33554432,0.000,1.403067,0.018710,-1.018869,0.000000,0.000000,0.000000,0.000000,0.000000,-0.000000
3853775443,1763340326237031722,0.000000000,0.000000000,1,224426.471346,329745,33554432,0.000,1.403077,0.018713,-1.018874,0.000000,0.000000,0.000000,0.000000,0.000000,-0.000000
3860672473,1763340326243928752,0.000000000,0.000000000,1,224426.478346,329745,33554432,0.000,1.403068,0.018703,-1.018852,0.000000,0.000000,0.000000,0.000000,0.000000,-0.000000
3867757189,1763340326251013449,0.000000000,0.000000000,1,224426.485346,329745,33554432,0.000,1.403066,0.018703,-1.018849,0.000000,0.000000,0.000000,0.000000,0.000000,-0.000000
3874652904,1763340326257909183,0.000000000,0.000000000,1,224426.492346,329745,33554432,0.000,1.403054,0.018708,-1.018848,0.000000,0.000000,0.000000,0.000000,0.000000,-0.000000
3881729119,1763340326264985398,0.000000000,0.000000000,1,224426.499346,329745,33554432,0.000,1.403047,0.018703,-1.018854,0.000000,0.000000,0.000000,0.000000,0.000000,-0.000000
3888645001,1763340326271901280,0.000000000,0.000000000,1,224426.506346,329745,33554432,0.000,1.403057,0.018698,-1.018851,0.000000,0.000000,0.000000,0.000000,0.000000,-0.000000
3895738809,1763340326278995106,0.000000000,0.000000000,1,224426.513346,329745,33554432,0.000,1.403057,0.018697,-1.018856,0.000000,0.000000,0.000000,0.000000,0.000000,-0.000000
3902650617,1763340326285906896,0.000000000,0.000000000,1,224426.520346,329745,33554432,0.000,1.403049,0.018679,-1.018852,0.000000,0.000000,0.000000,0.000000,0.000000,-0.000000
3909734184,1763340326292990463,0.000000000,0.000000000,1,224426.527346,329745,33554432,0.000,1.403052,0.018682,-1.018860,0.000000,0.000000,0.000000,0.000000,0.000000,-0.000000
3916638141,1763340326299894419,0.000000000,0.000000000,1,224426.534346,329745,33554432,0.000,1.403057,0.018679,-1.018859,0.000000,0.000000,0.000000,0.000000,0.000000,-0.000000
3923762800,1763340326307019042,0.000000000,0.000000000,1,224426.541346,329745,33554432,0.000,1.403059,0.018679,-1.018863,0.000000,0.000000,0.000000,0.000000,0.000000,-0.000000
3930645016,1763340326313901183,0.000000000,0.000000000,1,224426.548346,329745,33554432,0.000,1.403055,0.018674,-1.018855,0.000000,0.000000,0.000000,0.000000,0.000000,-0.000000
3937642712,1763340326320898991,0.000000000,0.000000000,1,224426.555346,329745,33554432,0.000,1.403050,0.018675,-1.018852,0.000000,0.000000,0.000000,0.000000,0.000000,-0.000000
3944701446,1763340326327957743,0.000000000,0.000000000,1,224426.562346,329745,33554432,0.000,1.403053,0.018682,-1.018838,0.000000,0.000000,0.000000,0.000000,0.000000,-0.000000
3951772254,1763340326335028532,0.000000000,0.000000000,1,224426.569346,329745,33554432,0.000,1.403059,0.018684,-1.018836,0.000000,0.000000,0.000000,0.000000,0.000000,-0.000000
3958683377,1763340326341939656,0.000000000,0.000000000,1,224426.576346,329745,33554432,0.000,1.403052,0.018685,-1.018835,0.000000,0.000000,0.000000,0.000000,0.000000,-0.000000
3965768555,1763340326349024833,0.000000000,0.000000000,1,224426.583346,329745,33554432,0.000,1.403061,0.018687,-1.018836,0.000000,0.000000,0.000000,0.000000,0.000000,-0.000000
3972824455,1763340326356080734,0.000000000,0.000000000,1,224426.590346,329745,33554432,0.000,1.403056,0.018687,-1.018841,0.000000,0.000000,0.000000,0.000000,0.000000,-0.000000
3979740559,1763340326362996838,0.000000000,0.000000000,1,224426.597346,329745,33554432,0.000,1.403052,0.018690,-1.018848,0.000000,0.000000,0.000000,0.000000,0.000000,-0.000000
3986708275,1763340326369964424,0.000000000,0.000000000,1,224426.604346,329745,33554432,0.000,1.403054,0.018693,-1.018838,0.000000,0.000000,0.000000,0.000000,0.000000,-0.000000
3993669824,1763340326376926102,0.000000000,0.000000000,1,224426.611346,329745,33554432,0.000,1.403055,0.018695,-1.018838,0.000000,0.000000,0.000000,0.000000,0.000000,-0.000000
4000724076,1763340326383980355,0.000000000,0.000000000,1,224426.618346,329745,33554432,0.000,1.403060,0.018705,-1.018834,0.000000,0.000000,0.000000,0.000000,0.000000,-0.000000
4007647791,1763340326390904089,0.000000000,0.000000000,1,224426.625346,329745,33554432,0.000,1.403067,0.018709,-1.018829,0.000000,0.000000,0.000000,0.000000,0.000000,-0.000000
4014718729,1763340326397975026,0.000000000,0.000000000,1,224426.632346,329745,33554432,0.000,1.403061,0.018713,-1.018835,0.000000,0.000000,0.000000,0.000000,0.000000,-0.000000
4021778036,1763340326405034315,0.000000000,0.000000000,1,224426.639346,329745,33554432,0.000,1.403062,0.018716,-1.018827,0.000000,0.000000,0.000000,0.000000,0.000000,-0.000000
4028722233,1763340326411978512,0.000000000,0.000000000,1,224426.646346,329745,33554432,0.000,1.403067,0.018713,-1.018830,0.000000,0.000000,0.000000,0.000000,0.000000,-0.000000
4035781800,1763340326419038042,0.000000000,0.000000000,1,224426.653346,329745,33554432,0.000,1.403062,0.018706,-1.018823,0.000000,0.000000,0.000000,0.000000,0.000000,-0.000000
4042685849,1763340326425942128,0.000000000,0.000000000,1,224426.660346,329745,33554432,0.000,1.403056,0.018707,-1.018822,0.000000,0.000000,0.000000,0.000000,0.000000,-0.000000
4049764657,1763340326433020936,0.000000000,0.000000000,1,224426.667346,329745,33554432,0.000,1.403053,0.018702,-1.018821,0.000000,0.000000,0.000000,0.000000,0.000000,-0.000000
4056662947,1763340326439919225,0.000000000,0.000000000,1,224426.674346,329745,33554432,0.000,1.403064,0.018705,-1.018803,0.000000,0.000000,0.000000,0.000000,0.000000,-0.000000
4063739958,1763340326446996218,0.000000000,0.000000000,1,224426.681346,329745,33554432,0.000,1.403062,0.018707,-1.018804,0.000000,0.000000,0.000000,0.000000,0.000000,-0.000000
4070648266,1763340326453904564,0.000000000,0.000000000,1,224426.688346,329745,33554432,0.000,1.403066,0.018705,-1.018808,0.000000,0.000000,0.000000,0.000000,0.000000,-0.000000
4077701296,1763340326460957575,0.000000000,0.000000000,1,224426.695346,329745,33554432,0.000,1.403060,0.018706,-1.018808,0.000000,0.000000,0.000000,0.000000,0.000000,-0.000000
4084762178,1763340326468018457,0.000000000,0.000000000,1,224426.702346,329745,33554432,0.000,1.403057,0.018698,-1.018792,0.000000,0.000000,0.000000,0.000000,0.000000,-0.000000
4091671245,1763340326474927524,0.000000000,0.000000000,1,224426.709346,329745,33554432,0.000,1.403062,0.018697,-1.018791,0.000000,0.000000,0.000000,0.000000,0.000000,-0.000000
4098741886,1763340326481998165,0.000000000,0.000000000,1,224426.716346,329745,33554432,0.000,1.403055,0.018697,-1.018790,0.000000,0.000000,0.000000,0.000000,0.000000,-0.000000
4105643121,1763340326488899418,0.000000000,0.000000000,1,224426.723346,329745,33554432,0.000,1.403058,0.018701,-1.018806,0.000000,0.000000,0.000000,0.000000,0.000000,-0.000000
4112703632,1763340326495959948,0.000000000,0.000000000,1,224426.730346,329745,33554432,0.000,1.403053,0.018703,-1.018807,0.000000,0.000000,0.000000,0.000000,0.000000,-0.000000
4119653144,1763340326502909423,0.000000000,0.000000000,1,224426.737346,329745,33554432,0.000,1.403052,0.018704,-1.018795,0.000000,0.000000,0.000000,0.000000,0.000000,-0.000000
4126767247,1763340326510023489,0.000000000,0.000000000,1,224426.744346,329745,33554432,0.000,1.403062,0.018696,-1.018784,0.000000,0.000000,0.000000,0.000000,0.000000,-0.000000
4133689982,1763340326516946260,0.000000000,0.000000000,1,224426.751346,329745,33554432,0.000,1.403055,0.018704,-1.018784,0.000000,0.000000,0.000000,0.000000,0.000000,-0.000000
4140774345,1763340326524030624,0.000000000,0.000000000,1,224426.758346,329745,33554432,0.000,1.403069,0.018702,-1.018775,0.000000,0.000000,0.000000,0.000000,0.000000,-0.000000
4147706060,1763340326530962358,0.000000000,0.000000000,1,224426.765346,329745,33554432,0.000,1.403074,0.018702,-1.018775,0.000000,0.000000,0.000000,0.000000,0.000000,-0.000000
4154635980,1763340326537892277,0.000000000,0.000000000,1,224426.772346,329745,33554432,0.000,1.403075,0.018694,-1.018769,0.000000,0.000000,0.000000,0.000000,0.000000,-0.000000
4161704139,1763340326544960436,0.000000000,0.000000000,1,224426.779346,329745,33554432,0.000,1.403077,0.018696,-1.018777,0.000000,0.000000,0.000000,0.000000,0.000000,-0.000000
4168651392,1763340326551907670,0.000000000,0.000000000,1,224426.786346,329745,33554432,0.000,1.403075,0.018687,-1.018770,0.000000,0.000000,0.000000,0.000000,0.000000,-0.000000
4175720255,1763340326558976552,0.000000000,0.000000000,1,224426.793346,329745,33554432,0.000,1.403079,0.018691,-1.018764,0.000000,0.000000,0.000000,0.000000,0.000000,-0.000000
4182628915,1763340326565885212,0.000000000,0.000000000,1,224426.800346,329745,33554432,0.000,1.403077,0.018708,-1.018750,0.000000,0.000000,0.000000,0.000000,0.000000,-0.000000
4189750426,1763340326573006649,0.000000000,0.000000000,1,224426.807346,329745,33554432,0.000,1.403074,0.018707,-1.018753,0.000000,0.000000,0.000000,0.000000,0.000000,-0.000000
4196669382,1763340326579925680,0.000000000,0.000000000,1,224426.814346,329745,33554432,0.000,1.403074,0.018709,-1.018749,0.000000,0.000000,0.000000,0.000000,0.000000,-0.000000
4203914356,1763340326587170542,0.000000000,0.000000000,1,224426.821346,329745,33554432,0.000,1.403073,0.018708,-1.018755,0.000000,0.000000,0.000000,0.000000,0.000000,-0.000000
4210672869,1763340326593929166,0.000000000,0.000000000,1,224426.828346,329745,33554432,0.000,1.403076,0.018711,-1.018758,0.000000,0.000000,0.000000,0.000000,0.000000,-0.000000
4217746695,1763340326601002974,0.000000000,0.000000000,1,224426.835346,329745,33554432,0.000,1.403074,0.018718,-1.018753,0.000000,0.000000,0.000000,0.000000,0.000000,-0.000000
4224658503,1763340326607914782,0.000000000,0.000000000,1,224426.842346,329745,33554432,0.000,1.403061,0.018726,-1.018734,0.000000,0.000000,0.000000,0.000000,0.000000,-0.000000
4231641459,1763340326614897738,0.000000000,0.000000000,1,224426.849346,329745,33554432,0.000,1.403064,0.018730,-1.018728,0.000000,0.000000,0.000000,0.000000,0.000000,-0.000000
4238722396,1763340326621978694,0.000000000,0.000000000,1,224426.856346,329745,33554432,0.000,1.403065,0.018722,-1.018729,0.000000,0.000000,0.000000,0.000000,0.000000,-0.000000
4245648167,1763340326628904465,0.000000000,0.000000000,1,224426.863346,329745,33554432,0.000,1.403061,0.018728,-1.018725,0.000000,0.000000,0.000000,0.000000,0.000000,-0.000000
4252732086,1763340326635988365,0.000000000,0.000000000,1,224426.870346,329745,33554432,0.000,1.403067,0.018723,-1.018724,0.000000,0.000000,0.000000,0.000000,0.000000,-0.000000
4259691320,1763340326642947617,0.000000000,0.000000000,1,224426.877346,329745,33554432,0.000,1.403079,0.018727,-1.018726,0.000000,0.000000,0.000000,0.000000,0.000000,-0.000000
4271584388,1763340326654840685,0.000000000,0.000000000,1,224426.884346,329745,33554432,0.000,1.403090,0.018721,-1.018711,0.000000,0.000000,0.000000,0.000000,0.000000,-0.000000
4273654399,1763340326656910400,0.000000000,0.000000000,1,224426.891346,329745,33554432,0.000,1.403085,0.018716,-1.018713,0.000000,0.000000,0.000000,0.000000,0.000000,-0.000000
4280778743,1763340326664035041,0.000000000,0.000000000,1,224426.898346,329745,33554432,0.000,1.403086,0.018712,-1.018716,0.000000,0.000000,0.000000,0.000000,0.000000,-0.000000
4287737552,1763340326670993738,0.000000000,0.000000000,1,224426.905346,329745,33554432,0.000,1.403084,0.018724,-1.018713,0.000000,0.000000,0.000000,0.000000,0.000000,-0.000000
4294716711,1763340326677973009,0.000000000,0.000000000,1,224426.912346,329745,33554432,0.000,1.403084,0.018728,-1.018717,0.000000,0.000000,0.000000,0.000000,0.000000,-0.000000
4301749945,1763340326685006113,0.000000000,0.000000000,1,224426.919346,329745,33554432,0.000,1.403085,0.018726,-1.018714,0.000000,0.000000,0.000000,0.000000,0.000000,-0.000000
4308769642,1763340326692025865,0.000000000,0.000000000,1,224426.926346,329745,33554432,0.000,1.403102,0.018733,-1.018719,0.000000,0.000000,0.000000,0.000000,0.000000,-0.000000
4315723913,1763340326698980081,0.000000000,0.000000000,1,224426.933346,329745,33554432,0.000,1.403100,0.018738,-1.018718,0.000000,0.000000,0.000000,0.000000,0.000000,-0.000000
4322697073,1763340326705953259,0.000000000,0.000000000,1,224426.940346,329745,33554432,0.000,1.403116,0.018740,-1.018720,0.000000,0.000000,0.000000,0.000000,0.000000,-0.000000
4329702381,1763340326712958678,0.000000000,0.000000000,1,224426.947346,329745,33554432,0.000,1.403113,0.018742,-1.018719,0.000000,0.000000,0.000000,0.000000,0.000000,-0.000000
4336639966,1763340326719896264,0.000000000,0.000000000,1,224426.954346,329745,33554432,0.000,1.403112,0.018752,-1.018714,0.000000,0.000000,0.000000,0.000000,0.000000,-0.000000
4343728607,1763340326726984571,0.000000000,0.000000000,1,224426.961346,329745,33554432,0.000,1.403115,0.018758,-1.018707,0.000000,0.000000,0.000000,0.000000,0.000000,-0.000000
4350653119,1763340326733909417,0.000000000,0.000000000,1,224426.968346,329745,33554432,0.000,1.403112,0.018769,-1.018700,0.000000,0.000000,0.000000,0.000000,0.000000,-0.000000
4357654149,1763340326740909965,0.000000000,0.000000000,1,224426.975346,329745,33554432,0.000,1.403114,0.018775,-1.018698,0.000000,0.000000,0.000000,0.000000,0.000000,-0.000000
4364705142,1763340326747961440,0.000000000,0.000000000,1,224426.982346,329745,33554432,0.000,1.403110,0.018767,-1.018685,0.000000,0.000000,0.000000,0.000000,0.000000,-0.000000
4371776302,1763340326755032469,0.000000000,0.000000000,1,224426.989346,329745,33554432,0.000,1.403102,0.018760,-1.018684,0.000000,0.000000,0.000000,0.000000,0.000000,-0.000000
4378696073,1763340326761952370,0.000000000,0.000000000,1,224426.996346,329745,33554432,0.000,1.403102,0.018750,-1.018685,0.000000,0.000000,0.000000,0.000000,0.000000,-0.000000
4385763899,1763340326769020178,0.000000000,0.000000000,1,224427.003346,329745,33554432,0.000,1.403106,0.018745,-1.018672,0.000000,0.000000,0.000000,0.000000,0.000000,-0.000000
4392703207,1763340326775959505,0.000000000,0.000000000,1,224427.010346,329745,33554432,0.000,1.403102,0.018751,-1.018677,0.000000,0.000000,0.000000,0.000000,0.000000,-0.000000
4399648978,1763340326782905257,0.000000000,0.000000000,1,224427.017346,329745,33554432,0.000,1.403098,0.018752,-1.018687,0.000000,0.000000,0.000000,0.000000,0.000000,-0.000000
4406637786,1763340326789893954,0.000000000,0.000000000,1,224427.024346,329745,33554432,0.000,1.403090,0.018756,-1.018673,0.000000,0.000000,0.000000,0.000000,0.000000,-0.000000
4414047963,1763340326797303834,0.000000000,0.000000000,1,224427.031346,329745,33554432,0.000,1.403093,0.018749,-1.018667,0.000000,0.000000,0.000000,0.000000,0.000000,-0.000000
4420651698,1763340326803907866,0.000000000,0.000000000,1,224427.038346,329745,33554432,0.000,1.403091,0.018743,-1.018657,0.000000,0.000000,0.000000,0.000000,0.000000,-0.000000
4427639340,1763340326810895600,0.000000000,0.000000000,1,224427.045346,329745,33554432,0.000,1.403095,0.018748,-1.018655,0.000000,0.000000,0.000000,0.000000,0.000000,-0.000000
4434705258,1763340326817961556,0.000000000,0.000000000,1,224427.052346,329745,33554432,0.000,1.403096,0.018747,-1.018656,0.000000,0.000000,0.000000,0.000000,0.000000,-0.000000
4441773621,1763340326825029919,0.000000000,0.000000000,1,224427.059346,329745,33554432,0.000,1.403105,0.018746,-1.018647,0.000000,0.000000,0.000000,0.000000,0.000000,-0.000000
4448696782,1763340326831953060,0.000000000,0.000000000,1,224427.066346,329745,33554432,0.000,1.403107,0.018750,-1.018628,0.000000,0.000000,0.000000,0.000000,0.000000,-0.000000
4455773682,1763340326839029961,0.000000000,0.000000000,1,224427.073346,329745,33554432,0.000,1.403104,0.018758,-1.018621,0.000000,0.000000,0.000000,0.000000,0.000000,-0.000000
4462686953,1763340326845943250,0.000000000,0.000000000,1,224427.080346,329745,33554432,0.000,1.403108,0.018755,-1.018618,0.000000,0.000000,0.000000,0.000000,0.000000,-0.000000
4469788186,1763340326853044484,0.000000000,0.000000000,1,224427.087346,329745,33554432,0.000,1.403117,0.018756,-1.018621,0.000000,0.000000,0.000000,0.000000,0.000000,-0.000000
4476709661,1763340326859965959,0.000000000,0.000000000,1,224427.094346,329745,33554432,0.000,1.403127,0.018750,-1.018626,0.000000,0.000000,0.000000,0.000000,0.000000,-0.000000
4483646914,1763340326866903082,0.000000000,0.000000000,1,224427.101346,329745,33554432,0.000,1.403123,0.018753,-1.018631,0.000000,0.000000,0.000000,0.000000,0.000000,-0.000000
4490768295,1763340326874024593,0.000000000,0.000000000,1,224427.108346,329745,33554432,0.000,1.403115,0.018747,-1.018640,0.000000,0.000000,0.000000,0.000000,0.000000,-0.000000
4497676733,1763340326880933031,0.000000000,0.000000000,1,224427.115346,329745,33554432,0.000,1.403106,0.018748,-1.018637,0.000000,0.000000,0.000000,0.000000,0.000000,-0.000000
4504761948,1763340326888018246,0.000000000,0.000000000,1,224427.122346,329745,33554432,0.000,1.403109,0.018756,-1.018612,0.000000,0.000000,0.000000,0.000000,0.000000,-0.000000
4511672738,1763340326894929035,0.000000000,0.000000000,1,224427.129346,329745,33554432,0.000,1.403110,0.018758,-1.018598,0.000000,0.000000,0.000000,0.000000,0.000000,-0.000000
4518739305,1763340326901995584,0.000000000,0.000000000,1,224427.136346,329745,33554432,0.000,1.403103,0.018756,-1.018593,0.000000,0.000000,0.000000,0.000000,0.000000,-0.000000
4525648391,1763340326908904670,0.000000000,0.000000000,1,224427.143346,329745,33554432,0.000,1.403109,0.018752,-1.018596,0.000000,0.000000,0.000000,0.000000,0.000000,-0.000000
4532759550,1763340326916015829,0.000000000,0.000000000,1,224427.150346,329745,33554432,0.000,1.403116,0.018752,-1.018599,0.000000,0.000000,0.000000,0.000000,0.000000,-0.000000
4539680210,1763340326922936489,0.000000000,0.000000000,1,224427.157346,329745,33554432,0.000,1.403114,0.018745,-1.018602,0.000000,0.000000,0.000000,0.000000,0.000000,-0.000000
4546760147,1763340326930016426,0.000000000,0.000000000,1,224427.164346,329745,33554432,0.000,1.403118,0.018751,-1.018601,0.000000,0.000000,0.000000,0.000000,0.000000,-0.000000
4553668085,1763340326936924364,0.000000000,0.000000000,1,224427.171346,329745,33554432,0.000,1.403124,0.018747,-1.018601,0.000000,0.000000,0.000000,0.000000,0.000000,-0.000000
4560734171,1763340326943990450,0.000000000,0.000000000,1,224427.178346,329745,33554432,0.000,1.403140,0.018748,-1.018597,0.000000,0.000000,0.000000,0.000000,0.000000,-0.000000
4567664016,1763340326950920313,0.000000000,0.000000000,1,224427.185346,329745,33554432,0.000,1.403140,0.018752,-1.018590,0.000000,0.000000,0.000000,0.000000,0.000000,-0.000000
4574746398,1763340326958002695,0.000000000,0.000000000,1,224427.192346,329745,33554432,0.000,1.403121,0.018759,-1.018586,0.000000,0.000000,0.000000,0.000000,0.000000,-0.000000
4581669410,1763340326964925707,0.000000000,0.000000000,1,224427.199346,329745,33554432,0.000,1.403120,0.018758,-1.018586,0.000000,0.000000,0.000000,0.000000,0.000000,-0.000000
4588766050,1763340326972022348,0.000000000,0.000000000,1,224427.206346,329745,33554432,0.000,1.403119,0.018756,-1.018588,0.000000,0.000000,0.000000,0.000000,0.000000,-0.000000
4595690803,1763340326978947082,0.000000000,0.000000000,1,224427.213346,329745,33554432,0.000,1.403113,0.018748,-1.018593,0.000000,0.000000,0.000000,0.000000,0.000000,-0.000000
4602757926,1763340326986014204,0.000000000,0.000000000,1,224427.220346,329745,33554432,0.000,1.403118,0.018741,-1.018601,0.000000,0.000000,0.000000,0.000000,0.000000,-0.000000
4609692548,1763340326992948846,0.000000000,0.000000000,1,224427.227346,329745,33554432,0.000,1.403116,0.018741,-1.018612,0.000000,0.000000,0.000000,0.000000,0.000000,-0.000000
4616765652,1763340327000021950,0.000000000,0.000000000,1,224427.234346,329745,33554432,0.000,1.403097,0.018742,-1.018623,0.000000,0.000000,0.000000,0.000000,0.000000,-0.000000
4623673627,1763340327006929925,0.000000000,0.000000000,1,224427.241346,329745,33554432,0.000,1.403102,0.018743,-1.018616,0.000000,0.000000,0.000000,0.000000,0.000000,-0.000000
4630775398,1763340327014031695,0.000000000,0.000000000,1,224427.248346,329745,33554432,0.000,1.403097,0.018743,-1.018612,0.000000,0.000000,0.000000,0.000000,0.000000,-0.000000
4637694558,1763340327020950837,0.000000000,0.000000000,1,224427.255346,329745,33554432,0.000,1.403090,0.018751,-1.018602,0.000000,0.000000,0.000000,0.000000,0.000000,-0.000000
4644771199,1763340327028027496,0.000000000,0.000000000,1,224427.262346,329745,33554432,0.000,1.403082,0.018759,-1.018596,0.000000,0.000000,0.000000,0.000000,0.000000,-0.000000
4651681044,1763340327034937341,0.000000000,0.000000000,1,224427.269346,329745,33554432,0.000,1.403081,0.018760,-1.018597,0.000000,0.000000,0.000000,0.000000,0.000000,-0.000000
4658777426,1763340327042033705,0.000000000,0.000000000,1,224427.276346,329745,33554432,0.000,1.403083,0.018765,-1.018590,0.000000,0.000000,0.000000,0.000000,0.000000,-0.000000
4665731067,1763340327048987364,0.000000000,0.000000000,1,224427.283346,329745,33554432,0.000,1.403086,0.018772,-1.018589,0.000000,0.000000,0.000000,0.000000,0.000000,-0.000000
4672815597,1763340327056071894,0.000000000,0.000000000,1,224427.290346,329745,33554432,0.000,1.403082,0.018774,-1.018593,0.000000,0.000000,0.000000,0.000000,0.000000,-0.000000
4679737238,1763340327062993517,0.000000000,0.000000000,1,224427.297346,329745,33554432,0.000,1.403080,0.018774,-1.018585,0.000000,0.000000,0.000000,0.000000,0.000000,-0.000000
4686647287,1763340327069903585,0.000000000,0.000000000,1,224427.304346,329745,33554432,0.000,1.403083,0.018772,-1.018563,0.000000,0.000000,0.000000,0.000000,0.000000,-0.000000
4693753521,1763340327077009818,0.000000000,0.000000000,1,224427.311346,329745,33554432,0.000,1.403082,0.018768,-1.018580,0.000000,0.000000,0.000000,0.000000,0.000000,-0.000000
4700667292,1763340327083923571,0.000000000,0.000000000,1,224427.318346,329745,33554432,0.000,1.403072,0.018767,-1.018567,0.000000,0.000000,0.000000,0.000000,0.000000,-0.000000
4707752248,1763340327091008415,0.000000000,0.000000000,1,224427.325346,329745,33554432,0.000,1.403068,0.018771,-1.018566,0.000000,0.000000,0.000000,0.000000,0.000000,-0.000000
4714664371,1763340327097920668,0.000000000,0.000000000,1,224427.332346,329745,33554432,0.000,1.403071,0.018775,-1.018565,0.000000,0.000000,0.000000,0.000000,0.000000,-0.000000
4721748049,1763340327105004216,0.000000000,0.000000000,1,224427.339346,329745,33554432,0.000,1.403076,0.018768,-1.018565,0.000000,0.000000,0.000000,0.000000,0.000000,-0.000000
4728695912,1763340327111952210,0.000000000,0.000000000,1,224427.346346,329745,33554432,0.000,1.403071,0.018771,-1.018559,0.000000,0.000000,0.000000,0.000000,0.000000,-0.000000
4735764683,1763340327119020962,0.000000000,0.000000000,1,224427.353346,329745,33554432,0.000,1.403062,0.018775,-1.018557,0.000000,0.000000,0.000000,0.000000,0.000000,-0.000000
4742685602,1763340327125941900,0.000000000,0.000000000,1,224427.360346,329745,33554432,0.000,1.403058,0.018761,-1.018558,0.000000,0.000000,0.000000,0.000000,0.000000,-0.000000
4749641596,1763340327132897893,0.000000000,0.000000000,1,224427.367346,329745,33554432,0.000,1.403053,0.018768,-1.018562,0.000000,0.000000,0.000000,0.000000,0.000000,-0.000000
4756774662,1763340327140030941,0.000000000,0.000000000,1,224427.374346,329745,33554432,0.000,1.403058,0.018763,-1.018570,0.000000,0.000000,0.000000,0.000000,0.000000,-0.000000
4763730785,1763340327146987027,0.000000000,0.000000000,1,224427.381346,329745,33554432,0.000,1.403062,0.018756,-1.018575,0.000000,0.000000,0.000000,0.000000,0.000000,-0.000000
4770784019,1763340327154040205,0.000000000,0.000000000,1,224427.388346,329745,33554432,0.000,1.403054,0.018762,-1.018565,0.000000,0.000000,0.000000,0.000000,0.000000,-0.000000
4777737864,1763340327160994050,0.000000000,0.000000000,1,224427.395346,329745,33554432,0.000,1.403054,0.018769,-1.018569,0.000000,0.000000,0.000000,0.000000,0.000000,-0.000000
4784672061,1763340327167928229,0.000000000,0.000000000,1,224427.402346,329745,33554432,0.000,1.403052,0.018761,-1.018562,0.000000,0.000000,0.000000,0.000000,0.000000,-0.000000
4791698183,1763340327174954462,0.000000000,0.000000000,1,224427.409346,329745,33554432,0.000,1.403049,0.018757,-1.018569,0.000000,0.000000,0.000000,0.000000,0.000000,-0.000000
4798669454,1763340327181925622,0.000000000,0.000000000,1,224427.416346,329745,33554432,0.000,1.403056,0.018741,-1.018578,0.000000,0.000000,0.000000,0.000000,0.000000,-0.000000
4805745651,1763340327189001856,0.000000000,0.000000000,1,224427.423346,329745,33554432,0.000,1.403053,0.018740,-1.018574,0.000000,0.000000,0.000000,0.000000,0.000000,-0.000000
4812743255,1763340327195999441,0.000000000,0.000000000,1,224427.430346,329745,33554432,0.000,1.403055,0.018738,-1.018581,0.000000,0.000000,0.000000,0.000000,0.000000,-0.000000
4819695619,1763340327202951916,0.000000000,0.000000000,1,224427.437346,329745,33554432,0.000,1.403053,0.018741,-1.018582,0.000000,0.000000,0.000000,0.000000,0.000000,-0.000000
4826711297,1763340327209966946,0.000000000,0.000000000,1,224427.444346,329745,33554432,0.000,1.403055,0.018728,-1.018555,0.000000,0.000000,0.000000,0.000000,0.000000,-0.000000
4833781012,1763340327217037309,0.000000000,0.000000000,1,224427.451346,329745,33554432,0.000,1.403051,0.018729,-1.018559,0.000000,0.000000,0.000000,0.000000,0.000000,-0.000000
4840704394,1763340327223960692,0.000000000,0.000000000,1,224427.458346,329745,33554432,0.000,1.403047,0.018708,-1.018549,0.000000,0.000000,0.000000,0.000000,0.000000,-0.000000
4847636406,1763340327230892611,0.000000000,0.000000000,1,224427.465346,329745,33554432,0.000,1.403039,0.018707,-1.018551,0.000000,0.000000,0.000000,0.000000,0.000000,-0.000000
4854703806,1763340327237960104,0.000000000,0.000000000,1,224427.472346,329745,33554432,0.000,1.403034,0.018708,-1.018546,0.000000,0.000000,0.000000,0.000000,0.000000,-0.000000
4861782040,1763340327245038337,0.000000000,0.000000000,1,224427.479346,329745,33554432,0.000,1.403040,0.018708,-1.018543,0.000000,0.000000,0.000000,0.000000,0.000000,-0.000000
4868719181,1763340327251975460,0.000000000,0.000000000,1,224427.486346,329745,33554432,0.000,1.403039,0.018701,-1.018515,0.000000,0.000000,0.000000,0.000000,0.000000,-0.000000
4875632156,1763340327258888398,0.000000000,0.000000000,1,224427.493346,329745,33554432,0.000,1.403043,0.018695,-1.018507,0.000000,0.000000,0.000000,0.000000,0.000000,-0.000000
4882699797,1763340327265956076,0.000000000,0.000000000,1,224427.500346,329745,33554432,0.000,1.403043,0.018680,-1.018499,0.000000,0.000000,0.000000,0.000000,0.000000,-0.000000
4889661957,1763340327272918199,0.000000000,0.000000000,1,224427.507346,329745,33554432,0.000,1.403049,0.018681,-1.018509,0.000000,0.000000,0.000000,0.000000,0.000000,-0.000000
4896739209,1763340327279995507,0.000000000,0.000000000,1,224427.514346,329745,33554432,0.000,1.403052,0.018688,-1.018507,0.000000,0.000000,0.000000,0.000000,0.000000,-0.000000
4903656110,1763340327286912407,0.000000000,0.000000000,1,224427.521346,329745,33554432,0.000,1.403061,0.018693,-1.018508,0.000000,0.000000,0.000000,0.000000,0.000000,-0.000000
4910722695,1763340327293978974,0.000000000,0.000000000,1,224427.528346,329745,33554432,0.000,1.403070,0.018695,-1.018509,0.000000,0.000000,0.000000,0.000000,0.000000,-0.000000
4917629374,1763340327300885709,0.000000000,0.000000000,1,224427.535346,329745,33554432,0.000,1.403067,0.018695,-1.018508,0.000000,0.000000,0.000000,0.000000,0.000000,-0.000000
4924711478,1763340327307967664,0.000000000,0.000000000,1,224427.542346,329745,33554432,0.000,1.403069,0.018695,-1.018488,0.000000,0.000000,0.000000,0.000000,0.000000,-0.000000
4931675508,1763340327314931806,0.000000000,0.000000000,1,224427.549346,329745,33554432,0.000,1.403074,0.018689,-1.018494,0.000000,0.000000,0.000000,0.000000,0.000000,-0.000000
4938769482,1763340327322025780,0.000000000,0.000000000,1,224427.556346,329745,33554432,0.000,1.403059,0.018682,-1.018493,0.000000,0.000000,0.000000,0.000000,0.000000,-0.000000
4945691457,1763340327328947755,0.000000000,0.000000000,1,224427.563346,329745,33554432,0.000,1.403053,0.018688,-1.018489,0.000000,0.000000,0.000000,0.000000,0.000000,-0.000000
4952767321,1763340327336023599,0.000000000,0.000000000,1,224427.570346,329745,33554432,0.000,1.403044,0.018698,-1.018496,0.000000,0.000000,0.000000,0.000000,0.000000,-0.000000
4959688592,1763340327342944889,0.000000000,0.000000000,1,224427.577346,329745,33554432,0.000,1.403047,0.018706,-1.018501,0.000000,0.000000,0.000000,0.000000,0.000000,-0.000000
4966635511,1763340327349891697,0.000000000,0.000000000,1,224427.584346,329745,33554432,0.000,1.403037,0.018706,-1.018495,0.000000,0.000000,0.000000,0.000000,0.000000,-0.000000
4973703430,1763340327356959727,0.000000000,0.000000000,1,224427.591346,329745,33554432,0.000,1.403030,0.018708,-1.018501,0.000000,0.000000,0.000000,0.000000,0.000000,-0.000000
4980771385,1763340327364027683,0.000000000,0.000000000,1,224427.598346,329745,33554432,0.000,1.403018,0.018706,-1.018497,0.000000,0.000000,0.000000,0.000000,0.000000,-0.000000
4987761582,1763340327371017750,0.000000000,0.000000000,1,224427.605346,329745,33554432,0.000,1.403015,0.018700,-1.018488,0.000000,0.000000,0.000000,0.000000,0.000000,-0.000000
4994726946,1763340327377983225,0.000000000,0.000000000,1,224427.612346,329745,33554432,0.000,1.403013,0.018705,-1.018500,0.000000,0.000000,0.000000,0.000000,0.000000,-0.000000
5001637050,1763340327384893329,0.000000000,0.000000000,1,224427.619346,329745,33554432,0.000,1.403009,0.018712,-1.018493,0.000000,0.000000,0.000000,0.000000,0.000000,-0.000000
5008705654,1763340327391961952,0.000000000,0.000000000,1,224427.626346,329745,33554432,0.000,1.403026,0.018718,-1.018493,0.000000,0.000000,0.000000,0.000000,0.000000,-0.000000
5015772740,1763340327399029037,0.000000000,0.000000000,1,224427.633346,329745,33554432,0.000,1.403027,0.018727,-1.018491,0.000000,0.000000,0.000000,0.000000,0.000000,-0.000000
5022688326,1763340327405944623,0.000000000,0.000000000,1,224427.640346,329745,33554432,0.000,1.403030,0.018727,-1.018484,0.000000,0.000000,0.000000,0.000000,0.000000,-0.000000
5029639745,1763340327412896024,0.000000000,0.000000000,1,224427.647346,329745,33554432,0.000,1.403022,0.018726,-1.018489,0.000000,0.000000,0.000000,0.000000,0.000000,-0.000000
5036708053,1763340327419964350,0.000000000,0.000000000,1,224427.654346,329745,33554432,0.000,1.403026,0.018728,-1.018489,0.000000,0.000000,0.000000,0.000000,0.000000,-0.000000
5043773749,1763340327427030028,0.000000000,0.000000000,1,224427.661346,329745,33554432,0.000,1.403028,0.018718,-1.018489,0.000000,0.000000,0.000000,0.000000,0.000000,-0.000000
5050692594,1763340327433948892,0.000000000,0.000000000,1,224427.668346,329745,33554432,0.000,1.403040,0.018724,-1.018477,0.000000,0.000000,0.000000,0.000000,0.000000,-0.000000
5057759402,1763340327441015681,0.000000000,0.000000000,1,224427.675346,329745,33554432,0.000,1.403040,0.018721,-1.018473,0.000000,0.000000,0.000000,0.000000,0.000000,-0.000000
5064691969,1763340327447948267,0.000000000,0.000000000,1,224427.682346,329745,33554432,0.000,1.403028,0.018736,-1.018468,0.000000,0.000000,0.000000,0.000000,0.000000,-0.000000
5071773073,1763340327455029371,0.000000000,0.000000000,1,224427.689346,329745,33554432,0.000,1.403031,0.018733,-1.018471,0.000000,0.000000,0.000000,0.000000,0.000000,-0.000000
5078694104,1763340327461950383,0.000000000,0.000000000,1,224427.696346,329745,33554432,0.000,1.403025,0.018725,-1.018466,0.000000,0.000000,0.000000,0.000000,0.000000,-0.000000
5085774652,1763340327469030931,0.000000000,0.000000000,1,224427.703346,329745,33554432,0.000,1.403025,0.018723,-1.018472,0.000000,0.000000,0.000000,0.000000,0.000000,-0.000000
5092709182,1763340327475965480,0.000000000,0.000000000,1,224427.710346,329745,33554432,0.000,1.403017,0.018728,-1.018475,0.000000,0.000000,0.000000,0.000000,0.000000,-0.000000
5099653231,1763340327482909492,0.000000000,0.000000000,1,224427.717346,329745,33554432,0.000,1.403020,0.018734,-1.018460,0.000000,0.000000,0.000000,0.000000,0.000000,-0.000000
5106720280,1763340327489976577,0.000000000,0.000000000,1,224427.724346,329745,33554432,0.000,1.403015,0.018742,-1.018451,0.000000,0.000000,0.000000,0.000000,0.000000,-0.000000
5113789550,1763340327497045829,0.000000000,0.000000000,1,224427.731346,329745,33554432,0.000,1.403018,0.018742,-1.018454,0.000000,0.000000,0.000000,0.000000,0.000000,-0.000000
5120698803,1763340327503955082,0.000000000,0.000000000,1,224427.738346,329745,33554432,0.000,1.403009,0.018734,-1.018451,0.000000,0.000000,0.000000,0.000000,0.000000,-0.000000
5127656259,1763340327510912538,0.000000000,0.000000000,1,224427.745346,329745,33554432,0.000,1.403008,0.018729,-1.018459,0.000000,0.000000,0.000000,0.000000,0.000000,-0.000000
5134723252,1763340327517979549,0.000000000,0.000000000,1,224427.752346,329745,33554432,0.000,1.403008,0.018732,-1.018458,0.000000,0.000000,0.000000,0.000000,0.000000,-0.000000
5141641431,1763340327524897598,0.000000000,0.000000000,1,224427.759346,329745,33554432,0.000,1.403007,0.018726,-1.018464,0.000000,0.000000,0.000000,0.000000,0.000000,-0.000000
5148655757,1763340327531911925,0.000000000,0.000000000,1,224427.766346,329745,33554432,0.000,1.403002,0.018728,-1.018465,0.000000,0.000000,0.000000,0.000000,0.000000,-0.000000
5155724009,1763340327538980288,0.000000000,0.000000000,1,224427.773346,329745,33554432,0.000,1.403000,0.018729,-1.018467,0.000000,0.000000,0.000000,0.000000,0.000000,-0.000000
5162631762,1763340327545888059,0.000000000,0.000000000,1,224427.780346,329745,33554432,0.000,1.402997,0.018726,-1.018461,0.000000,0.000000,0.000000,0.000000,0.000000,-0.000000
5169779958,1763340327553036255,0.000000000,0.000000000,1,224427.787346,329745,33554432,0.000,1.402995,0.018733,-1.018456,0.000000,0.000000,0.000000,0.000000,0.000000,-0.000000
5176689711,1763340327559946008,0.000000000,0.000000000,1,224427.794346,329745,33554432,0.000,1.402993,0.018726,-1.018453,0.000000,0.000000,0.000000,0.000000,0.000000,-0.000000
5183771111,1763340327567027390,0.000000000,0.000000000,1,224427.801346,329745,33554432,0.000,1.402986,0.018731,-1.018454,0.000000,0.000000,0.000000,0.000000,0.000000,-0.000000
5190774956,1763340327574031216,0.000000000,0.000000000,1,224427.808346,329745,33554432,0.000,1.402981,0.018720,-1.018444,0.000000,0.000000,0.000000,0.000000,0.000000,-0.000000
5197691560,1763340327580947839,0.000000000,0.000000000,1,224427.815346,329745,33554432,0.000,1.402967,0.018712,-1.018448,0.000000,0.000000,0.000000,0.000000,0.000000,-0.000000
5204769053,1763340327588025295,0.000000000,0.000000000,1,224427.822346,329745,33554432,0.000,1.402963,0.018722,-1.018433,0.000000,0.000000,0.000000,0.000000,0.000000,-0.000000
5211690158,1763340327594946436,0.000000000,0.000000000,1,224427.829346,329745,33554432,0.000,1.402962,0.018719,-1.018433,0.000000,0.000000,0.000000,0.000000,0.000000,-0.000000
5218776891,1763340327602032911,0.000000000,0.000000000,1,224427.836346,329745,33554432,0.000,1.402958,0.018708,-1.018428,0.000000,0.000000,0.000000,0.000000,0.000000,-0.000000
5225695014,1763340327608951311,0.000000000,0.000000000,1,224427.843346,329745,33554432,0.000,1.402961,0.018711,-1.018427,0.000000,0.000000,0.000000,0.000000,0.000000,-0.000000
5232810247,1763340327616066489,0.000000000,0.000000000,1,224427.850346,329745,33554432,0.000,1.402975,0.018720,-1.018430,0.000000,0.000000,0.000000,0.000000,0.000000,-0.000000
5239752148,1763340327623008446,0.000000000,0.000000000,1,224427.857346,329745,33554432,0.000,1.402975,0.018727,-1.018424,0.000000,0.000000,0.000000,0.000000,0.000000,-0.000000
5246661382,1763340327629917680,0.000000000,0.000000000,1,224427.864346,329745,33554432,0.000,1.402972,0.018730,-1.018421,0.000000,0.000000,0.000000,0.000000,0.000000,-0.000000
5253754727,1763340327637011024,0.000000000,0.000000000,1,224427.871346,329745,33554432,0.000,1.402955,0.018724,-1.018422,0.000000,0.000000,0.000000,0.000000,0.000000,-0.000000
5260677794,1763340327643934073,0.000000000,0.000000000,1,224427.878346,329745,33554432,0.000,1.402960,0.018723,-1.018419,0.000000,0.000000,0.000000,0.000000,0.000000,-0.000000
5267775232,1763340327651031529,0.000000000,0.000000000,1,224427.885346,329745,33554432,0.000,1.402965,0.018722,-1.018418,0.000000,0.000000,0.000000,0.000000,0.000000,-0.000000
5274701836,1763340327657958115,0.000000000,0.000000000,1,224427.892346,329745,33554432,0.000,1.402973,0.018722,-1.018423,0.000000,0.000000,0.000000,0.000000,0.000000,-0.000000
5281628922,1763340327664885108,0.000000000,0.000000000,1,224427.899346,329745,33554432,0.000,1.402973,0.018725,-1.018431,0.000000,0.000000,0.000000,0.000000,0.000000,-0.000000
5288696933,1763340327671953231,0.000000000,0.000000000,1,224427.906346,329745,33554432,0.000,1.402963,0.018714,-1.018422,0.000000,0.000000,0.000000,0.000000,0.000000,-0.000000
5295655797,1763340327678912076,0.000000000,0.000000000,1,224427.913346,329745,33554432,0.000,1.402968,0.018712,-1.018416,0.000000,0.000000,0.000000,0.000000,0.000000,-0.000000
5302836549,1763340327686092809,0.000000000,0.000000000,1,224427.920346,329745,33554432,0.000,1.402976,0.018711,-1.018401,0.000000,0.000000,0.000000,0.000000,0.000000,-0.000000
5309756764,1763340327693012562,0.000000000,0.000000000,1,224427.927346,329745,33554432,0.000,1.402968,0.018712,-1.018408,0.000000,0.000000,0.000000,0.000000,0.000000,-0.000000
5316691739,1763340327699947925,0.000000000,0.000000000,1,224427.934346,329745,33554432,0.000,1.402975,0.018714,-1.018413,0.000000,0.000000,0.000000,0.000000,0.000000,-0.000000
5323650140,1763340327706905641,0.000000000,0.000000000,1,224427.941346,329745,33554432,0.000,1.402969,0.018715,-1.018413,0.000000,0.000000,0.000000,0.000000,0.000000,-0.000000
5330786206,1763340327714042504,0.000000000,0.000000000,1,224427.948346,329745,33554432,0.000,1.402966,0.018705,-1.018397,0.000000,0.000000,0.000000,0.000000,0.000000,-0.000000
5337694829,1763340327720951108,0.000000000,0.000000000,1,224427.955346,329745,33554432,0.000,1.402970,0.018702,-1.018396,0.000000,0.000000,0.000000,0.000000,0.000000,-0.000000
5344770359,1763340327728026638,0.000000000,0.000000000,1,224427.962346,329745,33554432,0.000,1.402969,0.018690,-1.018391,0.000000,0.000000,0.000000,0.000000,0.000000,-0.000000
5351693723,1763340327734950020,0.000000000,0.000000000,1,224427.969346,329745,33554432,0.000,1.402972,0.018690,-1.018385,0.000000,0.000000,0.000000,0.000000,0.000000,-0.000000
5358771882,1763340327742028180,0.000000000,0.000000000,1,224427.976346,329745,33554432,0.000,1.402971,0.018686,-1.018385,0.000000,0.000000,0.000000,0.000000,0.000000,-0.000000
5365732005,1763340327748988284,0.000000000,0.000000000,1,224427.983346,329745,33554432,0.000,1.402969,0.018693,-1.018385,0.000000,0.000000,0.000000,0.000000,0.000000,-0.000000
5372809776,1763340327756066055,0.000000000,0.000000000,1,224427.990346,329745,33554432,0.000,1.402979,0.018703,-1.018381,0.000000,0.000000,0.000000,0.000000,0.000000,-0.000000
5379738825,1763340327762995122,0.000000000,0.000000000,1,224427.997346,329745,33554432,0.000,1.402983,0.018700,-1.018378,0.000000,0.000000,0.000000,0.000000,0.000000,-0.000000
5386648596,1763340327769904893,0.000000000,0.000000000,1,224428.004346,329745,33554432,0.000,1.402987,0.018705,-1.018378,0.000000,0.000000,0.000000,0.000000,0.000000,-0.000000
5393752181,1763340327777008479,0.000000000,0.000000000,1,224428.011346,329745,33554432,0.000,1.402993,0.018710,-1.018377,0.000000,0.000000,0.000000,0.000000,0.000000,-0.000000
5400661360,1763340327783917639,0.000000000,0.000000000,1,224428.018346,329745,33554432,0.000,1.402999,0.018700,-1.018346,0.000000,0.000000,0.000000,0.000000,0.000000,-0.000000
5407711408,1763340327790967576,0.000000000,0.000000000,1,224428.025346,329745,33554432,0.000,1.402994,0.018701,-1.018351,0.000000,0.000000,0.000000,0.000000,0.000000,-0.000000
5414791234,1763340327798047402,0.000000000,0.000000000,1,224428.032346,329745,33554432,0.000,1.402994,0.018696,-1.018351,0.000000,0.000000,0.000000,0.000000,0.000000,-0.000000
5421698895,1763340327804955173,0.000000000,0.000000000,1,224428.039346,329745,33554432,0.000,1.402992,0.018684,-1.018351,0.000000,0.000000,0.000000,0.000000,0.000000,-0.000000
5428676258,1763340327811932537,0.000000000,0.000000000,1,224428.046346,329745,33554432,0.000,1.402990,0.018684,-1.018333,0.000000,0.000000,0.000000,0.000000,0.000000,-0.000000
5435742658,1763340327818998937,0.000000000,0.000000000,1,224428.053346,329745,33554432,0.000,1.402990,0.018680,-1.018332,0.000000,0.000000,0.000000,0.000000,0.000000,-0.000000
5442658430,1763340327825914708,0.000000000,0.000000000,1,224428.060346,329745,33554432,0.000,1.402998,0.018678,-1.018322,0.000000,0.000000,0.000000,0.000000,0.000000,-0.000000
5449739719,1763340327832995997,0.000000000,0.000000000,1,224428.067346,329745,33554432,0.000,1.402998,0.018685,-1.018318,0.000000,0.000000,0.000000,0.000000,0.000000,-0.000000
5456648601,1763340327839904880,0.000000000,0.000000000,1,224428.074346,329745,33554432,0.000,1.403001,0.018674,-1.018321,0.000000,0.000000,0.000000,0.000000,0.000000,-0.000000
5463737964,1763340327846994206,0.000000000,0.000000000,1,224428.081346,329745,33554432,0.000,1.402996,0.018678,-1.018319,0.000000,0.000000,0.000000,0.000000,0.000000,-0.000000
5470663643,1763340327853919921,0.000000000,0.000000000,1,224428.088346,329745,33554432,0.000,1.402997,0.018679,-1.018315,0.000000,0.000000,0.000000,0.000000,0.000000,-0.000000
5477747450,1763340327861003748,0.000000000,0.000000000,1,224428.095346,329745,33554432,0.000,1.403000,0.018673,-1.018316,0.000000,0.000000,0.000000,0.000000,0.000000,-0.000000
5484737480,1763340327867993648,0.000000000,0.000000000,1,224428.102346,329745,33554432,0.000,1.402999,0.018673,-1.018300,0.000000,0.000000,0.000000,0.000000,0.000000,-0.000000
5491696214,1763340327874952512,0.000000000,0.000000000,1,224428.109346,329745,33554432,0.000,1.403007,0.018675,-1.018303,0.000000,0.000000,0.000000,0.000000,0.000000,-0.000000
5498762670,1763340327882018968,0.000000000,0.000000000,1,224428.116346,329745,33554432,0.000,1.403006,0.018671,-1.018291,0.000000,0.000000,0.000000,0.000000,0.000000,-0.000000
5505631590,1763340327888887887,0.000000000,0.000000000,1,224428.123346,329745,33554432,0.000,1.403002,0.018680,-1.018282,0.000000,0.000000,0.000000,0.000000,0.000000,-0.000000
5512698953,1763340327895955269,0.000000000,0.000000000,1,224428.130346,329745,33554432,0.000,1.402993,0.018663,-1.018281,0.000000,0.000000,0.000000,0.000000,0.000000,-0.000000
5519633909,1763340327902890169,0.000000000,0.000000000,1,224428.137346,329745,33554432,0.000,1.402990,0.018669,-1.018275,0.000000,0.000000,0.000000,0.000000,0.000000,-0.000000
5526738254,1763340327909994366,0.000000000,0.000000000,1,224428.144346,329745,33554432,0.000,1.403003,0.018668,-1.018259,0.000000,0.000000,0.000000,0.000000,0.000000,-0.000000
5533661506,1763340327916917785,0.000000000,0.000000000,1,224428.151346,329745,33554432,0.000,1.402997,0.018660,-1.018269,0.000000,0.000000,0.000000,0.000000,0.000000,-0.000000
5540728721,1763340327923985000,0.000000000,0.000000000,1,224428.158346,329745,33554432,0.000,1.402995,0.018669,-1.018266,0.000000,0.000000,0.000000,0.000000,0.000000,-0.000000
5547644381,1763340327930900679,0.000000000,0.000000000,1,224428.165346,329745,33554432,0.000,1.402995,0.018670,-1.018266,0.000000,0.000000,0.000000,0.000000,0.000000,-0.000000
5554711893,1763340327937968172,0.000000000,0.000000000,1,224428.172346,329745,33554432,0.000,1.403000,0.018670,-1.018263,0.000000,0.000000,0.000000,0.000000,0.000000,-0.000000
5561780497,1763340327945036794,0.000000000,0.000000000,1,224428.179346,329745,33554432,0.000,1.402995,0.018676,-1.018257,0.000000,0.000000,0.000000,0.000000,0.000000,-0.000000
5568731842,1763340327951988121,0.000000000,0.000000000,1,224428.186346,329745,33554432,0.000,1.402996,0.018679,-1.018248,0.000000,0.000000,0.000000,0.000000,0.000000,-0.000000
5575657187,1763340327958913484,0.000000000,0.000000000,1,224428.193346,329745,33554432,0.000,1.402992,0.018678,-1.018246,0.000000,0.000000,0.000000,0.000000,0.000000,-0.000000
5582725421,1763340327965981718,0.000000000,0.000000000,1,224428.200346,329745,33554432,0.000,1.402975,0.018680,-1.018242,0.000000,0.000000,0.000000,0.000000,0.000000,-0.000000
5589674284,1763340327972930526,0.000000000,0.000000000,1,224428.207346,329745,33554432,0.000,1.402971,0.018680,-1.018243,0.000000,0.000000,0.000000,0.000000,0.000000,-0.000000
5596743222,1763340327979999500,0.000000000,0.000000000,1,224428.214346,329745,33554432,0.000,1.402970,0.018677,-1.018244,0.000000,0.000000,0.000000,0.000000,0.000000,-0.000000
5603655178,1763340327986911346,0.000000000,0.000000000,1,224428.221346,329745,33554432,0.000,1.402969,0.018673,-1.018248,0.000000,0.000000,0.000000,0.000000,0.000000,-0.000000
5610735115,1763340327993991413,0.000000000,0.000000000,1,224428.228346,329745,33554432,0.000,1.402969,0.018657,-1.018237,0.000000,0.000000,0.000000,0.000000,0.000000,-0.000000
5617654701,1763340328000910999,0.000000000,0.000000000,1,224428.235346,329745,33554432,0.000,1.402964,0.018655,-1.018243,0.000000,0.000000,0.000000,0.000000,0.000000,-0.000000
5624734268,1763340328007990565,0.000000000,0.000000000,1,224428.242346,329745,33554432,0.000,1.402967,0.018667,-1.018226,0.000000,0.000000,0.000000,0.000000,0.000000,-0.000000
5631672502,1763340328014928799,0.000000000,0.000000000,1,224428.249346,329745,33554432,0.000,1.402968,0.018667,-1.018224,0.000000,0.000000,0.000000,0.000000,0.000000,-0.000000
5638746939,1763340328022003237,0.000000000,0.000000000,1,224428.256346,329745,33554432,0.000,1.402971,0.018661,-1.018218,0.000000,0.000000,0.000000,0.000000,0.000000,-0.000000
5645698062,1763340328028954360,0.000000000,0.000000000,1,224428.263346,329745,33554432,0.000,1.402965,0.018655,-1.018217,0.000000,0.000000,0.000000,0.000000,0.000000,-0.000000
5652774055,1763340328036030352,0.000000000,0.000000000,1,224428.270346,329745,33554432,0.000,1.402963,0.018657,-1.018219,0.000000,0.000000,0.000000,0.000000,0.000000,-0.000000
5659731845,1763340328042988142,0.000000000,0.000000000,1,224428.277346,329745,33554432,0.000,1.402953,0.018653,-1.018216,0.000000,0.000000,0.000000,0.000000,0.000000,-0.000000
5666687171,1763340328049943450,0.000000000,0.000000000,1,224428.284346,329745,33554432,0.000,1.402947,0.018652,-1.018202,0.000000,0.000000,0.000000,0.000000,0.000000,-0.000000
5673757257,1763340328057013554,0.000000000,0.000000000,1,224428.291346,329745,33554432,0.000,1.402941,0.018660,-1.018201,0.000000,0.000000,0.000000,0.000000,0.000000,-0.000000
5680668806,1763340328063925084,0.000000000,0.000000000,1,224428.298346,329745,33554432,0.000,1.402949,0.018656,-1.018181,0.000000,0.000000,0.000000,0.000000,0.000000,-0.000000
5687740798,1763340328070997096,0.000000000,0.000000000,1,224428.305346,329745,33554432,0.000,1.402952,0.018659,-1.018181,0.000000,0.000000,0.000000,0.000000,0.000000,-0.000000
5694694847,1763340328077951145,0.000000000,0.000000000,1,224428.312346,329745,33554432,0.000,1.402955,0.018667,-1.018176,0.000000,0.000000,0.000000,0.000000,0.000000,-0.000000
5701786432,1763340328085042619,0.000000000,0.000000000,1,224428.319346,329745,33554432,0.000,1.402966,0.018660,-1.018178,0.000000,0.000000,0.000000,0.000000,0.000000,-0.000000
5708697130,1763340328091953427,0.000000000,0.000000000,1,224428.326346,329745,33554432,0.000,1.402965,0.018661,-1.018169,0.000000,0.000000,0.000000,0.000000,0.000000,-0.000000
5715716586,1763340328098972753,0.000000000,0.000000000,1,224428.333346,329745,33554432,0.000,1.402963,0.018662,-1.018172,0.000000,0.000000,0.000000,0.000000,0.000000,-0.000000
5722702597,1763340328105958895,0.000000000,0.000000000,1,224428.340346,329745,33554432,0.000,1.402967,0.018667,-1.018166,0.000000,0.000000,0.000000,0.000000,0.000000,-0.000000
5729701998,1763340328112958277,0.000000000,0.000000000,1,224428.347346,329745,33554432,0.000,1.402969,0.018668,-1.018179,0.000000,0.000000,0.000000,0.000000,0.000000,-0.000000
5736634602,1763340328119890881,0.000000000,0.000000000,1,224428.354346,329745,33554432,0.000,1.402969,0.018668,-1.018173,0.000000,0.000000,0.000000,0.000000,0.000000,-0.000000
5743704947,1763340328126961226,0.000000000,0.000000000,1,224428.361346,329745,33554432,0.000,1.402969,0.018670,-1.018175,0.000000,0.000000,0.000000,0.000000,0.000000,-0.000000
5750783810,1763340328134040107,0.000000000,0.000000000,1,224428.368346,329745,33554432,0.000,1.402979,0.018668,-1.018173,0.000000,0.000000,0.000000,0.000000,0.000000,-0.000000
5757739674,1763340328140995953,0.000000000,0.000000000,1,224428.375346,329745,33554432,0.000,1.402979,0.018671,-1.018170,0.000000,0.000000,0.000000,0.000000,0.000000,-0.000000
5764701722,1763340328147958001,0.000000000,0.000000000,1,224428.382346,329745,33554432,0.000,1.402985,0.018664,-1.018154,0.000000,0.000000,0.000000,0.000000,0.000000,-0.000000
5771723364,1763340328154979550,0.000000000,0.000000000,1,224428.389346,329745,33554432,0.000,1.402980,0.018674,-1.018151,0.000000,0.000000,0.000000,0.000000,0.000000,-0.000000
5778660561,1763340328161916747,0.000000000,0.000000000,1,224428.396346,329745,33554432,0.000,1.402977,0.018664,-1.018147,0.000000,0.000000,0.000000,0.000000,0.000000,-0.000000
5785754813,1763340328169011110,0.000000000,0.000000000,1,224428.403346,329745,33554432,0.000,1.402984,0.018668,-1.018140,0.000000,0.000000,0.000000,0.000000,0.000000,-0.000000
5792712713,1763340328175968992,0.000000000,0.000000000,1,224428.410346,329745,33554432,0.000,1.402981,0.018669,-1.018134,0.000000,0.000000,0.000000,0.000000,0.000000,-0.000000
5799761891,1763340328183018022,0.000000000,0.000000000,1,224428.417346,329745,33554432,0.000,1.402985,0.018670,-1.018144,0.000000,0.000000,0.000000,0.000000,0.000000,-0.000000
5806778421,1763340328190034311,0.000000000,0.000000000,1,224428.424346,329745,33554432,0.000,1.402989,0.018679,-1.018121,0.000000,0.000000,0.000000,0.000000,0.000000,-0.000000
5813923673,1763340328197179822,0.000000000,0.000000000,1,224428.431346,329745,33554432,0.000,1.402992,0.018681,-1.018122,0.000000,0.000000,0.000000,0.000000,0.000000,-0.000000
5820722352,1763340328203978501,0.000000000,0.000000000,1,224428.438346,329745,33554432,0.000,1.402998,0.018676,-1.018119,0.000000,0.000000,0.000000,0.000000,0.000000,-0.000000
5827728660,1763340328210984828,0.000000000,0.000000000,1,224428.445346,329745,33554432,0.000,1.402998,0.018681,-1.018126,0.000000,0.000000,0.000000,0.000000,0.000000,-0.000000
5834637857,1763340328217894136,0.000000000,0.000000000,1,224428.452346,329745,33554432,0.000,1.403006,0.018671,-1.018124,0.000000,0.000000,0.000000,0.000000,0.000000,-0.000000
5841706739,1763340328224963036,0.000000000,0.000000000,1,224428.459346,329745,33554432,0.000,1.403005,0.018682,-1.018129,0.000000,0.000000,0.000000,0.000000,0.000000,-0.000000
5848775454,1763340328232031751,0.000000000,0.000000000,1,224428.466346,329745,33554432,0.000,1.403000,0.018669,-1.018120,0.000000,0.000000,0.000000,0.000000,0.000000,-0.000000
5855683225,1763340328238939523,0.000000000,0.000000000,1,224428.473346,329745,33554432,0.000,1.402997,0.018670,-1.018120,0.000000,0.000000,0.000000,0.000000,0.000000,-0.000000
5862750607,1763340328246006904,0.000000000,0.000000000,1,224428.480346,329745,33554432,0.000,1.402992,0.018660,-1.018116,0.000000,0.000000,0.000000,0.000000,0.000000,-0.000000
5869729730,1763340328252986027,0.000000000,0.000000000,1,224428.487346,329745,33554432,0.000,1.402996,0.018656,-1.018119,0.000000,0.000000,0.000000,0.000000,0.000000,-0.000000
5876638982,1763340328259895280,0.000000000,0.000000000,1,224428.494346,329745,33554432,0.000,1.402997,0.018660,-1.018124,0.000000,0.000000,0.000000,0.000000,0.000000,-0.000000
5883707772,1763340328266964069,0.000000000,0.000000000,1,224428.501346,329745,33554432,0.000,1.402992,0.018655,-1.018119,0.000000,0.000000,0.000000,0.000000,0.000000,-0.000000
5890648283,1763340328273904581,0.000000000,0.000000000,1,224428.508346,329745,33554432,0.000,1.402987,0.018655,-1.018115,0.000000,0.000000,0.000000,0.000000,0.000000,-0.000000
5897731943,1763340328280988240,0.000000000,0.000000000,1,224428.515346,329745,33554432,0.000,1.402990,0.018659,-1.018107,0.000000,0.000000,0.000000,0.000000,0.000000,-0.000000
5904820380,1763340328288076659,0.000000000,0.000000000,1,224428.522346,329745,33554432,0.000,1.402999,0.018671,-1.018090,0.000000,0.000000,0.000000,0.000000,0.000000,-0.000000
5911729429,1763340328294985708,0.000000000,0.000000000,1,224428.529346,329745,33554432,0.000,1.402995,0.018672,-1.018090,0.000000,0.000000,0.000000,0.000000,0.000000,-0.000000
5918654126,1763340328301910423,0.000000000,0.000000000,1,224428.536346,329745,33554432,0.000,1.403006,0.018685,-1.018077,0.000000,0.000000,0.000000,0.000000,0.000000,-0.000000
5925738489,1763340328308994768,0.000000000,0.000000000,1,224428.543346,329745,33554432,0.000,1.402995,0.018685,-1.018071,0.000000,0.000000,0.000000,0.000000,0.000000,-0.000000
5932835167,1763340328316091465,0.000000000,0.000000000,1,224428.550346,329745,33554432,0.000,1.403002,0.018687,-1.018072,0.000000,0.000000,0.000000,0.000000,0.000000,-0.000000
5939766235,1763340328323022532,0.000000000,0.000000000,1,224428.557346,329745,33554432,0.000,1.402998,0.018689,-1.018077,0.000000,0.000000,0.000000,0.000000,0.000000,-0.000000
5946695098,1763340328329951396,0.000000000,0.000000000,1,224428.564346,329745,33554432,0.000,1.402997,0.018686,-1.018058,0.000000,0.000000,0.000000,0.000000,0.000000,-0.000000
5953763869,1763340328337020166,0.000000000,0.000000000,1,224428.571346,329745,33554432,0.000,1.402992,0.018688,-1.018058,0.000000,0.000000,0.000000,0.000000,0.000000,-0.000000
5960771714,1763340328344028048,0.000000000,0.000000000,1,224428.578346,329745,33554432,0.000,1.402999,0.018682,-1.018031,0.000000,0.000000,0.000000,0.000000,0.000000,-0.000000
5967724911,1763340328350981190,0.000000000,0.000000000,1,224428.585346,329745,33554432,0.000,1.403002,0.018681,-1.018031,0.000000,0.000000,0.000000,0.000000,0.000000,-0.000000
5974643756,1763340328357900035,0.000000000,0.000000000,1,224428.592346,329745,33554432,0.000,1.403010,0.018681,-1.018038,0.000000,0.000000,0.000000,0.000000,0.000000,-0.000000
5981727120,1763340328364983417,0.000000000,0.000000000,1,224428.599346,329745,33554432,0.000,1.403018,0.018680,-1.018046,0.000000,0.000000,0.000000,0.000000,0.000000,-0.000000
5988814112,1763340328372070280,0.000000000,0.000000000,1,224428.606346,329745,33554432,0.000,1.403020,0.018671,-1.018040,0.000000,0.000000,0.000000,0.000000,0.000000,-0.000000
5995778995,1763340328379035274,0.000000000,0.000000000,1,224428.613346,329745,33554432,0.000,1.403014,0.018672,-1.018038,0.000000,0.000000,0.000000,0.000000,0.000000,-0.000000
6002701359,1763340328385957545,0.000000000,0.000000000,1,224428.620346,329745,33554432,0.000,1.403009,0.018686,-1.018026,0.000000,0.000000,0.000000,0.000000,0.000000,-0.000000
6009787555,1763340328393043853,0.000000000,0.000000000,1,224428.627346,329745,33554432,0.000,1.403011,0.018689,-1.018033,0.000000,0.000000,0.000000,0.000000,0.000000,-0.000000
6016709308,1763340328399965605,0.000000000,0.000000000,1,224428.634346,329745,33554432,0.000,1.403011,0.018693,-1.018025,0.000000,0.000000,0.000000,0.000000,0.000000,-0.000000
6023775801,1763340328407032061,0.000000000,0.000000000,1,224428.641346,329745,33554432,0.000,1.403022,0.018694,-1.018025,0.000000,0.000000,0.000000,0.000000,0.000000,-0.000000
6030710202,1763340328413966499,0.000000000,0.000000000,1,224428.648346,329745,33554432,0.000,1.403026,0.018695,-1.018025,0.000000,0.000000,0.000000,0.000000,0.000000,-0.000000
6037642195,1763340328420898474,0.000000000,0.000000000,1,224428.655346,329745,33554432,0.000,1.403032,0.018694,-1.018028,0.000000,0.000000,0.000000,0.000000,0.000000,-0.000000
6044726614,1763340328427982782,0.000000000,0.000000000,1,224428.662346,329745,33554432,0.000,1.403030,0.018704,-1.018022,0.000000,0.000000,0.000000,0.000000,0.000000,-0.000000
6051651700,1763340328434907979,0.000000000,0.000000000,1,224428.669346,329745,33554432,0.000,1.403026,0.018707,-1.018021,0.000000,0.000000,0.000000,0.000000,0.000000,-0.000000
6058719786,1763340328441976083,0.000000000,0.000000000,1,224428.676346,329745,33554432,0.000,1.403026,0.018707,-1.018005,0.000000,0.000000,0.000000,0.000000,0.000000,-0.000000
6065656520,1763340328448912817,0.000000000,0.000000000,1,224428.683346,329745,33554432,0.000,1.403026,0.018701,-1.018002,0.000000,0.000000,0.000000,0.000000,0.000000,-0.000000
6072736809,1763340328455993107,0.000000000,0.000000000,1,224428.690346,329745,33554432,0.000,1.403037,0.018705,-1.018002,0.000000,0.000000,0.000000,0.000000,0.000000,-0.000000
6079663692,1763340328462919989,0.000000000,0.000000000,1,224428.697346,329745,33554432,0.000,1.403042,0.018705,-1.018004,0.000000,0.000000,0.000000,0.000000,0.000000,-0.000000
6086742536,1763340328469998834,0.000000000,0.000000000,1,224428.704346,329745,33554432,0.000,1.403043,0.018699,-1.018001,0.000000,0.000000,0.000000,0.000000,0.000000,-0.000000
6093827233,1763340328477083530,0.000000000,0.000000000,1,224428.711346,329745,33554432,0.000,1.403034,0.018695,-1.017994,0.000000,0.000000,0.000000,0.000000,0.000000,-0.000000
6100738227,1763340328483994505,0.000000000,0.000000000,1,224428.718346,329745,33554432,0.000,1.403035,0.018693,-1.017987,0.000000,0.000000,0.000000,0.000000,0.000000,-0.000000
6107655313,1763340328490911610,0.000000000,0.000000000,1,224428.725346,329745,33554432,0.000,1.403037,0.018700,-1.017985,0.000000,0.000000,0.000000,0.000000,0.000000,-0.000000
6114723287,1763340328497979585,0.000000000,0.000000000,1,224428.732346,329745,33554432,0.000,1.403050,0.018703,-1.017977,0.000000,0.000000,0.000000,0.000000,0.000000,-0.000000
6121632892,1763340328504889189,0.000000000,0.000000000,1,224428.739346,329745,33554432,0.000,1.403044,0.018710,-1.017976,0.000000,0.000000,0.000000,0.000000,0.000000,-0.000000
6128736866,1763340328511993164,0.000000000,0.000000000,1,224428.746346,329745,33554432,0.000,1.403051,0.018706,-1.017976,0.000000,0.000000,0.000000,0.000000,0.000000,-0.000000
6135652026,1763340328518908305,0.000000000,0.000000000,1,224428.753346,329745,33554432,0.000,1.403057,0.018702,-1.017976,0.000000,0.000000,0.000000,0.000000,0.000000,-0.000000
6142738797,1763340328525995094,0.000000000,0.000000000,1,224428.760346,329745,33554432,0.000,1.403059,0.018695,-1.017966,0.000000,0.000000,0.000000,0.000000,0.000000,-0.000000
6149665587,1763340328532921884,0.000000000,0.000000000,1,224428.767346,329745,33554432,0.000,1.403058,0.018693,-1.017971,0.000000,0.000000,0.000000,0.000000,0.000000,-0.000000
6156733932,1763340328539990210,0.000000000,0.000000000,1,224428.774346,329745,33554432,0.000,1.403055,0.018681,-1.017974,0.000000,0.000000,0.000000,0.000000,0.000000,-0.000000
6163689036,1763340328546945278,0.000000000,0.000000000,1,224428.781346,329745,33554432,0.000,1.403065,0.018685,-1.017979,0.000000,0.000000,0.000000,0.000000,0.000000,-0.000000
6170759862,1763340328554016141,0.000000000,0.000000000,1,224428.788346,329745,33554432,0.000,1.403069,0.018691,-1.017967,0.000000,0.000000,0.000000,0.000000,0.000000,-0.000000
6177667912,1763340328560924190,0.000000000,0.000000000,1,224428.795346,329745,33554432,0.000,1.403075,0.018684,-1.017967,0.000000,0.000000,0.000000,0.000000,0.000000,-0.000000
6184762793,1763340328568019072,0.000000000,0.000000000,1,224428.802346,329745,33554432,0.000,1.403079,0.018680,-1.017951,0.000000,0.000000,0.000000,0.000000,0.000000,-0.000000
6191760842,1763340328575017084,0.000000000,0.000000000,1,224428.809346,329745,33554432,0.000,1.403083,0.018683,-1.017943,0.000000,0.000000,0.000000,0.000000,0.000000,-0.000000
6198850317,1763340328582106595,0.000000000,0.000000000,1,224428.816346,329745,33554432,0.000,1.403075,0.018675,-1.017932,0.000000,0.000000,0.000000,0.000000,0.000000,-0.000000
6205632311,1763340328588888052,0.000000000,0.000000000,1,224428.823346,329745,33554432,0.000,1.403072,0.018674,-1.017938,0.000000,0.000000,0.000000,0.000000,0.000000,-0.000000
6212787433,1763340328596043712,0.000000000,0.000000000,1,224428.830346,329745,33554432,0.000,1.403073,0.018677,-1.017935,0.000000,0.000000,0.000000,0.000000,0.000000,-0.000000
6219738278,1763340328602994446,0.000000000,0.000000000,1,224428.837346,329745,33554432,0.000,1.403076,0.018676,-1.017933,0.000000,0.000000,0.000000,0.000000,0.000000,-0.000000
6226693031,1763340328609949050,0.000000000,0.000000000,1,224428.844346,329745,33554432,0.000,1.403072,0.018692,-1.017925,0.000000,0.000000,0.000000,0.000000,0.000000,-0.000000
6233780450,1763340328617036747,0.000000000,0.000000000,1,224428.851346,329745,33554432,0.000,1.403072,0.018696,-1.017921,0.000000,0.000000,0.000000,0.000000,0.000000,-0.000000
6240703221,1763340328623959518,0.000000000,0.000000000,1,224428.858346,329745,33554432,0.000,1.403075,0.018694,-1.017904,0.000000,0.000000,0.000000,0.000000,0.000000,-0.000000
6247774306,1763340328631030585,0.000000000,0.000000000,1,224428.865346,329745,33554432,0.000,1.403073,0.018700,-1.017902,0.000000,0.000000,0.000000,0.000000,0.000000,-0.000000
6254694541,1763340328637950838,0.000000000,0.000000000,1,224428.872346,329745,33554432,0.000,1.403092,0.018707,-1.017909,0.000000,0.000000,0.000000,0.000000,0.000000,-0.000000
6261772441,1763340328645028738,0.000000000,0.000000000,1,224428.879346,329745,33554432,0.000,1.403104,0.018707,-1.017905,0.000000,0.000000,0.000000,0.000000,0.000000,-0.000000
6271532980,1763340328654789240,0.000000000,0.000000000,1,224428.886346,329745,33554432,0.000,1.403109,0.018712,-1.017911,0.000000,0.000000,0.000000,0.000000,0.000000,-0.000000
6275744742,1763340328659001040,0.000000000,0.000000000,1,224428.893346,329745,33554432,0.000,1.403111,0.018716,-1.017910,0.000000,0.000000,0.000000,0.000000,0.000000,-0.000000
6282678958,1763340328665935126,0.000000000,0.000000000,1,224428.900346,329745,33554432,0.000,1.403104,0.018708,-1.017910,0.000000,0.000000,0.000000,0.000000,0.000000,-0.000000
6289652637,1763340328672908952,0.000000000,0.000000000,1,224428.907346,329745,33554432,0.000,1.403103,0.018716,-1.017910,0.000000,0.000000,0.000000,0.000000,0.000000,-0.000000
6296725092,1763340328679981371,0.000000000,0.000000000,1,224428.914346,329745,33554432,0.000,1.403102,0.018715,-1.017902,0.000000,0.000000,0.000000,0.000000,0.000000,-0.000000
6303686308,1763340328686942494,0.000000000,0.000000000,1,224428.921346,329745,33554432,0.000,1.403098,0.018718,-1.017898,0.000000,0.000000,0.000000,0.000000,0.000000,-0.000000
6310714746,1763340328693969710,0.000000000,0.000000000,1,224428.928346,329745,33554432,0.000,1.403105,0.018716,-1.017893,0.000000,0.000000,0.000000,0.000000,0.000000,-0.000000
6317765220,1763340328701020906,0.000000000,0.000000000,1,224428.935346,329745,33554432,0.000,1.403106,0.018712,-1.017896,0.000000,0.000000,0.000000,0.000000,0.000000,-0.000000
6324691954,1763340328707948252,0.000000000,0.000000000,1,224428.942346,329745,33554432,0.000,1.403106,0.018723,-1.017884,0.000000,0.000000,0.000000,0.000000,0.000000,-0.000000
6331687799,1763340328714944078,0.000000000,0.000000000,1,224428.949346,329745,33554432,0.000,1.403105,0.018728,-1.017877,0.000000,0.000000,0.000000,0.000000,0.000000,-0.000000
6338777237,1763340328722033534,0.000000000,0.000000000,1,224428.956346,329745,33554432,0.000,1.403103,0.018716,-1.017875,0.000000,0.000000,0.000000,0.000000,0.000000,-0.000000
6345707767,1763340328728964065,0.000000000,0.000000000,1,224428.963346,329745,33554432,0.000,1.403104,0.018718,-1.017873,0.000000,0.000000,0.000000,0.000000,0.000000,-0.000000
6352779983,1763340328736036132,0.000000000,0.000000000,1,224428.970346,329745,33554432,0.000,1.403093,0.018717,-1.017872,0.000000,0.000000,0.000000,0.000000,0.000000,-0.000000
6359735809,1763340328742992107,0.000000000,0.000000000,1,224428.977346,329745,33554432,0.000,1.403098,0.018713,-1.017868,0.000000,0.000000,0.000000,0.000000,0.000000,-0.000000
6366698062,1763340328749954341,0.000000000,0.000000000,1,224428.984346,329745,33554432,0.000,1.403093,0.018694,-1.017852,0.000000,0.000000,0.000000,0.000000,0.000000,-0.000000
6373777647,1763340328757033945,0.000000000,0.000000000,1,224428.991346,329745,33554432,0.000,1.403101,0.018699,-1.017851,0.000000,0.000000,0.000000,0.000000,0.000000,-0.000000
6380700826,1763340328763957105,0.000000000,0.000000000,1,224428.998346,329745,33554432,0.000,1.403106,0.018706,-1.017851,0.000000,0.000000,0.000000,0.000000,0.000000,-0.000000
6387777004,1763340328771033283,0.000000000,0.000000000,1,224429.005346,329745,33554432,0.000,1.403103,0.018709,-1.017854,0.000000,0.000000,0.000000,0.000000,0.000000,-0.000000
6394705646,1763340328777961943,0.000000000,0.000000000,1,224429.012346,329745,33554432,0.000,1.403106,0.018707,-1.017856,0.000000,0.000000,0.000000,0.000000,0.000000,-0.000000
6401774306,1763340328785030584,0.000000000,0.000000000,1,224429.019346,329745,33554432,0.000,1.403100,0.018710,-1.017851,0.000000,0.000000,0.000000,0.000000,0.000000,-0.000000
6408781614,1763340328792037892,0.000000000,0.000000000,1,224429.026346,329745,33554432,0.000,1.403105,0.018710,-1.017848,0.000000,0.000000,0.000000,0.000000,0.000000,-0.000000
6415720311,1763340328798975997,0.000000000,0.000000000,1,224429.033346,329745,33554432,0.000,1.403111,0.018716,-1.017833,0.000000,0.000000,0.000000,0.000000,0.000000,-0.000000
6422640378,1763340328805896657,0.000000000,0.000000000,1,224429.040346,329745,33554432,0.000,1.403109,0.018720,-1.017821,0.000000,0.000000,0.000000,0.000000,0.000000,-0.000000
6429779871,1763340328813036168,0.000000000,0.000000000,1,224429.047346,329745,33554432,0.000,1.403115,0.018723,-1.017820,0.000000,0.000000,0.000000,0.000000,0.000000,-0.000000
6436695105,1763340328819951273,0.000000000,0.000000000,1,224429.054346,329745,33554432,0.000,1.403118,0.018726,-1.017819,0.000000,0.000000,0.000000,0.000000,0.000000,-0.000000
6443763709,1763340328827019988,0.000000000,0.000000000,1,224429.061346,329745,33554432,0.000,1.403120,0.018726,-1.017818,0.000000,0.000000,0.000000,0.000000,0.000000,-0.000000
6450681444,1763340328833937722,0.000000000,0.000000000,1,224429.068346,329745,33554432,0.000,1.403112,0.018725,-1.017812,0.000000,0.000000,0.000000,0.000000,0.000000,-0.000000
6457753807,1763340328841009975,0.000000000,0.000000000,1,224429.075346,329745,33554432,0.000,1.403104,0.018729,-1.017814,0.000000,0.000000,0.000000,0.000000,0.000000,-0.000000
6464703930,1763340328847960209,0.000000000,0.000000000,1,224429.082346,329745,33554432,0.000,1.403104,0.018730,-1.017797,0.000000,0.000000,0.000000,0.000000,0.000000,-0.000000
6471781127,1763340328855037368,0.000000000,0.000000000,1,224429.089346,329745,33554432,0.000,1.403109,0.018738,-1.017802,0.000000,0.000000,0.000000,0.000000,0.000000,-0.000000
6478697879,1763340328861953566,0.000000000,0.000000000,1,224429.096346,329745,33554432,0.000,1.403107,0.018738,-1.017802,0.000000,0.000000,0.000000,0.000000,0.000000,-0.000000
6485783687,1763340328869039985,0.000000000,0.000000000,1,224429.103346,329745,33554432,0.000,1.403106,0.018741,-1.017803,0.000000,0.000000,0.000000,0.000000,0.000000,-0.000000
6492749440,1763340328876005737,0.000000000,0.000000000,1,224429.110346,329745,33554432,0.000,1.403098,0.018747,-1.017810,0.000000,0.000000,0.000000,0.000000,0.000000,-0.000000
6499670674,1763340328882926971,0.000000000,0.000000000,1,224429.117346,329745,33554432,0.000,1.403095,0.018743,-1.017815,0.000000,0.000000,0.000000,0.000000,0.000000,-0.000000
6506748500,1763340328890004779,0.000000000,0.000000000,1,224429.124346,329745,33554432,0.000,1.403104,0.018744,-1.017797,0.000000,0.000000,0.000000,0.000000,0.000000,-0.000000
6513829234,1763340328897085531,0.000000000,0.000000000,1,224429.131346,329745,33554432,0.000,1.403107,0.018743,-1.017796,0.000000,0.000000,0.000000,0.000000,0.000000,-0.000000
6520759894,1763340328904016173,0.000000000,0.000000000,1,224429.138346,329745,33554432,0.000,1.403101,0.018741,-1.017793,0.000000,0.000000,0.000000,0.000000,0.000000,-0.000000
6527719276,1763340328910975574,0.000000000,0.000000000,1,224429.145346,329745,33554432,0.000,1.403104,0.018743,-1.017786,0.000000,0.000000,0.000000,0.000000,0.000000,-0.000000
6534646325,1763340328917902623,0.000000000,0.000000000,1,224429.152346,329745,33554432,0.000,1.403104,0.018747,-1.017788,0.000000,0.000000,0.000000,0.000000,0.000000,-0.000000
6541719652,1763340328924975949,0.000000000,0.000000000,1,224429.159346,329745,33554432,0.000,1.403108,0.018748,-1.017790,0.000000,0.000000,0.000000,0.000000,0.000000,-0.000000
6548644738,1763340328931900906,0.000000000,0.000000000,1,224429.166346,329745,33554432,0.000,1.403111,0.018745,-1.017791,0.000000,0.000000,0.000000,0.000000,0.000000,-0.000000
6555724971,1763340328938981250,0.000000000,0.000000000,1,224429.173346,329745,33554432,0.000,1.403107,0.018752,-1.017792,0.000000,0.000000,0.000000,0.000000,0.000000,-0.000000
6562646446,1763340328945902725,0.000000000,0.000000000,1,224429.180346,329745,33554432,0.000,1.403107,0.018745,-1.017780,0.000000,0.000000,0.000000,0.000000,0.000000,-0.000000
6569769976,1763340328953026237,0.000000000,0.000000000,1,224429.187346,329745,33554432,0.000,1.403109,0.018742,-1.017782,0.000000,0.000000,0.000000,0.000000,0.000000,-0.000000
6576837321,1763340328960093618,0.000000000,0.000000000,1,224429.194346,329745,33554432,0.000,1.403118,0.018748,-1.017779,0.000000,0.000000,0.000000,0.000000,0.000000,-0.000000
6583759796,1763340328967016075,0.000000000,0.000000000,1,224429.201346,329745,33554432,0.000,1.403124,0.018751,-1.017762,0.000000,0.000000,0.000000,0.000000,0.000000,-0.000000
6590710123,1763340328973966420,0.000000000,0.000000000,1,224429.208346,329745,33554432,0.000,1.403118,0.018749,-1.017754,0.000000,0.000000,0.000000,0.000000,0.000000,-0.000000
6597780338,1763340328981036635,0.000000000,0.000000000,1,224429.215346,329745,33554432,0.000,1.403117,0.018749,-1.017758,0.000000,0.000000,0.000000,0.000000,0.000000,-0.000000
6604699387,1763340328987955573,0.000000000,0.000000000,1,224429.222346,329745,33554432,0.000,1.403111,0.018742,-1.017748,0.000000,0.000000,0.000000,0.000000,0.000000,-0.000000
6611767547,1763340328995023844,0.000000000,0.000000000,1,224429.229346,329745,33554432,0.000,1.403109,0.018743,-1.017751,0.000000,0.000000,0.000000,0.000000,0.000000,-0.000000
6618691077,1763340329001947375,0.000000000,0.000000000,1,224429.236346,329745,33554432,0.000,1.403104,0.018738,-1.017748,0.000000,0.000000,0.000000,0.000000,0.000000,-0.000000
6625772181,1763340329009028479,0.000000000,0.000000000,1,224429.243346,329745,33554432,0.000,1.403106,0.018740,-1.017747,0.000000,0.000000,0.000000,0.000000,0.000000,-0.000000
6632718508,1763340329015974805,0.000000000,0.000000000,1,224429.250346,329745,33554432,0.000,1.403117,0.018748,-1.017750,0.000000,0.000000,0.000000,0.000000,0.000000,-0.000000
6639832353,1763340329023088483,0.000000000,0.000000000,1,224429.257346,329745,33554432,0.000,1.403119,0.018742,-1.017741,0.000000,0.000000,0.000000,0.000000,0.000000,-0.000000
6646744513,1763340329030000792,0.000000000,0.000000000,1,224429.264346,329745,33554432,0.000,1.403110,0.018733,-1.017737,0.000000,0.000000,0.000000,0.000000,0.000000,-0.000000
6653682618,1763340329036938896,0.000000000,0.000000000,1,224429.271346,329745,33554432,0.000,1.403108,0.018739,-1.017746,0.000000,0.000000,0.000000,0.000000,0.000000,-0.000000
6660750462,1763340329044006760,0.000000000,0.000000000,1,224429.278346,329745,33554432,0.000,1.403098,0.018736,-1.017732,0.000000,0.000000,0.000000,0.000000,0.000000,-0.000000
6667692937,1763340329050949235,0.000000000,0.000000000,1,224429.285346,329745,33554432,0.000,1.403092,0.018738,-1.017726,0.000000,0.000000,0.000000,0.000000,0.000000,-0.000000
6674772782,1763340329058029061,0.000000000,0.000000000,1,224429.292346,329745,33554432,0.000,1.403089,0.018728,-1.017719,0.000000,0.000000,0.000000,0.000000,0.000000,-0.000000
6681690961,1763340329064947240,0.000000000,0.000000000,1,224429.299346,329745,33554432,0.000,1.403095,0.018725,-1.017709,0.000000,0.000000,0.000000,0.000000,0.000000,-0.000000
6688780880,1763340329072037158,0.000000000,0.000000000,1,224429.306346,329745,33554432,0.000,1.403106,0.018726,-1.017696,0.000000,0.000000,0.000000,0.000000,0.000000,-0.000000
6695721206,1763340329078977485,0.000000000,0.000000000,1,224429.313346,329745,33554432,0.000,1.403114,0.018725,-1.017699,0.000000,0.000000,0.000000,0.000000,0.000000,-0.000000
6702728607,1763340329085984775,0.000000000,0.000000000,1,224429.320346,329745,33554432,0.000,1.403112,0.018726,-1.017684,0.000000,0.000000,0.000000,0.000000,0.000000,-0.000000
6709682823,1763340329092939120,0.000000000,0.000000000,1,224429.327346,329745,33554432,0.000,1.403109,0.018724,-1.017686,0.000000,0.000000,0.000000,0.000000,0.000000,-0.000000
6716646668,1763340329099902854,0.000000000,0.000000000,1,224429.334346,329745,33554432,0.000,1.403113,0.018716,-1.017685,0.000000,0.000000,0.000000,0.000000,0.000000,-0.000000
6723717864,1763340329106974143,0.000000000,0.000000000,1,224429.341346,329745,33554432,0.000,1.403109,0.018718,-1.017691,0.000000,0.000000,0.000000,0.000000,0.000000,-0.000000
6730681117,1763340329113937414,0.000000000,0.000000000,1,224429.348346,329745,33554432,0.000,1.403112,0.018719,-1.017682,0.000000,0.000000,0.000000,0.000000,0.000000,-0.000000
6737761573,1763340329121017870,0.000000000,0.000000000,1,224429.355346,329745,33554432,0.000,1.403111,0.018718,-1.017679,0.000000,0.000000,0.000000,0.000000,0.000000,-0.000000
6744830214,1763340329128086493,0.000000000,0.000000000,1,224429.362346,329745,33554432,0.000,1.403116,0.018725,-1.017655,0.000000,0.000000,0.000000,0.000000,0.000000,-0.000000
6751751504,1763340329135007801,0.000000000,0.000000000,1,224429.369346,329745,33554432,0.000,1.403119,0.018718,-1.017653,0.000000,0.000000,0.000000,0.000000,0.000000,-0.000000
6758668942,1763340329141925221,0.000000000,0.000000000,1,224429.376346,329745,33554432,0.000,1.403114,0.018711,-1.017648,0.000000,0.000000,0.000000,0.000000,0.000000,-0.000000
6765790583,1763340329149046862,0.000000000,0.000000000,1,224429.383346,329745,33554432,0.000,1.403114,0.018719,-1.017646,0.000000,0.000000,0.000000,0.000000,0.000000,-0.000000
6772841224,1763340329156097521,0.000000000,0.000000000,1,224429.390346,329745,33554432,0.000,1.403118,0.018721,-1.017647,0.000000,0.000000,0.000000,0.000000,0.000000,-0.000000
6779647255,1763340329162903571,0.000000000,0.000000000,1,224429.397346,329745,33554432,0.000,1.403117,0.018716,-1.017648,0.000000,0.000000,0.000000,0.000000,0.000000,-0.000000
6786768359,1763340329170024656,0.000000000,0.000000000,1,224429.404346,329745,33554432,0.000,1.403118,0.018713,-1.017641,0.000000,0.000000,0.000000,0.000000,0.000000,-0.000000
6794012296,1763340329177268649,0.000000000,0.000000000,1,224429.411346,329745,33554432,0.000,1.403119,0.018711,-1.017639,0.000000,0.000000,0.000000,0.000000,0.000000,-0.000000
6800776845,1763340329184033180,0.000000000,0.000000000,1,224429.418346,329745,33554432,0.000,1.403126,0.018707,-1.017623,0.000000,0.000000,0.000000,0.000000,0.000000,-0.000000
6807844616,1763340329191100784,0.000000000,0.000000000,1,224429.425346,329745,33554432,0.000,1.403131,0.018711,-1.017617,0.000000,0.000000,0.000000,0.000000,0.000000,-0.000000
6814717554,1763340329197973315,0.000000000,0.000000000,1,224429.432346,329745,33554432,0.000,1.403124,0.018715,-1.017625,0.000000,0.000000,0.000000,0.000000,0.000000,-0.000000
6821769992,1763340329205026289,0.000000000,0.000000000,1,224429.439346,329745,33554432,0.000,1.403124,0.018715,-1.017632,0.000000,0.000000,0.000000,0.000000,0.000000,-0.000000
6828771485,1763340329212027727,0.000000000,0.000000000,1,224429.446346,329745,33554432,0.000,1.403114,0.018722,-1.017628,0.000000,0.000000,0.000000,0.000000,0.000000,-0.000000
6835681756,1763340329218938054,0.000000000,0.000000000,1,224429.453346,329745,33554432,0.000,1.403116,0.018725,-1.017628,0.000000,0.000000,0.000000,0.000000,0.000000,-0.000000
6842760064,1763340329226016361,0.000000000,0.000000000,1,224429.460346,329745,33554432,0.000,1.403110,0.018717,-1.017617,0.000000,0.000000,0.000000,0.000000,0.000000,-0.000000
6849694298,1763340329232950596,0.000000000,0.000000000,1,224429.467346,329745,33554432,0.000,1.403111,0.018723,-1.017610,0.000000,0.000000,0.000000,0.000000,0.000000,-0.000000
6856763513,1763340329240019811,0.000000000,0.000000000,1,224429.474346,329745,33554432,0.000,1.403107,0.018700,-1.017608,0.000000,0.000000,0.000000,0.000000,0.000000,-0.000000
6863705951,1763340329246962193,0.000000000,0.000000000,1,224429.481346,329745,33554432,0.000,1.403112,0.018715,-1.017599,0.000000,0.000000,0.000000,0.000000,0.000000,-0.000000
6870771463,1763340329254027760,0.000000000,0.000000000,1,224429.488346,329745,33554432,0.000,1.403097,0.018709,-1.017594,0.000000,0.000000,0.000000,0.000000,0.000000,-0.000000
6877678512,1763340329260934809,0.000000000,0.000000000,1,224429.495346,329745,33554432,0.000,1.403100,0.018707,-1.017596,0.000000,0.000000,0.000000,0.000000,0.000000,-0.000000
6884745134,1763340329268001432,0.000000000,0.000000000,1,224429.502346,329745,33554432,0.000,1.403098,0.018716,-1.017579,0.000000,0.000000,0.000000,0.000000,0.000000,-0.000000
6891679554,1763340329274935833,0.000000000,0.000000000,1,224429.509346,329745,33554432,0.000,1.403098,0.018712,-1.017580,0.000000,0.000000,0.000000,0.000000,0.000000,-0.000000
6898760788,1763340329282017066,0.000000000,0.000000000,1,224429.516346,329745,33554432,0.000,1.403099,0.018711,-1.017558,0.000000,0.000000,0.000000,0.000000,0.000000,-0.000000
6905684003,1763340329288940301,0.000000000,0.000000000,1,224429.523346,329745,33554432,0.000,1.403105,0.018717,-1.017562,0.000000,0.000000,0.000000,0.000000,0.000000,-0.000000
6912768570,1763340329296024868,0.000000000,0.000000000,1,224429.530346,329745,33554432,0.000,1.403107,0.018721,-1.017557,0.000000,0.000000,0.000000,0.000000,0.000000,-0.000000
6919693249,1763340329302949546,0.000000000,0.000000000,1,224429.537346,329745,33554432,0.000,1.403103,0.018726,-1.017548,0.000000,0.000000,0.000000,0.000000,0.000000,-0.000000
6926646316,1763340329309902558,0.000000000,0.000000000,1,224429.544346,329745,33554432,0.000,1.403095,0.018731,-1.017541,0.000000,0.000000,0.000000,0.000000,0.000000,-0.000000
6933729846,1763340329316986125,0.000000000,0.000000000,1,224429.551346,329745,33554432,0.000,1.403086,0.018737,-1.017540,0.000000,0.000000,0.000000,0.000000,0.000000,-0.000000
6940653414,1763340329323909711,0.000000000,0.000000000,1,224429.558346,329745,33554432,0.000,1.403080,0.018732,-1.017538,0.000000,0.000000,0.000000,0.000000,0.000000,-0.000000
6947734981,1763340329330991278,0.000000000,0.000000000,1,224429.565346,329745,33554432,0.000,1.403076,0.018728,-1.017536,0.000000,0.000000,0.000000,0.000000,0.000000,-0.000000
6954658974,1763340329337915272,0.000000000,0.000000000,1,224429.572346,329745,33554432,0.000,1.403069,0.018718,-1.017534,0.000000,0.000000,0.000000,0.000000,0.000000,-0.000000
6961738930,1763340329344995228,0.000000000,0.000000000,1,224429.579346,329745,33554432,0.000,1.403064,0.018718,-1.017533,0.000000,0.000000,0.000000,0.000000,0.000000,-0.000000
6968680535,1763340329351936832,0.000000000,0.000000000,1,224429.586346,329745,33554432,0.000,1.403060,0.018718,-1.017524,0.000000,0.000000,0.000000,0.000000,0.000000,-0.000000
6975746121,1763340329359002399,0.000000000,0.000000000,1,224429.593346,329745,33554432,0.000,1.403063,0.018717,-1.017523,0.000000,0.000000,0.000000,0.000000,0.000000,-0.000000
6982720003,1763340329365976300,0.000000000,0.000000000,1,224429.600346,329745,33554432,0.000,1.403061,0.018710,-1.017514,0.000000,0.000000,0.000000,0.000000,0.000000,-0.000000
6989698200,1763340329372954442,0.000000000,0.000000000,1,224429.607346,329745,33554432,0.000,1.403059,0.018712,-1.017526,0.000000,0.000000,0.000000,0.000000,0.000000,-0.000000
6996776470,1763340329380032768,0.000000000,0.000000000,1,224429.614346,329745,33554432,0.000,1.403061,0.018703,-1.017536,0.000000,0.000000,0.000000,0.000000,0.000000,-0.000000
7003699964,1763340329386956243,0.000000000,0.000000000,1,224429.621346,329745,33554432,0.000,1.403068,0.018702,-1.017529,0.000000,0.000000,0.000000,0.000000,0.000000,-0.000000
7010777309,1763340329394033606,0.000000000,0.000000000,1,224429.628346,329745,33554432,0.000,1.403073,0.018705,-1.017521,0.000000,0.000000,0.000000,0.000000,0.000000,-0.000000
7017701747,1763340329400958026,0.000000000,0.000000000,1,224429.635346,329745,33554432,0.000,1.403077,0.018709,-1.017522,0.000000,0.000000,0.000000,0.000000,0.000000,-0.000000
7024773425,1763340329408029704,0.000000000,0.000000000,1,224429.642346,329745,33554432,0.000,1.403065,0.018710,-1.017509,0.000000,0.000000,0.000000,0.000000,0.000000,-0.000000
7031712048,1763340329414968327,0.000000000,0.000000000,1,224429.649346,329745,33554432,0.000,1.403075,0.018711,-1.017509,0.000000,0.000000,0.000000,0.000000,0.000000,-0.000000
7038778985,1763340329422035264,0.000000000,0.000000000,1,224429.656346,329745,33554432,0.000,1.403077,0.018709,-1.017506,0.000000,0.000000,0.000000,0.000000,0.000000,-0.000000
7045688146,1763340329428944424,0.000000000,0.000000000,1,224429.663346,329745,33554432,0.000,1.403079,0.018711,-1.017504,0.000000,0.000000,0.000000,0.000000,0.000000,-0.000000
7052763972,1763340329436020251,0.000000000,0.000000000,1,224429.670346,329745,33554432,0.000,1.403075,0.018707,-1.017507,0.000000,0.000000,0.000000,0.000000,0.000000,-0.000000
7059689428,1763340329442945726,0.000000000,0.000000000,1,224429.677346,329745,33554432,0.000,1.403071,0.018711,-1.017503,0.000000,0.000000,0.000000,0.000000,0.000000,-0.000000
7066773458,1763340329450029737,0.000000000,0.000000000,1,224429.684346,329745,33554432,0.000,1.403077,0.018712,-1.017492,0.000000,0.000000,0.000000,0.000000,0.000000,-0.000000
7073682489,1763340329456938768,0.000000000,0.000000000,1,224429.691346,329745,33554432,0.000,1.403083,0.018710,-1.017489,0.000000,0.000000,0.000000,0.000000,0.000000,-0.000000
7080759982,1763340329464016279,0.000000000,0.000000000,1,224429.698346,329745,33554432,0.000,1.403077,0.018709,-1.017475,0.000000,0.000000,0.000000,0.000000,0.000000,-0.000000
7087667679,1763340329470923976,0.000000000,0.000000000,1,224429.705346,329745,33554432,0.000,1.403081,0.018700,-1.017473,0.000000,0.000000,0.000000,0.000000,0.000000,-0.000000
7094754413,1763340329478010692,0.000000000,0.000000000,1,224429.712346,329745,33554432,0.000,1.403075,0.018684,-1.017472,0.000000,0.000000,0.000000,0.000000,0.000000,-0.000000
7101663758,1763340329484920055,0.000000000,0.000000000,1,224429.719346,329745,33554432,0.000,1.403067,0.018690,-1.017472,0.000000,0.000000,0.000000,0.000000,0.000000,-0.000000
7108731844,1763340329491988141,0.000000000,0.000000000,1,224429.726346,329745,33554432,0.000,1.403062,0.018686,-1.017470,0.000000,0.000000,0.000000,0.000000,0.000000,-0.000000
7115649634,1763340329498905931,0.000000000,0.000000000,1,224429.733346,329745,33554432,0.000,1.403061,0.018687,-1.017467,0.000000,0.000000,0.000000,0.000000,0.000000,-0.000000
7122716478,1763340329505972776,0.000000000,0.000000000,1,224429.740346,329745,33554432,0.000,1.403056,0.018692,-1.017449,0.000000,0.000000,0.000000,0.000000,0.000000,-0.000000
7129687249,1763340329512943528,0.000000000,0.000000000,1,224429.747346,329745,33554432,0.000,1.403063,0.018694,-1.017444,0.000000,0.000000,0.000000,0.000000,0.000000,-0.000000
7136775187,1763340329520031466,0.000000000,0.000000000,1,224429.754346,329745,33554432,0.000,1.403062,0.018694,-1.017447,0.000000,0.000000,0.000000,0.000000,0.000000,-0.000000
7143784476,1763340329527040737,0.000000000,0.000000000,1,224429.761346,329745,33554432,0.000,1.403066,0.018695,-1.017445,0.000000,0.000000,0.000000,0.000000,0.000000,-0.000000
7150706377,1763340329533962656,0.000000000,0.000000000,1,224429.768346,329745,33554432,0.000,1.403060,0.018691,-1.017421,0.000000,0.000000,0.000000,0.000000,0.000000,-0.000000
7157774889,1763340329541031168,0.000000000,0.000000000,1,224429.775346,329745,33554432,0.000,1.403055,0.018688,-1.017425,0.000000,0.000000,0.000000,0.000000,0.000000,-0.000000
7164730438,1763340329547986735,0.000000000,0.000000000,1,224429.782346,329745,33554432,0.000,1.403050,0.018690,-1.017429,0.000000,0.000000,0.000000,0.000000,0.000000,-0.000000
7171660727,1763340329554917006,0.000000000,0.000000000,1,224429.789346,329745,33554432,0.000,1.403046,0.018700,-1.017427,0.000000,0.000000,0.000000,0.000000,0.000000,-0.000000
7178729443,1763340329561985740,0.000000000,0.000000000,1,224429.796346,329745,33554432,0.000,1.403042,0.018700,-1.017422,0.000000,0.000000,0.000000,0.000000,0.000000,-0.000000
7185644918,1763340329568901085,0.000000000,0.000000000,1,224429.803346,329745,33554432,0.000,1.403043,0.018704,-1.017423,0.000000,0.000000,0.000000,0.000000,0.000000,-0.000000
7192743818,1763340329576000115,0.000000000,0.000000000,1,224429.810346,329745,33554432,0.000,1.403040,0.018716,-1.017432,0.000000,0.000000,0.000000,0.000000,0.000000,-0.000000
7199703089,1763340329582959275,0.000000000,0.000000000,1,224429.817346,329745,33554432,0.000,1.403044,0.018717,-1.017429,0.000000,0.000000,0.000000,0.000000,0.000000,-0.000000
7206775526,1763340329590031713,0.000000000,0.000000000,1,224429.824346,329745,33554432,0.000,1.403031,0.018726,-1.017421,0.000000,0.000000,0.000000,0.000000,0.000000,-0.000000
7213701131,1763340329596957410,0.000000000,0.000000000,1,224429.831346,329745,33554432,0.000,1.403033,0.018727,-1.017424,0.000000,0.000000,0.000000,0.000000,0.000000,-0.000000
7220644162,1763340329603900459,0.000000000,0.000000000,1,224429.838346,329745,33554432,0.000,1.403035,0.018714,-1.017413,0.000000,0.000000,0.000000,0.000000,0.000000,-0.000000
7227757803,1763340329611014100,0.000000000,0.000000000,1,224429.845346,329745,33554432,0.000,1.403043,0.018709,-1.017411,0.000000,0.000000,0.000000,0.000000,0.000000,-0.000000
7234669426,1763340329617925705,0.000000000,0.000000000,1,224429.852346,329745,33554432,0.000,1.403047,0.018705,-1.017413,0.000000,0.000000,0.000000,0.000000,0.000000,-0.000000
7241738474,1763340329624994753,0.000000000,0.000000000,1,224429.859346,329745,33554432,0.000,1.403047,0.018706,-1.017406,0.000000,0.000000,0.000000,0.000000,0.000000,-0.000000
7248650079,1763340329631906358,0.000000000,0.000000000,1,224429.866346,329745,33554432,0.000,1.403044,0.018693,-1.017401,0.000000,0.000000,0.000000,0.000000,0.000000,-0.000000
7255718127,1763340329638974406,0.000000000,0.000000000,1,224429.873346,329745,33554432,0.000,1.403041,0.018689,-1.017406,0.000000,0.000000,0.000000,0.000000,0.000000,-0.000000
7262785787,1763340329646042084,0.000000000,0.000000000,1,224429.880346,329745,33554432,0.000,1.403037,0.018693,-1.017394,0.000000,0.000000,0.000000,0.000000,0.000000,-0.000000
7269763780,1763340329653019948,0.000000000,0.000000000,1,224429.887346,329745,33554432,0.000,1.403041,0.018697,-1.017396,0.000000,0.000000,0.000000,0.000000,0.000000,-0.000000
7276703052,1763340329659959349,0.000000000,0.000000000,1,224429.894346,329745,33554432,0.000,1.403043,0.018700,-1.017385,0.000000,0.000000,0.000000,0.000000,0.000000,-0.000000
7283649989,1763340329666906250,0.000000000,0.000000000,1,224429.901346,329745,33554432,0.000,1.403039,0.018707,-1.017387,0.000000,0.000000,0.000000,0.000000,0.000000,-0.000000
7290786167,1763340329674042465,0.000000000,0.000000000,1,224429.908346,329745,33554432,0.000,1.403028,0.018703,-1.017383,0.000000,0.000000,0.000000,0.000000,0.000000,-0.000000
7297739272,1763340329680995551,0.000000000,0.000000000,1,224429.915346,329745,33554432,0.000,1.403037,0.018698,-1.017390,0.000000,0.000000,0.000000,0.000000,0.000000,-0.000000
7304737506,1763340329687993785,0.000000000,0.000000000,1,224429.922346,329745,33554432,0.000,1.403027,0.018695,-1.017383,0.000000,0.000000,0.000000,0.000000,0.000000,-0.000000
7311745684,1763340329695000852,0.000000000,0.000000000,1,224429.929346,329745,33554432,0.000,1.403022,0.018698,-1.017383,0.000000,0.000000,0.000000,0.000000,0.000000,-0.000000
7318725752,1763340329701981938,0.000000000,0.000000000,1,224429.936346,329745,33554432,0.000,1.403010,0.018707,-1.017385,0.000000,0.000000,0.000000,0.000000,0.000000,-0.000000
7325659541,1763340329708915839,0.000000000,0.000000000,1,224429.943346,329745,33554432,0.000,1.403009,0.018693,-1.017392,0.000000,0.000000,0.000000,0.000000,0.000000,-0.000000
7332803756,1763340329716060035,0.000000000,0.000000000,1,224429.950346,329745,33554432,0.000,1.403022,0.018707,-1.017394,0.000000,0.000000,0.000000,0.000000,0.000000,-0.000000
7339736194,1763340329722992473,0.000000000,0.000000000,1,224429.957346,329745,33554432,0.000,1.403018,0.018707,-1.017392,0.000000,0.000000,0.000000,0.000000,0.000000,-0.000000
7346663669,1763340329729919948,0.000000000,0.000000000,1,224429.964346,329745,33554432,0.000,1.403014,0.018714,-1.017383,0.000000,0.000000,0.000000,0.000000,0.000000,-0.000000
7353737681,1763340329736993978,0.000000000,0.000000000,1,224429.971346,329745,33554432,0.000,1.403015,0.018715,-1.017383,0.000000,0.000000,0.000000,0.000000,0.000000,-0.000000
7360648470,1763340329743904768,0.000000000,0.000000000,1,224429.978346,329745,33554432,0.000,1.403015,0.018717,-1.017371,0.000000,0.000000,0.000000,0.000000,0.000000,-0.000000
7367747556,1763340329751003835,0.000000000,0.000000000,1,224429.985346,329745,33554432,0.000,1.403019,0.018718,-1.017366,0.000000,0.000000,0.000000,0.000000,0.000000,-0.000000
7374664309,1763340329757920588,0.000000000,0.000000000,1,224429.992346,329745,33554432,0.000,1.403033,0.018714,-1.017359,0.000000,0.000000,0.000000,0.000000,0.000000,-0.000000
7381739431,1763340329764995729,0.000000000,0.000000000,1,224429.999346,329745,33554432,0.000,1.403026,0.018707,-1.017379,0.000000,0.000000,0.000000,0.000000,0.000000,-0.000000
7388648092,1763340329771904389,0.000000000,0.000000000,1,224430.006346,329745,33554432,0.000,1.403031,0.018704,-1.017375,0.000000,0.000000,0.000000,0.000000,0.000000,-0.000000
7395752214,1763340329779008511,0.000000000,0.000000000,1,224430.013346,329745,33554432,0.000,1.403027,0.018711,-1.017373,0.000000,0.000000,0.000000,0.000000,0.000000,-0.000000
7402805540,1763340329786061801,0.000000000,0.000000000,1,224430.020346,329745,33554432,0.000,1.403021,0.018711,-1.017345,0.000000,0.000000,0.000000,0.000000,0.000000,-0.000000
7409749719,1763340329793006016,0.000000000,0.000000000,1,224430.027346,329745,33554432,0.000,1.403021,0.018714,-1.017351,0.000000,0.000000,0.000000,0.000000,0.000000,-0.000000
7416686564,1763340329799942751,0.000000000,0.000000000,1,224430.034346,329745,33554432,0.000,1.403027,0.018696,-1.017349,0.000000,0.000000,0.000000,0.000000,0.000000,-0.000000
7423755150,1763340329807011429,0.000000000,0.000000000,1,224430.041346,329745,33554432,0.000,1.403026,0.018698,-1.017359,0.000000,0.000000,0.000000,0.000000,0.000000,-0.000000
7430731365,1763340329813987663,0.000000000,0.000000000,1,224430.048346,329745,33554432,0.000,1.403023,0.018706,-1.017351,0.000000,0.000000,0.000000,0.000000,0.000000,-0.000000
7437655729,1763340329820912008,0.000000000,0.000000000,1,224430.055346,329745,33554432,0.000,1.403030,0.018705,-1.017350,0.000000,0.000000,0.000000,0.000000,0.000000,-0.000000
7444769981,1763340329828026260,0.000000000,0.000000000,1,224430.062346,329745,33554432,0.000,1.403030,0.018709,-1.017339,0.000000,0.000000,0.000000,0.000000,0.000000,-0.000000
7451694697,1763340329834950976,0.000000000,0.000000000,1,224430.069346,329745,33554432,0.000,1.403032,0.018705,-1.017336,0.000000,0.000000,0.000000,0.000000,0.000000,-0.000000
7458772931,1763340329842029210,0.000000000,0.000000000,1,224430.076346,329745,33554432,0.000,1.403042,0.018703,-1.017331,0.000000,0.000000,0.000000,0.000000,0.000000,-0.000000
7465754387,1763340329849010684,0.000000000,0.000000000,1,224430.083346,329745,33554432,0.000,1.403041,0.018703,-1.017327,0.000000,0.000000,0.000000,0.000000,0.000000,-0.000000
7472822843,1763340329856079140,0.000000000,0.000000000,1,224430.090346,329745,33554432,0.000,1.403050,0.018701,-1.017324,0.000000,0.000000,0.000000,0.000000,0.000000,-0.000000
7479743633,1763340329862999930,0.000000000,0.000000000,1,224430.097346,329745,33554432,0.000,1.403052,0.018703,-1.017316,0.000000,0.000000,0.000000,0.000000,0.000000,-0.000000
7486696422,1763340329869952590,0.000000000,0.000000000,1,224430.104346,329745,33554432,0.000,1.403054,0.018698,-1.017315,0.000000,0.000000,0.000000,0.000000,0.000000,-0.000000
7493802452,1763340329877058694,0.000000000,0.000000000,1,224430.111346,329745,33554432,0.000,1.403045,0.018696,-1.017319,0.000000,0.000000,0.000000,0.000000,0.000000,-0.000000
7500710650,1763340329883966947,0.000000000,0.000000000,1,224430.118346,329745,33554432,0.000,1.403039,0.018703,-1.017291,0.000000,0.000000,0.000000,0.000000,0.000000,-0.000000
7507781161,1763340329891037421,0.000000000,0.000000000,1,224430.125346,329745,33554432,0.000,1.403052,0.018701,-1.017293,0.000000,0.000000,0.000000,0.000000,0.000000,-0.000000
7514703043,1763340329897959341,0.000000000,0.000000000,1,224430.132346,329745,33554432,0.000,1.403038,0.018700,-1.017286,0.000000,0.000000,0.000000,0.000000,0.000000,-0.000000
7521770203,1763340329905026482,0.000000000,0.000000000,1,224430.139346,329745,33554432,0.000,1.403042,0.018706,-1.017286,0.000000,0.000000,0.000000,0.000000,0.000000,-0.000000
7528737400,1763340329911993679,0.000000000,0.000000000,1,224430.146346,329745,33554432,0.000,1.403038,0.018703,-1.017272,0.000000,0.000000,0.000000,0.000000,0.000000,-0.000000
7535655468,1763340329918911747,0.000000000,0.000000000,1,224430.153346,329745,33554432,0.000,1.403027,0.018707,-1.017269,0.000000,0.000000,0.000000,0.000000,0.000000,-0.000000
7542736701,1763340329925992999,0.000000000,0.000000000,1,224430.160346,329745,33554432,0.000,1.403026,0.018707,-1.017259,0.000000,0.000000,0.000000,0.000000,0.000000,-0.000000
7549671213,1763340329932927511,0.000000000,0.000000000,1,224430.167346,329745,33554432,0.000,1.403019,0.018700,-1.017262,0.000000,0.000000,0.000000,0.000000,0.000000,-0.000000
7556738262,1763340329939994559,0.000000000,0.000000000,1,224430.174346,329745,33554432,0.000,1.403014,0.018704,-1.017263,0.000000,0.000000,0.000000,0.000000,0.000000,-0.000000
7563670959,1763340329946927201,0.000000000,0.000000000,1,224430.181346,329745,33554432,0.000,1.403008,0.018705,-1.017260,0.000000,0.000000,0.000000,0.000000,0.000000,-0.000000
7570740471,1763340329953996749,0.000000000,0.000000000,1,224430.188346,329745,33554432,0.000,1.403010,0.018701,-1.017249,0.000000,0.000000,0.000000,0.000000,0.000000,-0.000000
7577648946,1763340329960905243,0.000000000,0.000000000,1,224430.195346,329745,33554432,0.000,1.403017,0.018700,-1.017243,0.000000,0.000000,0.000000,0.000000,0.000000,-0.000000
7584732642,1763340329967988940,0.000000000,0.000000000,1,224430.202346,329745,33554432,0.000,1.403010,0.018704,-1.017235,0.000000,0.000000,0.000000,0.000000,0.000000,-0.000000
7591677395,1763340329974933674,0.000000000,0.000000000,1,224430.209346,329745,33554432,0.000,1.403015,0.018701,-1.017230,0.000000,0.000000,0.000000,0.000000,0.000000,-0.000000
7598745351,1763340329982001648,0.000000000,0.000000000,1,224430.216346,329745,33554432,0.000,1.403026,0.018693,-1.017228,0.000000,0.000000,0.000000,0.000000,0.000000,-0.000000
7605658844,1763340329988915123,0.000000000,0.000000000,1,224430.223346,329745,33554432,0.000,1.403025,0.018700,-1.017242,0.000000,0.000000,0.000000,0.000000,0.000000,-0.000000
7612743726,1763340329996000024,0.000000000,0.000000000,1,224430.230346,329745,33554432,0.000,1.403011,0.018697,-1.017247,0.000000,0.000000,0.000000,0.000000,0.000000,-0.000000
7619673109,1763340330002929406,0.000000000,0.000000000,1,224430.237346,329745,33554432,0.000,1.403005,0.018693,-1.017249,0.000000,0.000000,0.000000,0.000000,0.000000,-0.000000
7626765546,1763340330010021658,0.000000000,0.000000000,1,224430.244346,329745,33554432,0.000,1.403008,0.018690,-1.017241,0.000000,0.000000,0.000000,0.000000,0.000000,-0.000000
7633675632,1763340330016931929,0.000000000,0.000000000,1,224430.251346,329745,33554432,0.000,1.403014,0.018689,-1.017244,0.000000,0.000000,0.000000,0.000000,0.000000,-0.000000
7640746532,1763340330024002811,0.000000000,0.000000000,1,224430.258346,329745,33554432,0.000,1.403029,0.018690,-1.017236,0.000000,0.000000,0.000000,0.000000,0.000000,-0.000000
7647659674,1763340330030915972,0.000000000,0.000000000,1,224430.265346,329745,33554432,0.000,1.403021,0.018680,-1.017235,0.000000,0.000000,0.000000,0.000000,0.000000,-0.000000
7654747908,1763340330038004076,0.000000000,0.000000000,1,224430.272346,329745,33554432,0.000,1.403022,0.018680,-1.017240,0.000000,0.000000,0.000000,0.000000,0.000000,-0.000000
7661661050,1763340330044917347,0.000000000,0.000000000,1,224430.279346,329745,33554432,0.000,1.403020,0.018679,-1.017241,0.000000,0.000000,0.000000,0.000000,0.000000,-0.000000
7668664395,1763340330051920673,0.000000000,0.000000000,1,224430.286346,329745,33554432,0.000,1.403019,0.018687,-1.017232,0.000000,0.000000,0.000000,0.000000,0.000000,-0.000000
7675732906,1763340330058989185,0.000000000,0.000000000,1,224430.293346,329745,33554432,0.000,1.403010,0.018691,-1.017231,0.000000,0.000000,0.000000,0.000000,0.000000,-0.000000
7682800973,1763340330066057271,0.000000000,0.000000000,1,224430.300346,329745,33554432,0.000,1.403017,0.018696,-1.017211,0.000000,0.000000,0.000000,0.000000,0.000000,-0.000000
7689762022,1763340330073018264,0.000000000,0.000000000,1,224430.307346,329745,33554432,0.000,1.403014,0.018704,-1.017213,0.000000,0.000000,0.000000,0.000000,0.000000,-0.000000
7696671497,1763340330079927776,0.000000000,0.000000000,1,224430.314346,329745,33554432,0.000,1.403008,0.018698,-1.017219,0.000000,0.000000,0.000000,0.000000,0.000000,-0.000000
7703752453,1763340330087008639,0.000000000,0.000000000,1,224430.321346,329745,33554432,0.000,1.403012,0.018694,-1.017216,0.000000,0.000000,0.000000,0.000000,0.000000,-0.000000
7710777816,1763340330094033984,0.000000000,0.000000000,1,224430.328346,329745,33554432,0.000,1.403008,0.018695,-1.017206,0.000000,0.000000,0.000000,0.000000,0.000000,-0.000000
7717691217,1763340330100947515,0.000000000,0.000000000,1,224430.335346,329745,33554432,0.000,1.403005,0.018696,-1.017208,0.000000,0.000000,0.000000,0.000000,0.000000,-0.000000
7724746470,1763340330108002730,0.000000000,0.000000000,1,224430.342346,329745,33554432,0.000,1.403005,0.018698,-1.017188,0.000000,0.000000,0.000000,0.000000,0.000000,-0.000000
7731726482,1763340330114982779,0.000000000,0.000000000,1,224430.349346,329745,33554432,0.000,1.403000,0.018703,-1.017181,0.000000,0.000000,0.000000,0.000000,0.000000,-0.000000
7738796641,1763340330122052939,0.000000000,0.000000000,1,224430.356346,329745,33554432,0.000,1.403004,0.018710,-1.017177,0.000000,0.000000,0.000000,0.000000,0.000000,-0.000000
7745708746,1763340330128965025,0.000000000,0.000000000,1,224430.363346,329745,33554432,0.000,1.402997,0.018715,-1.017170,0.000000,0.000000,0.000000,0.000000,0.000000,-0.000000
7752830757,1763340330136087055,0.000000000,0.000000000,1,224430.370346,329745,33554432,0.000,1.402991,0.018704,-1.017179,0.000000,0.000000,0.000000,0.000000,0.000000,-0.000000
7759783139,1763340330143039400,0.000000000,0.000000000,1,224430.377346,329745,33554432,0.000,1.402985,0.018698,-1.017178,0.000000,0.000000,0.000000,0.000000,0.000000,-0.000000
7771527486,1763340330154783746,0.000000000,0.000000000,1,224430.384346,329745,33554432,0.000,1.402989,0.018687,-1.017165,0.000000,0.000000,0.000000,0.000000,0.000000,-0.000000
7773678145,1763340330156934294,0.000000000,0.000000000,1,224430.391346,329745,33554432,0.000,1.402993,0.018684,-1.017178,0.000000,0.000000,0.000000,0.000000,0.000000,-0.000000
7780779008,1763340330164035194,0.000000000,0.000000000,1,224430.398346,329745,33554432,0.000,1.402980,0.018688,-1.017162,0.000000,0.000000,0.000000,0.000000,0.000000,-0.000000
7787695539,1763340330170951817,0.000000000,0.000000000,1,224430.405346,329745,33554432,0.000,1.402986,0.018691,-1.017162,0.000000,0.000000,0.000000,0.000000,0.000000,-0.000000
7794712421,1763340330177968718,0.000000000,0.000000000,1,224430.412346,329745,33554432,0.000,1.402992,0.018688,-1.017163,0.000000,0.000000,0.000000,0.000000,0.000000,-0.000000
7801794117,1763340330185050452,0.000000000,0.000000000,1,224430.419346,329745,33554432,0.000,1.403005,0.018692,-1.017162,0.000000,0.000000,0.000000,0.000000,0.000000,-0.000000
7808805610,1763340330192061815,0.000000000,0.000000000,1,224430.426346,329745,33554432,0.000,1.403009,0.018692,-1.017146,0.000000,0.000000,0.000000,0.000000,0.000000,-0.000000
7815752715,1763340330199008605,0.000000000,0.000000000,1,224430.433346,329745,33554432,0.000,1.403014,0.018691,-1.017136,0.000000,0.000000,0.000000,0.000000,0.000000,-0.000000
7822760690,1763340330206016857,0.000000000,0.000000000,1,224430.440346,329745,33554432,0.000,1.403005,0.018692,-1.017126,0.000000,0.000000,0.000000,0.000000,0.000000,-0.000000
7829769072,1763340330213025369,0.000000000,0.000000000,1,224430.447346,329745,33554432,0.000,1.403006,0.018689,-1.017123,0.000000,0.000000,0.000000,0.000000,0.000000,-0.000000
7836700658,1763340330219956937,0.000000000,0.000000000,1,224430.454346,329745,33554432,0.000,1.403019,0.018685,-1.017123,0.000000,0.000000,0.000000,0.000000,0.000000,-0.000000
7843798077,1763340330227054115,0.000000000,0.000000000,1,224430.461346,329745,33554432,0.000,1.403019,0.018686,-1.017128,0.000000,0.000000,0.000000,0.000000,0.000000,-0.000000
7850710033,1763340330233966330,0.000000000,0.000000000,1,224430.468346,329745,33554432,0.000,1.403026,0.018685,-1.017110,0.000000,0.000000,0.000000,0.000000,0.000000,-0.000000
7857783822,1763340330241040009,0.000000000,0.000000000,1,224430.475346,329745,33554432,0.000,1.403020,0.018689,-1.017104,0.000000,0.000000,0.000000,0.000000,0.000000,-0.000000
7864776723,1763340330248033020,0.000000000,0.000000000,1,224430.482346,329745,33554432,0.000,1.403005,0.018695,-1.017092,0.000000,0.000000,0.000000,0.000000,0.000000,-0.000000
7871700013,1763340330254956310,0.000000000,0.000000000,1,224430.489346,329745,33554432,0.000,1.403002,0.018688,-1.017093,0.000000,0.000000,0.000000,0.000000,0.000000,-0.000000
7878779024,1763340330262035303,0.000000000,0.000000000,1,224430.496346,329745,33554432,0.000,1.403002,0.018678,-1.017092,0.000000,0.000000,0.000000,0.000000,0.000000,-0.000000
7885701240,1763340330268957519,0.000000000,0.000000000,1,224430.503346,329745,33554432,0.000,1.403005,0.018679,-1.017099,0.000000,0.000000,0.000000,0.000000,0.000000,-0.000000
7892789511,1763340330276045790,0.000000000,0.000000000,1,224430.510346,329745,33554432,0.000,1.403002,0.018687,-1.017111,0.000000,0.000000,0.000000,0.000000,0.000000,-0.000000
7899734986,1763340330282991264,0.000000000,0.000000000,1,224430.517346,329745,33554432,0.000,1.403002,0.018686,-1.017105,0.000000,0.000000,0.000000,0.000000,0.000000,-0.000000
7906817775,1763340330290074072,0.000000000,0.000000000,1,224430.524346,329745,33554432,0.000,1.402996,0.018685,-1.017113,0.000000,0.000000,0.000000,0.000000,0.000000,-0.000000
7913739935,1763340330296996214,0.000000000,0.000000000,1,224430.531346,329745,33554432,0.000,1.402995,0.018684,-1.017106,0.000000,0.000000,0.000000,0.000000,0.000000,-0.000000
7920817224,1763340330304073503,0.000000000,0.000000000,1,224430.538346,329745,33554432,0.000,1.402993,0.018682,-1.017096,0.000000,0.000000,0.000000,0.000000,0.000000,-0.000000
7927771866,1763340330311028145,0.000000000,0.000000000,1,224430.545346,329745,33554432,0.000,1.402987,0.018685,-1.017096,0.000000,0.000000,0.000000,0.000000,0.000000,-0.000000
7934698267,1763340330317954546,0.000000000,0.000000000,1,224430.552346,329745,33554432,0.000,1.402986,0.018695,-1.017101,0.000000,0.000000,0.000000,0.000000,0.000000,-0.000000
7941768315,1763340330325024613,0.000000000,0.000000000,1,224430.559346,329745,33554432,0.000,1.402991,0.018692,-1.017107,0.000000,0.000000,0.000000,0.000000,0.000000,-0.000000
7948692883,1763340330331949180,0.000000000,0.000000000,1,224430.566346,329745,33554432,0.000,1.402995,0.018683,-1.017113,0.000000,0.000000,0.000000,0.000000,0.000000,-0.000000
7955760524,1763340330339016821,0.000000000,0.000000000,1,224430.573346,329745,33554432,0.000,1.402998,0.018692,-1.017117,0.000000,0.000000,0.000000,0.000000,0.000000,-0.000000
7962827980,1763340330346084277,0.000000000,0.000000000,1,224430.580346,329745,33554432,0.000,1.403003,0.018698,-1.017096,0.000000,0.000000,0.000000,0.000000,0.000000,-0.000000
7969785084,1763340330353041271,0.000000000,0.000000000,1,224430.587346,329745,33554432,0.000,1.403013,0.018700,-1.017097,0.000000,0.000000,0.000000,0.000000,0.000000,-0.000000
7976712615,1763340330359968912,0.000000000,0.000000000,1,224430.594346,329745,33554432,0.000,1.403016,0.018694,-1.017096,0.000000,0.000000,0.000000,0.000000,0.000000,-0.000000
7983780163,1763340330367036442,0.000000000,0.000000000,1,224430.601346,329745,33554432,0.000,1.403019,0.018698,-1.017093,0.000000,0.000000,0.000000,0.000000,0.000000,-0.000000
7990748972,1763340330374005250,0.000000000,0.000000000,1,224430.608346,329745,33554432,0.000,1.403019,0.018697,-1.017072,0.000000,0.000000,0.000000,0.000000,0.000000,-0.000000
7997817742,1763340330381074021,0.000000000,0.000000000,1,224430.615346,329745,33554432,0.000,1.403025,0.018700,-1.017072,0.000000,0.000000,0.000000,0.000000,0.000000,-0.000000
8004804106,1763340330388060292,0.000000000,0.000000000,1,224430.622346,329745,33554432,0.000,1.403021,0.018695,-1.017062,0.000000,0.000000,0.000000,0.000000,0.000000,-0.000000
8011714748,1763340330394971027,0.000000000,0.000000000,1,224430.629346,329745,33554432,0.000,1.403017,0.018702,-1.017057,0.000000,0.000000,0.000000,0.000000,0.000000,-0.000000
8018781500,1763340330402037779,0.000000000,0.000000000,1,224430.636346,329745,33554432,0.000,1.403025,0.018697,-1.017047,0.000000,0.000000,0.000000,0.000000,0.000000,-0.000000
8025706827,1763340330408963124,0.000000000,0.000000000,1,224430.643346,329745,33554432,0.000,1.403023,0.018703,-1.017046,0.000000,0.000000,0.000000,0.000000,0.000000,-0.000000
8032835357,1763340330416091635,0.000000000,0.000000000,1,224430.650346,329745,33554432,0.000,1.403023,0.018705,-1.017032,0.000000,0.000000,0.000000,0.000000,0.000000,-0.000000
8039775720,1763340330423032018,0.000000000,0.000000000,1,224430.657346,329745,33554432,0.000,1.403020,0.018702,-1.017038,0.000000,0.000000,0.000000,0.000000,0.000000,-0.000000
8046706880,1763340330429963159,0.000000000,0.000000000,1,224430.664346,329745,33554432,0.000,1.403022,0.018706,-1.017029,0.000000,0.000000,0.000000,0.000000,0.000000,-0.000000
8053773892,1763340330437030189,0.000000000,0.000000000,1,224430.671346,329745,33554432,0.000,1.403023,0.018709,-1.017023,0.000000,0.000000,0.000000,0.000000,0.000000,-0.000000
8060709960,1763340330443966238,0.000000000,0.000000000,1,224430.678346,329745,33554432,0.000,1.403013,0.018716,-1.017018,0.000000,0.000000,0.000000,0.000000,0.000000,-0.000000
8067802601,1763340330451058898,0.000000000,0.000000000,1,224430.685346,329745,33554432,0.000,1.403022,0.018711,-1.017015,0.000000,0.000000,0.000000,0.000000,0.000000,-0.000000
8074712779,1763340330457969058,0.000000000,0.000000000,1,224430.692346,329745,33554432,0.000,1.403034,0.018706,-1.017011,0.000000,0.000000,0.000000,0.000000,0.000000,-0.000000
8081780624,1763340330465036921,0.000000000,0.000000000,1,224430.699346,329745,33554432,0.000,1.403043,0.018708,-1.017005,0.000000,0.000000,0.000000,0.000000,0.000000,-0.000000
8088849376,1763340330472105655,0.000000000,0.000000000,1,224430.706346,329745,33554432,0.000,1.403049,0.018712,-1.016991,0.000000,0.000000,0.000000,0.000000,0.000000,-0.000000
8095792277,1763340330479048297,0.000000000,0.000000000,1,224430.713346,329745,33554432,0.000,1.403054,0.018708,-1.016995,0.000000,0.000000,0.000000,0.000000,0.000000,-0.000000
8102862048,1763340330486118327,0.000000000,0.000000000,1,224430.720346,329745,33554432,0.000,1.403058,0.018706,-1.016985,0.000000,0.000000,0.000000,0.000000,0.000000,-0.000000
8109788134,1763340330493044431,0.000000000,0.000000000,1,224430.727346,329745,33554432,0.000,1.403056,0.018707,-1.016980,0.000000,0.000000,0.000000,0.000000,0.000000,-0.000000
8116711257,1763340330499967555,0.000000000,0.000000000,1,224430.734346,329745,33554432,0.000,1.403056,0.018706,-1.016980,0.000000,0.000000,0.000000,0.000000,0.000000,-0.000000
8123779806,1763340330507036066,0.000000000,0.000000000,1,224430.741346,329745,33554432,0.000,1.403061,0.018708,-1.016977,0.000000,0.000000,0.000000,0.000000,0.000000,-0.000000
8130730577,1763340330513986874,0.000000000,0.000000000,1,224430.748346,329745,33554432,0.000,1.403064,0.018704,-1.016979,0.000000,0.000000,0.000000,0.000000,0.000000,-0.000000
8137798533,1763340330521054812,0.000000000,0.000000000,1,224430.755346,329745,33554432,0.000,1.403063,0.018715,-1.016982,0.000000,0.000000,0.000000,0.000000,0.000000,-0.000000
8144712378,1763340330527968676,0.000000000,0.000000000,1,224430.762346,329745,33554432,0.000,1.403075,0.018715,-1.016965,0.000000,0.000000,0.000000,0.000000,0.000000,-0.000000
8151782649,1763340330535038891,0.000000000,0.000000000,1,224430.769346,329745,33554432,0.000,1.403083,0.018708,-1.016968,0.000000,0.000000,0.000000,0.000000,0.000000,-0.000000
8158707050,1763340330541963347,0.000000000,0.000000000,1,224430.776346,329745,33554432,0.000,1.403087,0.018704,-1.016970,0.000000,0.000000,0.000000,0.000000,0.000000,-0.000000
8165659543,1763340330548915822,0.000000000,0.000000000,1,224430.783346,329745,33554432,0.000,1.403090,0.018706,-1.016968,0.000000,0.000000,0.000000,0.000000,0.000000,-0.000000
8172740999,1763340330555997278,0.000000000,0.000000000,1,224430.790346,329745,33554432,0.000,1.403092,0.018703,-1.016974,0.000000,0.000000,0.000000,0.000000,0.000000,-0.000000
8179677974,1763340330562934271,0.000000000,0.000000000,1,224430.797346,329745,33554432,0.000,1.403097,0.018705,-1.016971,0.000000,0.000000,0.000000,0.000000,0.000000,-0.000000
8186748874,1763340330570005172,0.000000000,0.000000000,1,224430.804346,329745,33554432,0.000,1.403106,0.018704,-1.016976,0.000000,0.000000,0.000000,0.000000,0.000000,-0.000000
8193832941,1763340330577089239,0.000000000,0.000000000,1,224430.811346,329745,33554432,0.000,1.403104,0.018700,-1.016979,0.000000,0.000000,0.000000,0.000000,0.000000,-0.000000
8200789490,1763340330584045769,0.000000000,0.000000000,1,224430.818346,329745,33554432,0.000,1.403104,0.018698,-1.016967,0.000000,0.000000,0.000000,0.000000,0.000000,-0.000000
8207720743,1763340330590976929,0.000000000,0.000000000,1,224430.825346,329745,33554432,0.000,1.403100,0.018693,-1.016963,0.000000,0.000000,0.000000,0.000000,0.000000,-0.000000
8214795662,1763340330598051848,0.000000000,0.000000000,1,224430.832346,329745,33554432,0.000,1.403101,0.018710,-1.016961,0.000000,0.000000,0.000000,0.000000,0.000000,-0.000000
8221708267,1763340330604964546,0.000000000,0.000000000,1,224430.839346,329745,33554432,0.000,1.403105,0.018715,-1.016961,0.000000,0.000000,0.000000,0.000000,0.000000,-0.000000
8228675204,1763340330611931502,0.000000000,0.000000000,1,224430.846346,329745,33554432,0.000,1.403129,0.018722,-1.016957,0.000000,0.000000,0.000000,0.000000,0.000000,-0.000000
8235769160,1763340330619025458,0.000000000,0.000000000,1,224430.853346,329745,33554432,0.000,1.403126,0.018728,-1.016957,0.000000,0.000000,0.000000,0.000000,0.000000,-0.000000
8242687320,1763340330625943599,0.000000000,0.000000000,1,224430.860346,329745,33554432,0.000,1.403122,0.018722,-1.016940,0.000000,0.000000,0.000000,0.000000,0.000000,-0.000000
8249775073,1763340330633031370,0.000000000,0.000000000,1,224430.867346,329745,33554432,0.000,1.403127,0.018716,-1.016946,0.000000,0.000000,0.000000,0.000000,0.000000,-0.000000
8256691974,1763340330639948271,0.000000000,0.000000000,1,224430.874346,329745,33554432,0.000,1.403119,0.018722,-1.016935,0.000000,0.000000,0.000000,0.000000,0.000000,-0.000000
8263804170,1763340330647060301,0.000000000,0.000000000,1,224430.881346,329745,33554432,0.000,1.403129,0.018728,-1.016938,0.000000,0.000000,0.000000,0.000000,0.000000,-0.000000
8271552364,1763340330654808699,0.000000000,0.000000000,1,224430.888346,329745,33554432,0.000,1.403123,0.018724,-1.016927,0.000000,0.000000,0.000000,0.000000,0.000000,-0.000000
8277684361,1763340330660940380,0.000000000,0.000000000,1,224430.895346,329745,33554432,0.000,1.403127,0.018720,-1.016921,0.000000,0.000000,0.000000,0.000000,0.000000,-0.000000
8284780594,1763340330668036392,0.000000000,0.000000000,1,224430.902346,329745,33554432,0.000,1.403132,0.018717,-1.016928,0.000000,0.000000,0.000000,0.000000,0.000000,-0.000000
8291774625,1763340330675030922,0.000000000,0.000000000,1,224430.909346,329745,33554432,0.000,1.403125,0.018717,-1.016925,0.000000,0.000000,0.000000,0.000000,0.000000,-0.000000
8298694914,1763340330681951101,0.000000000,0.000000000,1,224430.916346,329745,33554432,0.000,1.403125,0.018712,-1.016916,0.000000,0.000000,0.000000,0.000000,0.000000,-0.000000
8305692945,1763340330688949020,0.000000000,0.000000000,1,224430.923346,329745,33554432,0.000,1.403120,0.018716,-1.016928,0.000000,0.000000,0.000000,0.000000,0.000000,-0.000000
8312758975,1763340330696014846,0.000000000,0.000000000,1,224430.930346,329745,33554432,0.000,1.403115,0.018709,-1.016925,0.000000,0.000000,0.000000,0.000000,0.000000,-0.000000
8319748542,1763340330703004728,0.000000000,0.000000000,1,224430.937346,329745,33554432,0.000,1.403114,0.018709,-1.016931,0.000000,0.000000,0.000000,0.000000,0.000000,-0.000000
8326768498,1763340330710024592,0.000000000,0.000000000,1,224430.944346,329745,33554432,0.000,1.403103,0.018714,-1.016927,0.000000,0.000000,0.000000,0.000000,0.000000,-0.000000
8333680436,1763340330716936604,0.000000000,0.000000000,1,224430.951346,329745,33554432,0.000,1.403105,0.018705,-1.016928,0.000000,0.000000,0.000000,0.000000,0.000000,-0.000000
8340760170,1763340330724016467,0.000000000,0.000000000,1,224430.958346,329745,33554432,0.000,1.403092,0.018702,-1.016919,0.000000,0.000000,0.000000,0.000000,0.000000,-0.000000
8347687108,1763340330730943387,0.000000000,0.000000000,1,224430.965346,329745,33554432,0.000,1.403095,0.018706,-1.016925,0.000000,0.000000,0.000000,0.000000,0.000000,-0.000000
8354755416,1763340330738011694,0.000000000,0.000000000,1,224430.972346,329745,33554432,0.000,1.403090,0.018697,-1.016934,0.000000,0.000000,0.000000,0.000000,0.000000,-0.000000
8361823872,1763340330745080150,0.000000000,0.000000000,1,224430.979346,329745,33554432,0.000,1.403082,0.018696,-1.016934,0.000000,0.000000,0.000000,0.000000,0.000000,-0.000000
8368779476,1763340330752035773,0.000000000,0.000000000,1,224430.986346,329745,33554432,0.000,1.403073,0.018695,-1.016915,0.000000,0.000000,0.000000,0.000000,0.000000,-0.000000
8375688710,1763340330758944989,0.000000000,0.000000000,1,224430.993346,329745,33554432,0.000,1.403066,0.018695,-1.016919,0.000000,0.000000,0.000000,0.000000,0.000000,-0.000000
8382769870,1763340330766026167,0.000000000,0.000000000,1,224431.000346,329745,33554432,0.000,1.403053,0.018693,-1.016908,0.000000,0.000000,0.000000,0.000000,0.000000,-0.000000
8389723123,1763340330772979364,0.000000000,0.000000000,1,224431.007346,329745,33554432,0.000,1.403048,0.018699,-1.016915,0.000000,0.000000,0.000000,0.000000,0.000000,-0.000000
8396791467,1763340330780047765,0.000000000,0.000000000,1,224431.014346,329745,33554432,0.000,1.403051,0.018700,-1.016916,0.000000,0.000000,0.000000,0.000000,0.000000,-0.000000
8403716479,1763340330786972647,0.000000000,0.000000000,1,224431.021346,329745,33554432,0.000,1.403046,0.018697,-1.016911,0.000000,0.000000,0.000000,0.000000,0.000000,-0.000000
8410816139,1763340330794072418,0.000000000,0.000000000,1,224431.028346,329745,33554432,0.000,1.403042,0.018692,-1.016899,0.000000,0.000000,0.000000,0.000000,0.000000,-0.000000
8417747577,1763340330801003800,0.000000000,0.000000000,1,224431.035346,329745,33554432,0.000,1.403046,0.018696,-1.016899,0.000000,0.000000,0.000000,0.000000,0.000000,-0.000000
8424815218,1763340330808071515,0.000000000,0.000000000,1,224431.042346,329745,33554432,0.000,1.403048,0.018699,-1.016875,0.000000,0.000000,0.000000,0.000000,0.000000,-0.000000
8431783878,1763340330815040157,0.000000000,0.000000000,1,224431.049346,329745,33554432,0.000,1.403055,0.018699,-1.016883,0.000000,0.000000,0.000000,0.000000,0.000000,-0.000000
8438705557,1763340330821961836,0.000000000,0.000000000,1,224431.056346,329745,33554432,0.000,1.403062,0.018695,-1.016879,0.000000,0.000000,0.000000,0.000000,0.000000,-0.000000
8445773531,1763340330829029829,0.000000000,0.000000000,1,224431.063346,329745,33554432,0.000,1.403071,0.018700,-1.016879,0.000000,0.000000,0.000000,0.000000,0.000000,-0.000000
8452842098,1763340330836098377,0.000000000,0.000000000,1,224431.070346,329745,33554432,0.000,1.403084,0.018701,-1.016883,0.000000,0.000000,0.000000,0.000000,0.000000,-0.000000
8459768962,1763340330843025241,0.000000000,0.000000000,1,224431.077346,329745,33554432,0.000,1.403086,0.018705,-1.016892,0.000000,0.000000,0.000000,0.000000,0.000000,-0.000000
8466707381,1763340330849963660,0.000000000,0.000000000,1,224431.084346,329745,33554432,0.000,1.403088,0.018698,-1.016867,0.000000,0.000000,0.000000,0.000000,0.000000,-0.000000
8473777393,1763340330857033690,0.000000000,0.000000000,1,224431.091346,329745,33554432,0.000,1.403082,0.018702,-1.016867,0.000000,0.000000,0.000000,0.000000,0.000000,-0.000000
8480698349,1763340330863954628,0.000000000,0.000000000,1,224431.098346,329745,33554432,0.000,1.403087,0.018685,-1.016855,0.000000,0.000000,0.000000,0.000000,0.000000,-0.000000
8487795027,1763340330871050880,0.000000000,0.000000000,1,224431.105346,329745,33554432,0.000,1.403080,0.018681,-1.016867,0.000000,0.000000,0.000000,0.000000,0.000000,-0.000000
8494766873,1763340330878023151,0.000000000,0.000000000,1,224431.112346,329745,33554432,0.000,1.403080,0.018685,-1.016869,0.000000,0.000000,0.000000,0.000000,0.000000,-0.000000
8501709866,1763340330884966145,0.000000000,0.000000000,1,224431.119346,329745,33554432,0.000,1.403082,0.018695,-1.016861,0.000000,0.000000,0.000000,0.000000,0.000000,-0.000000
8508780729,1763340330892037027,0.000000000,0.000000000,1,224431.126346,329745,33554432,0.000,1.403078,0.018693,-1.016850,0.000000,0.000000,0.000000,0.000000,0.000000,-0.000000
8515850019,1763340330899106186,0.000000000,0.000000000,1,224431.133346,329745,33554432,0.000,1.403079,0.018692,-1.016848,0.000000,0.000000,0.000000,0.000000,0.000000,-0.000000
8522769790,1763340330906026087,0.000000000,0.000000000,1,224431.140346,329745,33554432,0.000,1.403077,0.018692,-1.016844,0.000000,0.000000,0.000000,0.000000,0.000000,-0.000000
8529735357,1763340330912991655,0.000000000,0.000000000,1,224431.147346,329745,33554432,0.000,1.403065,0.018690,-1.016838,0.000000,0.000000,0.000000,0.000000,0.000000,-0.000000
8536802906,1763340330920059203,0.000000000,0.000000000,1,224431.154346,329745,33554432,0.000,1.403062,0.018682,-1.016835,0.000000,0.000000,0.000000,0.000000,0.000000,-0.000000
8543712344,1763340330926968623,0.000000000,0.000000000,1,224431.161346,329745,33554432,0.000,1.403058,0.018684,-1.016839,0.000000,0.000000,0.000000,0.000000,0.000000,-0.000000
8550780115,1763340330934036394,0.000000000,0.000000000,1,224431.168346,329745,33554432,0.000,1.403050,0.018686,-1.016829,0.000000,0.000000,0.000000,0.000000,0.000000,-0.000000
8557847515,1763340330941103812,0.000000000,0.000000000,1,224431.175346,329745,33554432,0.000,1.403053,0.018681,-1.016837,0.000000,0.000000,0.000000,0.000000,0.000000,-0.000000
8564803379,1763340330948059658,0.000000000,0.000000000,1,224431.182346,329745,33554432,0.000,1.403061,0.018689,-1.016831,0.000000,0.000000,0.000000,0.000000,0.000000,-0.000000
8571710502,1763340330954966781,0.000000000,0.000000000,1,224431.189346,329745,33554432,0.000,1.403065,0.018696,-1.016840,0.000000,0.000000,0.000000,0.000000,0.000000,-0.000000
8578777088,1763340330962033385,0.000000000,0.000000000,1,224431.196346,329745,33554432,0.000,1.403054,0.018689,-1.016838,0.000000,0.000000,0.000000,0.000000,0.000000,-0.000000
8585856766,1763340330969113045,0.000000000,0.000000000,1,224431.203346,329745,33554432,0.000,1.403044,0.018681,-1.016837,0.000000,0.000000,0.000000,0.000000,0.000000,-0.000000
8592782000,1763340330976038297,0.000000000,0.000000000,1,224431.210346,329745,33554432,0.000,1.403040,0.018675,-1.016830,0.000000,0.000000,0.000000,0.000000,0.000000,-0.000000
8599861252,1763340330983117550,0.000000000,0.000000000,1,224431.217346,329745,33554432,0.000,1.403040,0.018669,-1.016835,0.000000,0.000000,0.000000,0.000000,0.000000,-0.000000
8606783783,1763340330990040080,0.000000000,0.000000000,1,224431.224346,329745,33554432,0.000,1.403055,0.018670,-1.016830,0.000000,0.000000,0.000000,0.000000,0.000000,-0.000000
8613719147,1763340330996975425,0.000000000,0.000000000,1,224431.231346,329745,33554432,0.000,1.403049,0.018673,-1.016839,0.000000,0.000000,0.000000,0.000000,0.000000,-0.000000
8620789269,1763340331004045567,0.000000000,0.000000000,1,224431.238346,329745,33554432,0.000,1.403058,0.018665,-1.016819,0.000000,0.000000,0.000000,0.000000,0.000000,-0.000000
8627733040,1763340331010989338,0.000000000,0.000000000,1,224431.245346,329745,33554432,0.000,1.403053,0.018669,-1.016825,0.000000,0.000000,0.000000,0.000000,0.000000,-0.000000
8634641108,1763340331017897405,0.000000000,0.000000000,1,224431.252346,329745,33554432,0.000,1.403057,0.018675,-1.016819,0.000000,0.000000,0.000000,0.000000,0.000000,-0.000000
8641738823,1763340331024995102,0.000000000,0.000000000,1,224431.259346,329745,33554432,0.000,1.403057,0.018680,-1.016822,0.000000,0.000000,0.000000,0.000000,0.000000,-0.000000
8648664372,1763340331031920651,0.000000000,0.000000000,1,224431.266346,329745,33554432,0.000,1.403060,0.018697,-1.016808,0.000000,0.000000,0.000000,0.000000,0.000000,-0.000000
8655733143,1763340331038989440,0.000000000,0.000000000,1,224431.273346,329745,33554432,0.000,1.403058,0.018694,-1.016818,0.000000,0.000000,0.000000,0.000000,0.000000,-0.000000
8662643803,1763340331045900100,0.000000000,0.000000000,1,224431.280346,329745,33554432,0.000,1.403073,0.018693,-1.016812,0.000000,0.000000,0.000000,0.000000,0.000000,-0.000000
8669778925,1763340331053035204,0.000000000,0.000000000,1,224431.287346,329745,33554432,0.000,1.403078,0.018695,-1.016811,0.000000,0.000000,0.000000,0.000000,0.000000,-0.000000
8676687512,1763340331059943809,0.000000000,0.000000000,1,224431.294346,329745,33554432,0.000,1.403073,0.018692,-1.016810,0.000000,0.000000,0.000000,0.000000,0.000000,-0.000000
8683773801,1763340331067030080,0.000000000,0.000000000,1,224431.301346,329745,33554432,0.000,1.403075,0.018691,-1.016815,0.000000,0.000000,0.000000,0.000000,0.000000,-0.000000
8690751813,1763340331074008110,0.000000000,0.000000000,1,224431.308346,329745,33554432,0.000,1.403082,0.018691,-1.016805,0.000000,0.000000,0.000000,0.000000,0.000000,-0.000000
8697680380,1763340331080936659,0.000000000,0.000000000,1,224431.315346,329745,33554432,0.000,1.403085,0.018696,-1.016810,0.000000,0.000000,0.000000,0.000000,0.000000,-0.000000
8704767281,1763340331088023596,0.000000000,0.000000000,1,224431.322346,329745,33554432,0.000,1.403092,0.018696,-1.016786,0.000000,0.000000,0.000000,0.000000,0.000000,-0.000000
8711718885,1763340331094975034,0.000000000,0.000000000,1,224431.329346,329745,33554432,0.000,1.403092,0.018693,-1.016789,0.000000,0.000000,0.000000,0.000000,0.000000,-0.000000
8718791045,1763340331102047324,0.000000000,0.000000000,1,224431.336346,329745,33554432,0.000,1.403092,0.018698,-1.016782,0.000000,0.000000,0.000000,0.000000,0.000000,-0.000000
8725714446,1763340331108970743,0.000000000,0.000000000,1,224431.343346,329745,33554432,0.000,1.403091,0.018701,-1.016783,0.000000,0.000000,0.000000,0.000000,0.000000,-0.000000
8732833068,1763340331116089365,0.000000000,0.000000000,1,224431.350346,329745,33554432,0.000,1.403100,0.018700,-1.016768,0.000000,0.000000,0.000000,0.000000,0.000000,-0.000000
8739758284,1763340331123014581,0.000000000,0.000000000,1,224431.357346,329745,33554432,0.000,1.403097,0.018704,-1.016763,0.000000,0.000000,0.000000,0.000000,0.000000,-0.000000
8746669499,1763340331129925797,0.000000000,0.000000000,1,224431.364346,329745,33554432,0.000,1.403093,0.018705,-1.016748,0.000000,0.000000,0.000000,0.000000,0.000000,-0.000000
8753737511,1763340331136993790,0.000000000,0.000000000,1,224431.371346,329745,33554432,0.000,1.403088,0.018696,-1.016749,0.000000,0.000000,0.000000,0.000000,0.000000,-0.000000
8763550605,1763340331146806865,0.000000000,0.000000000,1,224431.378346,329745,33554432,0.000,1.403095,0.018700,-1.016739,0.000000,0.000000,0.000000,0.000000,0.000000,-0.000000
8767682035,1763340331150938332,0.000000000,0.000000000,1,224431.385346,329745,33554432,0.000,1.403090,0.018703,-1.016733,0.000000,0.000000,0.000000,0.000000,0.000000,-0.000000
8774769509,1763340331158025677,0.000000000,0.000000000,1,224431.392346,329745,33554432,0.000,1.403087,0.018703,-1.016736,0.000000,0.000000,0.000000,0.000000,0.000000,-0.000000
8781720688,1763340331164976985,0.000000000,0.000000000,1,224431.399346,329745,33554432,0.000,1.403080,0.018700,-1.016752,0.000000,0.000000,0.000000,0.000000,0.000000,-0.000000
8788768903,1763340331172025182,0.000000000,0.000000000,1,224431.406346,329745,33554432,0.000,1.403071,0.018696,-1.016733,0.000000,0.000000,0.000000,0.000000,0.000000,-0.000000
8795755026,1763340331179011323,0.000000000,0.000000000,1,224431.413346,329745,33554432,0.000,1.403066,0.018707,-1.016730,0.000000,0.000000,0.000000,0.000000,0.000000,-0.000000
8802663445,1763340331185919724,0.000000000,0.000000000,1,224431.420346,329745,33554432,0.000,1.403062,0.018709,-1.016720,0.000000,0.000000,0.000000,0.000000,0.000000,-0.000000
8809727179,1763340331192983421,0.000000000,0.000000000,1,224431.427346,329745,33554432,0.000,1.403061,0.018704,-1.016721,0.000000,0.000000,0.000000,0.000000,0.000000,-0.000000
8816740746,1763340331199996692,0.000000000,0.000000000,1,224431.434346,329745,33554432,0.000,1.403072,0.018691,-1.016722,0.000000,0.000000,0.000000,0.000000,0.000000,-0.000000
8823676758,1763340331206932926,0.000000000,0.000000000,1,224431.441346,329745,33554432,0.000,1.403068,0.018694,-1.016727,0.000000,0.000000,0.000000,0.000000,0.000000,-0.000000
8830663140,1763340331213919419,0.000000000,0.000000000,1,224431.448346,329745,33554432,0.000,1.403063,0.018704,-1.016723,0.000000,0.000000,0.000000,0.000000,0.000000,-0.000000
8837752226,1763340331221008394,0.000000000,0.000000000,1,224431.455346,329745,33554432,0.000,1.403073,0.018698,-1.016721,0.000000,0.000000,0.000000,0.000000,0.000000,-0.000000
8844675534,1763340331227931702,0.000000000,0.000000000,1,224431.462346,329745,33554432,0.000,1.403076,0.018705,-1.016714,0.000000,0.000000,0.000000,0.000000,0.000000,-0.000000
8851745305,1763340331235001491,0.000000000,0.000000000,1,224431.469346,329745,33554432,0.000,1.403079,0.018709,-1.016708,0.000000,0.000000,0.000000,0.000000,0.000000,-0.000000
8858654854,1763340331241911151,0.000000000,0.000000000,1,224431.476346,329745,33554432,0.000,1.403080,0.018721,-1.016694,0.000000,0.000000,0.000000,0.000000,0.000000,-0.000000
8865649014,1763340331248905311,0.000000000,0.000000000,1,224431.483346,329745,33554432,0.000,1.403086,0.018720,-1.016686,0.000000,0.000000,0.000000,0.000000,0.000000,-0.000000
8872874525,1763340331256130822,0.000000000,0.000000000,1,224431.490346,329745,33554432,0.000,1.403087,0.018723,-1.016680,0.000000,0.000000,0.000000,0.000000,0.000000,-0.000000
8879646260,1763340331262902557,0.000000000,0.000000000,1,224431.497346,329745,33554432,0.000,1.403096,0.018706,-1.016679,0.000000,0.000000,0.000000,0.000000,0.000000,-0.000000
8886715716,1763340331269971995,0.000000000,0.000000000,1,224431.504346,329745,33554432,0.000,1.403098,0.018711,-1.016671,0.000000,0.000000,0.000000,0.000000,0.000000,-0.000000
8893795838,1763340331277052117,0.000000000,0.000000000,1,224431.511346,329745,33554432,0.000,1.403100,0.018705,-1.016674,0.000000,0.000000,0.000000,0.000000,0.000000,-0.000000
8900703128,1763340331283959425,0.000000000,0.000000000,1,224431.518346,329745,33554432,0.000,1.403105,0.018709,-1.016654,0.000000,0.000000,0.000000,0.000000,0.000000,-0.000000
8907774491,1763340331291030770,0.000000000,0.000000000,1,224431.525346,329745,33554432,0.000,1.403090,0.018715,-1.016654,0.000000,0.000000,0.000000,0.000000,0.000000,-0.000000
8914689448,1763340331297945745,0.000000000,0.000000000,1,224431.532346,329745,33554432,0.000,1.403090,0.018712,-1.016656,0.000000,0.000000,0.000000,0.000000,0.000000,-0.000000
8921772682,1763340331305028979,0.000000000,0.000000000,1,224431.539346,329745,33554432,0.000,1.403089,0.018706,-1.016655,0.000000,0.000000,0.000000,0.000000,0.000000,-0.000000
8928732953,1763340331311989232,0.000000000,0.000000000,1,224431.546346,329745,33554432,0.000,1.403091,0.018699,-1.016647,0.000000,0.000000,0.000000,0.000000,0.000000,-0.000000
8935663465,1763340331318919762,0.000000000,0.000000000,1,224431.553346,329745,33554432,0.000,1.403094,0.018691,-1.016648,0.000000,0.000000,0.000000,0.000000,0.000000,-0.000000
8942743643,1763340331325999940,0.000000000,0.000000000,1,224431.560346,329745,33554432,0.000,1.403102,0.018689,-1.016648,0.000000,0.000000,0.000000,0.000000,0.000000,-0.000000
8949674914,1763340331332931193,0.000000000,0.000000000,1,224431.567346,329745,33554432,0.000,1.403101,0.018693,-1.016648,0.000000,0.000000,0.000000,0.000000,0.000000,-0.000000
8956742092,1763340331339998371,0.000000000,0.000000000,1,224431.574346,329745,33554432,0.000,1.403097,0.018684,-1.016646,0.000000,0.000000,0.000000,0.000000,0.000000,-0.000000
8963678475,1763340331346934716,0.000000000,0.000000000,1,224431.581346,329745,33554432,0.000,1.403092,0.018697,-1.016644,0.000000,0.000000,0.000000,0.000000,0.000000,-0.000000
8970748394,1763340331354004672,0.000000000,0.000000000,1,224431.588346,329745,33554432,0.000,1.403096,0.018695,-1.016640,0.000000,0.000000,0.000000,0.000000,0.000000,-0.000000
8977657332,1763340331360913629,0.000000000,0.000000000,1,224431.595346,329745,33554432,0.000,1.403094,0.018696,-1.016645,0.000000,0.000000,0.000000,0.000000,0.000000,-0.000000
8984661343,1763340331367917511,0.000000000,0.000000000,1,224431.602346,329745,33554432,0.000,1.403093,0.018698,-1.016635,0.000000,0.000000,0.000000,0.000000,0.000000,-0.000000
8991647059,1763340331374903356,0.000000000,0.000000000,1,224431.609346,329745,33554432,0.000,1.403084,0.018693,-1.016636,0.000000,0.000000,0.000000,0.000000,0.000000,-0.000000
8998716441,1763340331381972738,0.000000000,0.000000000,1,224431.616346,329745,33554432,0.000,1.403090,0.018694,-1.016624,0.000000,0.000000,0.000000,0.000000,0.000000,-0.000000
9005788619,1763340331389044916,0.000000000,0.000000000,1,224431.623346,329745,33554432,0.000,1.403096,0.018694,-1.016635,0.000000,0.000000,0.000000,0.000000,0.000000,-0.000000
9012866704,1763340331396123002,0.000000000,0.000000000,1,224431.630346,329745,33554432,0.000,1.403104,0.018690,-1.016634,0.000000,0.000000,0.000000,0.000000,0.000000,-0.000000
9019644198,1763340331402900496,0.000000000,0.000000000,1,224431.637346,329745,33554432,0.000,1.403102,0.018683,-1.016633,0.000000,0.000000,0.000000,0.000000,0.000000,-0.000000
9026742636,1763340331409998877,0.000000000,0.000000000,1,224431.644346,329745,33554432,0.000,1.403105,0.018689,-1.016620,0.000000,0.000000,0.000000,0.000000,0.000000,-0.000000
9033654574,1763340331416910871,0.000000000,0.000000000,1,224431.651346,329745,33554432,0.000,1.403094,0.018686,-1.016625,0.000000,0.000000,0.000000,0.000000,0.000000,-0.000000
9040722048,1763340331423978327,0.000000000,0.000000000,1,224431.658346,329745,33554432,0.000,1.403094,0.018680,-1.016631,0.000000,0.000000,0.000000,0.000000,0.000000,-0.000000
9047789208,1763340331431045487,0.000000000,0.000000000,1,224431.665346,329745,33554432,0.000,1.403087,0.018677,-1.016646,0.000000,0.000000,0.000000,0.000000,0.000000,-0.000000
9054696942,1763340331437953239,0.000000000,0.000000000,1,224431.672346,329745,33554432,0.000,1.403071,0.018670,-1.016641,0.000000,0.000000,0.000000,0.000000,0.000000,-0.000000
9061776028,1763340331445032325,0.000000000,0.000000000,1,224431.679346,329745,33554432,0.000,1.403066,0.018684,-1.016649,0.000000,0.000000,0.000000,0.000000,0.000000,-0.000000
9068704169,1763340331451960448,0.000000000,0.000000000,1,224431.686346,329745,33554432,0.000,1.403056,0.018680,-1.016649,0.000000,0.000000,0.000000,0.000000,0.000000,-0.000000
9075770459,1763340331459026737,0.000000000,0.000000000,1,224431.693346,329745,33554432,0.000,1.403055,0.018678,-1.016642,0.000000,0.000000,0.000000,0.000000,0.000000,-0.000000
9082698026,1763340331465954323,0.000000000,0.000000000,1,224431.700346,329745,33554432,0.000,1.403054,0.018674,-1.016637,0.000000,0.000000,0.000000,0.000000,0.000000,-0.000000
9089644538,1763340331472900798,0.000000000,0.000000000,1,224431.707346,329745,33554432,0.000,1.403057,0.018672,-1.016641,0.000000,0.000000,0.000000,0.000000,0.000000,-0.000000
9096715161,1763340331479971439,0.000000000,0.000000000,1,224431.714346,329745,33554432,0.000,1.403046,0.018666,-1.016641,0.000000,0.000000,0.000000,0.000000,0.000000,-0.000000
9103783931,1763340331487040210,0.000000000,0.000000000,1,224431.721346,329745,33554432,0.000,1.403051,0.018661,-1.016649,0.000000,0.000000,0.000000,0.000000,0.000000,-0.000000
9110695592,1763340331493951870,0.000000000,0.000000000,1,224431.728346,329745,33554432,0.000,1.403052,0.018655,-1.016648,0.000000,0.000000,0.000000,0.000000,0.000000,-0.000000
9117771881,1763340331501028160,0.000000000,0.000000000,1,224431.735346,329745,33554432,0.000,1.403038,0.018651,-1.016647,0.000000,0.000000,0.000000,0.000000,0.000000,-0.000000
9124693152,1763340331507949431,0.000000000,0.000000000,1,224431.742346,329745,33554432,0.000,1.403041,0.018659,-1.016630,0.000000,0.000000,0.000000,0.000000,0.000000,-0.000000
9131663368,1763340331514919647,0.000000000,0.000000000,1,224431.749346,329745,33554432,0.000,1.403034,0.018659,-1.016627,0.000000,0.000000,0.000000,0.000000,0.000000,-0.000000
9138728083,1763340331521984362,0.000000000,0.000000000,1,224431.756346,329745,33554432,0.000,1.403037,0.018666,-1.016618,0.000000,0.000000,0.000000,0.000000,0.000000,-0.000000
9145646669,1763340331528902818,0.000000000,0.000000000,1,224431.763346,329745,33554432,0.000,1.403037,0.018666,-1.016610,0.000000,0.000000,0.000000,0.000000,0.000000,-0.000000
9152714643,1763340331535970922,0.000000000,0.000000000,1,224431.770346,329745,33554432,0.000,1.403039,0.018675,-1.016606,0.000000,0.000000,0.000000,0.000000,0.000000,-0.000000
9159697192,1763340331542953471,0.000000000,0.000000000,1,224431.777346,329745,33554432,0.000,1.403047,0.018680,-1.016602,0.000000,0.000000,0.000000,0.000000,0.000000,-0.000000
9166782389,1763340331550038686,0.000000000,0.000000000,1,224431.784346,329745,33554432,0.000,1.403044,0.018669,-1.016588,0.000000,0.000000,0.000000,0.000000,0.000000,-0.000000
9173683808,1763340331556940106,0.000000000,0.000000000,1,224431.791346,329745,33554432,0.000,1.403049,0.018671,-1.016582,0.000000,0.000000,0.000000,0.000000,0.000000,-0.000000
9180743301,1763340331563999599,0.000000000,0.000000000,1,224431.798346,329745,33554432,0.000,1.403036,0.018671,-1.016574,0.000000,0.000000,0.000000,0.000000,0.000000,-0.000000
9187664906,1763340331570921203,0.000000000,0.000000000,1,224431.805346,329745,33554432,0.000,1.403031,0.018675,-1.016574,0.000000,0.000000,0.000000,0.000000,0.000000,-0.000000
9194679603,1763340331577935845,0.000000000,0.000000000,1,224431.812346,329745,33554432,0.000,1.403023,0.018675,-1.016578,0.000000,0.000000,0.000000,0.000000,0.000000,-0.000000
9201654059,1763340331584910357,0.000000000,0.000000000,1,224431.819346,329745,33554432,0.000,1.403018,0.018677,-1.016575,0.000000,0.000000,0.000000,0.000000,0.000000,-0.000000
9208725626,1763340331591981794,0.000000000,0.000000000,1,224431.826346,329745,33554432,0.000,1.403020,0.018669,-1.016570,0.000000,0.000000,0.000000,0.000000,0.000000,-0.000000
9215642453,1763340331598898713,0.000000000,0.000000000,1,224431.833346,329745,33554432,0.000,1.403011,0.018670,-1.016576,0.000000,0.000000,0.000000,0.000000,0.000000,-0.000000
9222710409,1763340331605966688,0.000000000,0.000000000,1,224431.840346,329745,33554432,0.000,1.403013,0.018666,-1.016580,0.000000,0.000000,0.000000,0.000000,0.000000,-0.000000
9229697958,1763340331612954255,0.000000000,0.000000000,1,224431.847346,329745,33554432,0.000,1.403020,0.018671,-1.016580,0.000000,0.000000,0.000000,0.000000,0.000000,-0.000000
9236784136,1763340331620040433,0.000000000,0.000000000,1,224431.854346,329745,33554432,0.000,1.403021,0.018683,-1.016588,0.000000,0.000000,0.000000,0.000000,0.000000,-0.000000
9243702296,1763340331626958594,0.000000000,0.000000000,1,224431.861346,329745,33554432,0.000,1.403013,0.018685,-1.016593,0.000000,0.000000,0.000000,0.000000,0.000000,-0.000000
9250764067,1763340331634020364,0.000000000,0.000000000,1,224431.868346,329745,33554432,0.000,1.403014,0.018687,-1.016589,0.000000,0.000000,0.000000,0.000000,0.000000,-0.000000
9263535836,1763340331646792077,0.000000000,0.000000000,1,224431.875346,329745,33554432,0.000,1.403018,0.018684,-1.016589,0.000000,0.000000,0.000000,0.000000,0.000000,-0.000000
9264778998,1763340331648035277,0.000000000,0.000000000,1,224431.882346,329745,33554432,0.000,1.403016,0.018688,-1.016583,0.000000,0.000000,0.000000,0.000000,0.000000,-0.000000
9271733825,1763340331654989992,0.000000000,0.000000000,1,224431.889346,329745,33554432,0.000,1.403007,0.018688,-1.016585,0.000000,0.000000,0.000000,0.000000,0.000000,-0.000000
9278793003,1763340331662049282,0.000000000,0.000000000,1,224431.896346,329745,33554432,0.000,1.403001,0.018677,-1.016585,0.000000,0.000000,0.000000,0.000000,0.000000,-0.000000
9285700274,1763340331668956553,0.000000000,0.000000000,1,224431.903346,329745,33554432,0.000,1.403005,0.018678,-1.016583,0.000000,0.000000,0.000000,0.000000,0.000000,-0.000000
9292811822,1763340331676068120,0.000000000,0.000000000,1,224431.910346,329745,33554432,0.000,1.403004,0.018682,-1.016576,0.000000,0.000000,0.000000,0.000000,0.000000,-0.000000
9299750131,1763340331683006428,0.000000000,0.000000000,1,224431.917346,329745,33554432,0.000,1.403003,0.018674,-1.016577,0.000000,0.000000,0.000000,0.000000,0.000000,-0.000000
9306759957,1763340331690015995,0.000000000,0.000000000,1,224431.924346,329745,33554432,0.000,1.403001,0.018678,-1.016561,0.000000,0.000000,0.000000,0.000000,0.000000,-0.000000
9313767710,1763340331697023600,0.000000000,0.000000000,1,224431.931346,329745,33554432,0.000,1.402994,0.018674,-1.016565,0.000000,0.000000,0.000000,0.000000,0.000000,-0.000000
9320645870,1763340331703902038,0.000000000,0.000000000,1,224431.938346,329745,33554432,0.000,1.403003,0.018666,-1.016552,0.000000,0.000000,0.000000,0.000000,0.000000,-0.000000
9327650067,1763340331710906346,0.000000000,0.000000000,1,224431.945346,329745,33554432,0.000,1.402996,0.018662,-1.016552,0.000000,0.000000,0.000000,0.000000,0.000000,-0.000000
9334710634,1763340331717966931,0.000000000,0.000000000,1,224431.952346,329745,33554432,0.000,1.403002,0.018657,-1.016557,0.000000,0.000000,0.000000,0.000000,0.000000,-0.000000
9341646739,1763340331724903017,0.000000000,0.000000000,1,224431.959346,329745,33554432,0.000,1.402999,0.018656,-1.016557,0.000000,0.000000,0.000000,0.000000,0.000000,-0.000000
9348711250,1763340331731967547,0.000000000,0.000000000,1,224431.966346,329745,33554432,0.000,1.403019,0.018660,-1.016552,0.000000,0.000000,0.000000,0.000000,0.000000,-0.000000
9355772280,1763340331739028578,0.000000000,0.000000000,1,224431.973346,329745,33554432,0.000,1.403015,0.018660,-1.016557,0.000000,0.000000,0.000000,0.000000,0.000000,-0.000000
9362695570,1763340331745951849,0.000000000,0.000000000,1,224431.980346,329745,33554432,0.000,1.403012,0.018654,-1.016547,0.000000,0.000000,0.000000,0.000000,0.000000,-0.000000
9369671100,1763340331752927379,0.000000000,0.000000000,1,224431.987346,329745,33554432,0.000,1.403010,0.018649,-1.016544,0.000000,0.000000,0.000000,0.000000,0.000000,-0.000000
9376737815,1763340331759994113,0.000000000,0.000000000,1,224431.994346,329745,33554432,0.000,1.403026,0.018646,-1.016550,0.000000,0.000000,0.000000,0.000000,0.000000,-0.000000
9383659587,1763340331766915866,0.000000000,0.000000000,1,224432.001346,329745,33554432,0.000,1.403025,0.018647,-1.016554,0.000000,0.000000,0.000000,0.000000,0.000000,-0.000000
9390738432,1763340331773994710,0.000000000,0.000000000,1,224432.008346,329745,33554432,0.000,1.403028,0.018644,-1.016539,0.000000,0.000000,0.000000,0.000000,0.000000,-0.000000
9397650536,1763340331780906815,0.000000000,0.000000000,1,224432.015346,329745,33554432,0.000,1.403032,0.018644,-1.016543,0.000000,0.000000,0.000000,0.000000,0.000000,-0.000000
9404727825,1763340331787983993,0.000000000,0.000000000,1,224432.022346,329745,33554432,0.000,1.403038,0.018642,-1.016521,0.000000,0.000000,0.000000,0.000000,0.000000,-0.000000
9411654745,1763340331794910913,0.000000000,0.000000000,1,224432.029346,329745,33554432,0.000,1.403048,0.018645,-1.016519,0.000000,0.000000,0.000000,0.000000,0.000000,-0.000000
9418655479,1763340331801911647,0.000000000,0.000000000,1,224432.036346,329745,33554432,0.000,1.403058,0.018653,-1.016515,0.000000,0.000000,0.000000,0.000000,0.000000,-0.000000
9425728601,1763340331808984899,0.000000000,0.000000000,1,224432.043346,329745,33554432,0.000,1.403064,0.018658,-1.016515,0.000000,0.000000,0.000000,0.000000,0.000000,-0.000000
9432847113,1763340331816103355,0.000000000,0.000000000,1,224432.050346,329745,33554432,0.000,1.403049,0.018654,-1.016517,0.000000,0.000000,0.000000,0.000000,0.000000,-0.000000
9439768291,1763340331823024589,0.000000000,0.000000000,1,224432.057346,329745,33554432,0.000,1.403046,0.018658,-1.016521,0.000000,0.000000,0.000000,0.000000,0.000000,-0.000000
9446675452,1763340331829931731,0.000000000,0.000000000,1,224432.064346,329745,33554432,0.000,1.403039,0.018662,-1.016503,0.000000,0.000000,0.000000,0.000000,0.000000,-0.000000
9453737537,1763340331836993816,0.000000000,0.000000000,1,224432.071346,329745,33554432,0.000,1.403045,0.018662,-1.016507,0.000000,0.000000,0.000000,0.000000,0.000000,-0.000000
9460647735,1763340331843904032,0.000000000,0.000000000,1,224432.078346,329745,33554432,0.000,1.403057,0.018672,-1.016493,0.000000,0.000000,0.000000,0.000000,0.000000,-0.000000
9467742764,1763340331850999062,0.000000000,0.000000000,1,224432.085346,329745,33554432,0.000,1.403053,0.018668,-1.016492,0.000000,0.000000,0.000000,0.000000,0.000000,-0.000000
9474650869,1763340331857907148,0.000000000,0.000000000,1,224432.092346,329745,33554432,0.000,1.403065,0.018672,-1.016481,0.000000,0.000000,0.000000,0.000000,0.000000,-0.000000
9481732695,1763340331864988993,0.000000000,0.000000000,1,224432.099346,329745,33554432,0.000,1.403068,0.018674,-1.016486,0.000000,0.000000,0.000000,0.000000,0.000000,-0.000000
9488794133,1763340331872050430,0.000000000,0.000000000,1,224432.106346,329745,33554432,0.000,1.403059,0.018668,-1.016477,0.000000,0.000000,0.000000,0.000000,0.000000,-0.000000
9495712386,1763340331878968664,0.000000000,0.000000000,1,224432.113346,329745,33554432,0.000,1.403052,0.018670,-1.016483,0.000000,0.000000,0.000000,0.000000,0.000000,-0.000000
9502653990,1763340331885910288,0.000000000,0.000000000,1,224432.120346,329745,33554432,0.000,1.403052,0.018660,-1.016475,0.000000,0.000000,0.000000,0.000000,0.000000,-0.000000
9509755316,1763340331893011614,0.000000000,0.000000000,1,224432.127346,329745,33554432,0.000,1.403061,0.018664,-1.016471,0.000000,0.000000,0.000000,0.000000,0.000000,-0.000000
9516658106,1763340331899914404,0.000000000,0.000000000,1,224432.134346,329745,33554432,0.000,1.403079,0.018671,-1.016469,0.000000,0.000000,0.000000,0.000000,0.000000,-0.000000
9523718321,1763340331906974619,0.000000000,0.000000000,1,224432.141346,329745,33554432,0.000,1.403085,0.018669,-1.016478,0.000000,0.000000,0.000000,0.000000,0.000000,-0.000000
9530658074,1763340331913914372,0.000000000,0.000000000,1,224432.148346,329745,33554432,0.000,1.403099,0.018666,-1.016467,0.000000,0.000000,0.000000,0.000000,0.000000,-0.000000
9537740937,1763340331920997216,0.000000000,0.000000000,1,224432.155346,329745,33554432,0.000,1.403102,0.018661,-1.016464,0.000000,0.000000,0.000000,0.000000,0.000000,-0.000000
9544802153,1763340331928058432,0.000000000,0.000000000,1,224432.162346,329745,33554432,0.000,1.403112,0.018663,-1.016457,0.000000,0.000000,0.000000,0.000000,0.000000,-0.000000
9551702554,1763340331934958833,0.000000000,0.000000000,1,224432.169346,329745,33554432,0.000,1.403113,0.018657,-1.016454,0.000000,0.000000,0.000000,0.000000,0.000000,-0.000000
9558773936,1763340331942030214,0.000000000,0.000000000,1,224432.176346,329745,33554432,0.000,1.403111,0.018648,-1.016445,0.000000,0.000000,0.000000,0.000000,0.000000,-0.000000
9565699040,1763340331948955337,0.000000000,0.000000000,1,224432.183346,329745,33554432,0.000,1.403109,0.018652,-1.016448,0.000000,0.000000,0.000000,0.000000,0.000000,-0.000000
9572775237,1763340331956031534,0.000000000,0.000000000,1,224432.190346,329745,33554432,0.000,1.403108,0.018652,-1.016438,0.000000,0.000000,0.000000,0.000000,0.000000,-0.000000
9579697638,1763340331962953917,0.000000000,0.000000000,1,224432.197346,329745,33554432,0.000,1.403117,0.018653,-1.016437,0.000000,0.000000,0.000000,0.000000,0.000000,-0.000000
9586757149,1763340331970013447,0.000000000,0.000000000,1,224432.204346,329745,33554432,0.000,1.403114,0.018648,-1.016430,0.000000,0.000000,0.000000,0.000000,0.000000,-0.000000
9593668939,1763340331976925218,0.000000000,0.000000000,1,224432.211346,329745,33554432,0.000,1.403113,0.018644,-1.016431,0.000000,0.000000,0.000000,0.000000,0.000000,-0.000000
9600739988,1763340331983996285,0.000000000,0.000000000,1,224432.218346,329745,33554432,0.000,1.403096,0.018659,-1.016404,0.000000,0.000000,0.000000,0.000000,0.000000,-0.000000
9607661611,1763340331990917890,0.000000000,0.000000000,1,224432.225346,329745,33554432,0.000,1.403094,0.018662,-1.016406,0.000000,0.000000,0.000000,0.000000,0.000000,-0.000000
9614720548,1763340331997976846,0.000000000,0.000000000,1,224432.232346,329745,33554432,0.000,1.403092,0.018667,-1.016418,0.000000,0.000000,0.000000,0.000000,0.000000,-0.000000
9621780504,1763340332005036802,0.000000000,0.000000000,1,224432.239346,329745,33554432,0.000,1.403094,0.018669,-1.016420,0.000000,0.000000,0.000000,0.000000,0.000000,-0.000000
9628712164,1763340332011968462,0.000000000,0.000000000,1,224432.246346,329745,33554432,0.000,1.403095,0.018673,-1.016405,0.000000,0.000000,0.000000,0.000000,0.000000,-0.000000
9635793768,1763340332019050010,0.000000000,0.000000000,1,224432.253346,329745,33554432,0.000,1.403097,0.018671,-1.016402,0.000000,0.000000,0.000000,0.000000,0.000000,-0.000000
9642708762,1763340332025965041,0.000000000,0.000000000,1,224432.260346,329745,33554432,0.000,1.403091,0.018663,-1.016389,0.000000,0.000000,0.000000,0.000000,0.000000,-0.000000
9649662552,1763340332032918830,0.000000000,0.000000000,1,224432.267346,329745,33554432,0.000,1.403084,0.018661,-1.016385,0.000000,0.000000,0.000000,0.000000,0.000000,-0.000000
9656734470,1763340332039990749,0.000000000,0.000000000,1,224432.274346,329745,33554432,0.000,1.403085,0.018657,-1.016401,0.000000,0.000000,0.000000,0.000000,0.000000,-0.000000
9663705649,1763340332046961872,0.000000000,0.000000000,1,224432.281346,329745,33554432,0.000,1.403080,0.018652,-1.016403,0.000000,0.000000,0.000000,0.000000,0.000000,-0.000000
9670788586,1763340332054044865,0.000000000,0.000000000,1,224432.288346,329745,33554432,0.000,1.403086,0.018652,-1.016401,0.000000,0.000000,0.000000,0.000000,0.000000,-0.000000
9677705302,1763340332060961599,0.000000000,0.000000000,1,224432.295346,329745,33554432,0.000,1.403091,0.018658,-1.016401,0.000000,0.000000,0.000000,0.000000,0.000000,-0.000000
9684645184,1763340332067901482,0.000000000,0.000000000,1,224432.302346,329745,33554432,0.000,1.403098,0.018658,-1.016386,0.000000,0.000000,0.000000,0.000000,0.000000,-0.000000
9691730770,1763340332074987067,0.000000000,0.000000000,1,224432.309346,329745,33554432,0.000,1.403085,0.018662,-1.016392,0.000000,0.000000,0.000000,0.000000,0.000000,-0.000000
9698748948,1763340332082005227,0.000000000,0.000000000,1,224432.316346,329745,33554432,0.000,1.403075,0.018666,-1.016384,0.000000,0.000000,0.000000,0.000000,0.000000,-0.000000
9705715960,1763340332088972202,0.000000000,0.000000000,1,224432.323346,329745,33554432,0.000,1.403075,0.018667,-1.016394,0.000000,0.000000,0.000000,0.000000,0.000000,-0.000000
9712781898,1763340332096038065,0.000000000,0.000000000,1,224432.330346,329745,33554432,0.000,1.403073,0.018659,-1.016402,0.000000,0.000000,0.000000,0.000000,0.000000,-0.000000
9719756576,1763340332103012744,0.000000000,0.000000000,1,224432.337346,329745,33554432,0.000,1.403075,0.018660,-1.016403,0.000000,0.000000,0.000000,0.000000,0.000000,-0.000000
9726743551,1763340332109999015,0.000000000,0.000000000,1,224432.344346,329745,33554432,0.000,1.403082,0.018661,-1.016409,0.000000,0.000000,0.000000,0.000000,0.000000,-0.000000
9733715544,1763340332116971842,0.000000000,0.000000000,1,224432.351346,329745,33554432,0.000,1.403088,0.018663,-1.016407,0.000000,0.000000,0.000000,0.000000,0.000000,-0.000000
9740781500,1763340332124037779,0.000000000,0.000000000,1,224432.358346,329745,33554432,0.000,1.403081,0.018665,-1.016394,0.000000,0.000000,0.000000,0.000000,0.000000,-0.000000
9747698827,1763340332130955106,0.000000000,0.000000000,1,224432.365346,329745,33554432,0.000,1.403083,0.018667,-1.016397,0.000000,0.000000,0.000000,0.000000,0.000000,-0.000000
9754760283,1763340332138016580,0.000000000,0.000000000,1,224432.372346,329745,33554432,0.000,1.403076,0.018662,-1.016391,0.000000,0.000000,0.000000,0.000000,0.000000,-0.000000
9763561325,1763340332146817678,0.000000000,0.000000000,1,224432.379346,329745,33554432,0.000,1.403082,0.018661,-1.016389,0.000000,0.000000,0.000000,0.000000,0.000000,-0.000000
9768659344,1763340332151915641,0.000000000,0.000000000,1,224432.386346,329745,33554432,0.000,1.403069,0.018668,-1.016382,0.000000,0.000000,0.000000,0.000000,0.000000,-0.000000
9775772263,1763340332159028430,0.000000000,0.000000000,1,224432.393346,329745,33554432,0.000,1.403070,0.018670,-1.016389,0.000000,0.000000,0.000000,0.000000,0.000000,-0.000000
9782738367,1763340332165994553,0.000000000,0.000000000,1,224432.400346,329745,33554432,0.000,1.403064,0.018666,-1.016379,0.000000,0.000000,0.000000,0.000000,0.000000,-0.000000
9789779712,1763340332173035509,0.000000000,0.000000000,1,224432.407346,329745,33554432,0.000,1.403073,0.018678,-1.016371,0.000000,0.000000,0.000000,0.000000,0.000000,-0.000000
9796692391,1763340332179948577,0.000000000,0.000000000,1,224432.414346,329745,33554432,0.000,1.403068,0.018681,-1.016372,0.000000,0.000000,0.000000,0.000000,0.000000,-0.000000
9803669051,1763340332186925200,0.000000000,0.000000000,1,224432.421346,329745,33554432,0.000,1.403067,0.018676,-1.016370,0.000000,0.000000,0.000000,0.000000,0.000000,-0.000000
9810681581,1763340332193937786,0.000000000,0.000000000,1,224432.428346,329745,33554432,0.000,1.403070,0.018680,-1.016371,0.000000,0.000000,0.000000,0.000000,0.000000,-0.000000
9817705796,1763340332200962001,0.000000000,0.000000000,1,224432.435346,329745,33554432,0.000,1.403076,0.018687,-1.016370,0.000000,0.000000,0.000000,0.000000,0.000000,-0.000000
9824831789,1763340332208088068,0.000000000,0.000000000,1,224432.442346,329745,33554432,0.000,1.403075,0.018676,-1.016371,0.000000,0.000000,0.000000,0.000000,0.000000,-0.000000
9831659635,1763340332214915802,0.000000000,0.000000000,1,224432.449346,329745,33554432,0.000,1.403070,0.018665,-1.016383,0.000000,0.000000,0.000000,0.000000,0.000000,-0.000000
9838729535,1763340332221985832,0.000000000,0.000000000,1,224432.456346,329745,33554432,0.000,1.403059,0.018655,-1.016376,0.000000,0.000000,0.000000,0.000000,0.000000,-0.000000
9845817176,1763340332229073344,0.000000000,0.000000000,1,224432.463346,329745,33554432,0.000,1.403057,0.018642,-1.016374,0.000000,0.000000,0.000000,0.000000,0.000000,-0.000000
9852778040,1763340332236034208,0.000000000,0.000000000,1,224432.470346,329745,33554432,0.000,1.403052,0.018626,-1.016382,0.000000,0.000000,0.000000,0.000000,0.000000,-0.000000
9859718441,1763340332242974720,0.000000000,0.000000000,1,224432.477346,329745,33554432,0.000,1.403054,0.018636,-1.016375,0.000000,0.000000,0.000000,0.000000,0.000000,-0.000000
9866659842,1763340332249916120,0.000000000,0.000000000,1,224432.484346,329745,33554432,0.000,1.403048,0.018632,-1.016359,0.000000,0.000000,0.000000,0.000000,0.000000,-0.000000
9873728316,1763340332256984595,0.000000000,0.000000000,1,224432.491346,329745,33554432,0.000,1.403054,0.018632,-1.016364,0.000000,0.000000,0.000000,0.000000,0.000000,-0.000000
9880788865,1763340332264045143,0.000000000,0.000000000,1,224432.498346,329745,33554432,0.000,1.403060,0.018644,-1.016350,0.000000,0.000000,0.000000,0.000000,0.000000,-0.000000
9887702080,1763340332270958359,0.000000000,0.000000000,1,224432.505346,329745,33554432,0.000,1.403063,0.018658,-1.016352,0.000000,0.000000,0.000000,0.000000,0.000000,-0.000000
9894782092,1763340332278038371,0.000000000,0.000000000,1,224432.512346,329745,33554432,0.000,1.403071,0.018678,-1.016352,0.000000,0.000000,0.000000,0.000000,0.000000,-0.000000
9901696400,1763340332284952698,0.000000000,0.000000000,1,224432.519346,329745,33554432,0.000,1.403067,0.018686,-1.016355,0.000000,0.000000,0.000000,0.000000,0.000000,-0.000000
9908777875,1763340332292034153,0.000000000,0.000000000,1,224432.526346,329745,33554432,0.000,1.403070,0.018683,-1.016349,0.000000,0.000000,0.000000,0.000000,0.000000,-0.000000
9915726535,1763340332298982702,0.000000000,0.000000000,1,224432.533346,329745,33554432,0.000,1.403071,0.018680,-1.016343,0.000000,0.000000,0.000000,0.000000,0.000000,-0.000000
9922791120,1763340332306047288,0.000000000,0.000000000,1,224432.540346,329745,33554432,0.000,1.403057,0.018685,-1.016341,0.000000,0.000000,0.000000,0.000000,0.000000,-0.000000
9929786910,1763340332313043133,0.000000000,0.000000000,1,224432.547346,329745,33554432,0.000,1.403057,0.018687,-1.016338,0.000000,0.000000,0.000000,0.000000,0.000000,-0.000000
9936768644,1763340332320024923,0.000000000,0.000000000,1,224432.554346,329745,33554432,0.000,1.403046,0.018687,-1.016346,0.000000,0.000000,0.000000,0.000000,0.000000,-0.000000
9943669804,1763340332326926083,0.000000000,0.000000000,1,224432.561346,329745,33554432,0.000,1.403032,0.018694,-1.016348,0.000000,0.000000,0.000000,0.000000,0.000000,-0.000000
9950730371,1763340332333986650,0.000000000,0.000000000,1,224432.568346,329745,33554432,0.000,1.403024,0.018696,-1.016343,0.000000,0.000000,0.000000,0.000000,0.000000,-0.000000
9957660291,1763340332340916458,0.000000000,0.000000000,1,224432.575346,329745,33554432,0.000,1.403024,0.018701,-1.016339,0.000000,0.000000,0.000000,0.000000,0.000000,-0.000000
9964783320,1763340332348039599,0.000000000,0.000000000,1,224432.582346,329745,33554432,0.000,1.403026,0.018712,-1.016321,0.000000,0.000000,0.000000,0.000000,0.000000,-0.000000
9971701777,1763340332354958056,0.000000000,0.000000000,1,224432.589346,329745,33554432,0.000,1.403032,0.018711,-1.016324,0.000000,0.000000,0.000000,0.000000,0.000000,-0.000000
9978778233,1763340332362034400,0.000000000,0.000000000,1,224432.596346,329745,33554432,0.000,1.403039,0.018704,-1.016316,0.000000,0.000000,0.000000,0.000000,0.000000,-0.000000
9985685337,1763340332368941616,0.000000000,0.000000000,1,224432.603346,329745,33554432,0.000,1.403035,0.018707,-1.016323,0.000000,0.000000,0.000000,0.000000,0.000000,-0.000000
9992776016,1763340332376032313,0.000000000,0.000000000,1,224432.610346,329745,33554432,0.000,1.403041,0.018702,-1.016330,0.000000,0.000000,0.000000,0.000000,0.000000,-0.000000
9999709620,1763340332382965917,0.000000000,0.000000000,1,224432.617346,329745,33554432,0.000,1.403047,0.018708,-1.016325,0.000000,0.000000,0.000000,0.000000,0.000000,-0.000000
10006787650,1763340332390043929,0.000000000,0.000000000,1,224432.624346,329745,33554432,0.000,1.403055,0.018700,-1.016320,0.000000,0.000000,0.000000,0.000000,0.000000,-0.000000
10013718440,1763340332396974719,0.000000000,0.000000000,1,224432.631346,329745,33554432,0.000,1.403060,0.018700,-1.016325,0.000000,0.000000,0.000000,0.000000,0.000000,-0.000000
10020785414,1763340332404041712,0.000000000,0.000000000,1,224432.638346,329745,33554432,0.000,1.403076,0.018706,-1.016312,0.000000,0.000000,0.000000,0.000000,0.000000,-0.000000
10027770500,1763340332411026761,0.000000000,0.000000000,1,224432.645346,329745,33554432,0.000,1.403077,0.018714,-1.016301,0.000000,0.000000,0.000000,0.000000,0.000000,-0.000000
10034696290,1763340332417952569,0.000000000,0.000000000,1,224432.652346,329745,33554432,0.000,1.403076,0.018717,-1.016312,0.000000,0.000000,0.000000,0.000000,0.000000,-0.000000
10041787672,1763340332425043969,0.000000000,0.000000000,1,224432.659346,329745,33554432,0.000,1.403070,0.018713,-1.016324,0.000000,0.000000,0.000000,0.000000,0.000000,-0.000000
10048707702,1763340332431963981,0.000000000,0.000000000,1,224432.666346,329745,33554432,0.000,1.403063,0.018716,-1.016327,0.000000,0.000000,0.000000,0.000000,0.000000,-0.000000
10055780992,1763340332439037252,0.000000000,0.000000000,1,224432.673346,329745,33554432,0.000,1.403059,0.018720,-1.016328,0.000000,0.000000,0.000000,0.000000,0.000000,-0.000000
10062701263,1763340332445957560,0.000000000,0.000000000,1,224432.680346,329745,33554432,0.000,1.403051,0.018718,-1.016320,0.000000,0.000000,0.000000,0.000000,0.000000,-0.000000
10069664015,1763340332452920294,0.000000000,0.000000000,1,224432.687346,329745,33554432,0.000,1.403045,0.018720,-1.016318,0.000000,0.000000,0.000000,0.000000,0.000000,-0.000000
10076740916,1763340332459997195,0.000000000,0.000000000,1,224432.694346,329745,33554432,0.000,1.403061,0.018716,-1.016315,0.000000,0.000000,0.000000,0.000000,0.000000,-0.000000
10083661391,1763340332466917688,0.000000000,0.000000000,1,224432.701346,329745,33554432,0.000,1.403060,0.018708,-1.016315,0.000000,0.000000,0.000000,0.000000,0.000000,-0.000000
10090757865,1763340332474014144,0.000000000,0.000000000,1,224432.708346,329745,33554432,0.000,1.403047,0.018706,-1.016297,0.000000,0.000000,0.000000,0.000000,0.000000,-0.000000
10097666396,1763340332480922693,0.000000000,0.000000000,1,224432.715346,329745,33554432,0.000,1.403040,0.018700,-1.016305,0.000000,0.000000,0.000000,0.000000,0.000000,-0.000000
10104741667,1763340332487997945,0.000000000,0.000000000,1,224432.722346,329745,33554432,0.000,1.403035,0.018708,-1.016293,0.000000,0.000000,0.000000,0.000000,0.000000,-0.000000
10111657419,1763340332494913698,0.000000000,0.000000000,1,224432.729346,329745,33554432,0.000,1.403034,0.018704,-1.016295,0.000000,0.000000,0.000000,0.000000,0.000000,-0.000000
10118736820,1763340332501993117,0.000000000,0.000000000,1,224432.736346,329745,33554432,0.000,1.403041,0.018709,-1.016288,0.000000,0.000000,0.000000,0.000000,0.000000,-0.000000
10125646239,1763340332508902536,0.000000000,0.000000000,1,224432.743346,329745,33554432,0.000,1.403043,0.018715,-1.016299,0.000000,0.000000,0.000000,0.000000,0.000000,-0.000000
10132757769,1763340332516014066,0.000000000,0.000000000,1,224432.750346,329745,33554432,0.000,1.403043,0.018706,-1.016294,0.000000,0.000000,0.000000,0.000000,0.000000,-0.000000
10139704485,1763340332522960763,0.000000000,0.000000000,1,224432.757346,329745,33554432,0.000,1.403048,0.018703,-1.016291,0.000000,0.000000,0.000000,0.000000,0.000000,-0.000000
10146786737,1763340332530043034,0.000000000,0.000000000,1,224432.764346,329745,33554432,0.000,1.403061,0.018708,-1.016286,0.000000,0.000000,0.000000,0.000000,0.000000,-0.000000
10153714490,1763340332536970768,0.000000000,0.000000000,1,224432.771346,329745,33554432,0.000,1.403058,0.018709,-1.016279,0.000000,0.000000,0.000000,0.000000,0.000000,-0.000000
10160792797,1763340332544049076,0.000000000,0.000000000,1,224432.778346,329745,33554432,0.000,1.403056,0.018702,-1.016268,0.000000,0.000000,0.000000,0.000000,0.000000,-0.000000
10167740754,1763340332550997051,0.000000000,0.000000000,1,224432.785346,329745,33554432,0.000,1.403058,0.018705,-1.016259,0.000000,0.000000,0.000000,0.000000,0.000000,-0.000000
10174650858,1763340332557907137,0.000000000,0.000000000,1,224432.792346,329745,33554432,0.000,1.403050,0.018708,-1.016263,0.000000,0.000000,0.000000,0.000000,0.000000,-0.000000
10181736240,1763340332564992519,0.000000000,0.000000000,1,224432.799346,329745,33554432,0.000,1.403047,0.018709,-1.016267,0.000000,0.000000,0.000000,0.000000,0.000000,-0.000000
10188675048,1763340332571931087,0.000000000,0.000000000,1,224432.806346,329745,33554432,0.000,1.403045,0.018708,-1.016264,0.000000,0.000000,0.000000,0.000000,0.000000,-0.000000
10195661986,1763340332578918265,0.000000000,0.000000000,1,224432.813346,329745,33554432,0.000,1.403041,0.018712,-1.016262,0.000000,0.000000,0.000000,0.000000,0.000000,-0.000000
10202739109,1763340332585995276,0.000000000,0.000000000,1,224432.820346,329745,33554432,0.000,1.403042,0.018703,-1.016237,0.000000,0.000000,0.000000,0.000000,0.000000,-0.000000
10209685621,1763340332592941900,0.000000000,0.000000000,1,224432.827346,329745,33554432,0.000,1.403046,0.018702,-1.016229,0.000000,0.000000,0.000000,0.000000,0.000000,-0.000000
10216784076,1763340332600040355,0.000000000,0.000000000,1,224432.834346,329745,33554432,0.000,1.403067,0.018694,-1.016226,0.000000,0.000000,0.000000,0.000000,0.000000,-0.000000
10223709459,1763340332606965756,0.000000000,0.000000000,1,224432.841346,329745,33554432,0.000,1.403062,0.018698,-1.016230,0.000000,0.000000,0.000000,0.000000,0.000000,-0.000000
10230683119,1763340332613939416,0.000000000,0.000000000,1,224432.848346,329745,33554432,0.000,1.403065,0.018704,-1.016218,0.000000,0.000000,0.000000,0.000000,0.000000,-0.000000
10237752038,1763340332621008335,0.000000000,0.000000000,1,224432.855346,329745,33554432,0.000,1.403057,0.018700,-1.016223,0.000000,0.000000,0.000000,0.000000,0.000000,-0.000000
10244831938,1763340332628088217,0.000000000,0.000000000,1,224432.862346,329745,33554432,0.000,1.403050,0.018697,-1.016221,0.000000,0.000000,0.000000,0.000000,0.000000,-0.000000
10251755320,1763340332635011618,0.000000000,0.000000000,1,224432.869346,329745,33554432,0.000,1.403051,0.018695,-1.016221,0.000000,0.000000,0.000000,0.000000,0.000000,-0.000000
10259534070,1763340332642790386,0.000000000,0.000000000,1,224432.876346,329745,33554432,0.000,1.403047,0.018705,-1.016209,0.000000,0.000000,0.000000,0.000000,0.000000,-0.000000
10265722548,1763340332648978790,0.000000000,0.000000000,1,224432.883346,329745,33554432,0.000,1.403050,0.018702,-1.016209,0.000000,0.000000,0.000000,0.000000,0.000000,-0.000000
10272808004,1763340332656064171,0.000000000,0.000000000,1,224432.890346,329745,33554432,0.000,1.403052,0.018692,-1.016212,0.000000,0.000000,0.000000,0.000000,0.000000,-0.000000
10279758201,1763340332663014480,0.000000000,0.000000000,1,224432.897346,329745,33554432,0.000,1.403064,0.018697,-1.016212,0.000000,0.000000,0.000000,0.000000,0.000000,-0.000000
10286665768,1763340332669922066,0.000000000,0.000000000,1,224432.904346,329745,33554432,0.000,1.403056,0.018702,-1.016205,0.000000,0.000000,0.000000,0.000000,0.000000,-0.000000
10293745169,1763340332677001466,0.000000000,0.000000000,1,224432.911346,329745,33554432,0.000,1.403061,0.018706,-1.016206,0.000000,0.000000,0.000000,0.000000,0.000000,-0.000000
10300665496,1763340332683921793,0.000000000,0.000000000,1,224432.918346,329745,33554432,0.000,1.403061,0.018703,-1.016197,0.000000,0.000000,0.000000,0.000000,0.000000,-0.000000
10307761007,1763340332691017175,0.000000000,0.000000000,1,224432.925346,329745,33554432,0.000,1.403058,0.018712,-1.016189,0.000000,0.000000,0.000000,0.000000,0.000000,-0.000000
10314663167,1763340332697919150,0.000000000,0.000000000,1,224432.932346,329745,33554432,0.000,1.403066,0.018719,-1.016182,0.000000,0.000000,0.000000,0.000000,0.000000,-0.000000
10321756290,1763340332705012476,0.000000000,0.000000000,1,224432.939346,329745,33554432,0.000,1.403069,0.018726,-1.016170,0.000000,0.000000,0.000000,0.000000,0.000000,-0.000000
10328746450,1763340332712002617,0.000000000,0.000000000,1,224432.946346,329745,33554432,0.000,1.403070,0.018709,-1.016157,0.000000,0.000000,0.000000,0.000000,0.000000,-0.000000
10335656258,1763340332718912537,0.000000000,0.000000000,1,224432.953346,329745,33554432,0.000,1.403070,0.018711,-1.016160,0.000000,0.000000,0.000000,0.000000,0.000000,-0.000000
10342743807,1763340332725999974,0.000000000,0.000000000,1,224432.960346,329745,33554432,0.000,1.403073,0.018707,-1.016155,0.000000,0.000000,0.000000,0.000000,0.000000,-0.000000
10349707892,1763340332732964190,0.000000000,0.000000000,1,224432.967346,329745,33554432,0.000,1.403071,0.018719,-1.016155,0.000000,0.000000,0.000000,0.000000,0.000000,-0.000000
10356793885,1763340332740050183,0.000000000,0.000000000,1,224432.974346,329745,33554432,0.000,1.403070,0.018714,-1.016151,0.000000,0.000000,0.000000,0.000000,0.000000,-0.000000
10363782379,1763340332747038509,0.000000000,0.000000000,1,224432.981346,329745,33554432,0.000,1.403075,0.018715,-1.016153,0.000000,0.000000,0.000000,0.000000,0.000000,-0.000000
10370705002,1763340332753961299,0.000000000,0.000000000,1,224432.988346,329745,33554432,0.000,1.403068,0.018701,-1.016145,0.000000,0.000000,0.000000,0.000000,0.000000,-0.000000
10377770847,1763340332761027126,0.000000000,0.000000000,1,224432.995346,329745,33554432,0.000,1.403074,0.018697,-1.016147,0.000000,0.000000,0.000000,0.000000,0.000000,-0.000000
10384680711,1763340332767936989,0.000000000,0.000000000,1,224433.002346,329745,33554432,0.000,1.403072,0.018697,-1.016128,0.000000,0.000000,0.000000,0.000000,0.000000,-0.000000
10391769500,1763340332775025797,0.000000000,0.000000000,1,224433.009346,329745,33554432,0.000,1.403073,0.018706,-1.016134,0.000000,0.000000,0.000000,0.000000,0.000000,-0.000000
10398701012,1763340332781957291,0.000000000,0.000000000,1,224433.016346,329745,33554432,0.000,1.403079,0.018707,-1.016141,0.000000,0.000000,0.000000,0.000000,0.000000,-0.000000
10405780282,1763340332789036024,0.000000000,0.000000000,1,224433.023346,329745,33554432,0.000,1.403078,0.018701,-1.016143,0.000000,0.000000,0.000000,0.000000,0.000000,-0.000000
10412848627,1763340332796104925,0.000000000,0.000000000,1,224433.030346,329745,33554432,0.000,1.403091,0.018709,-1.016149,0.000000,0.000000,0.000000,0.000000,0.000000,-0.000000
10419677473,1763340332802933641,0.000000000,0.000000000,1,224433.037346,329745,33554432,0.000,1.403095,0.018707,-1.016148,0.000000,0.000000,0.000000,0.000000,0.000000,-0.000000
10426792262,1763340332810048263,0.000000000,0.000000000,1,224433.044346,329745,33554432,0.000,1.403090,0.018715,-1.016137,0.000000,0.000000,0.000000,0.000000,0.000000,-0.000000
10433712885,1763340332816969164,0.000000000,0.000000000,1,224433.051346,329745,33554432,0.000,1.403101,0.018705,-1.016143,0.000000,0.000000,0.000000,0.000000,0.000000,-0.000000
10440788082,1763340332824044379,0.000000000,0.000000000,1,224433.058346,329745,33554432,0.000,1.403105,0.018700,-1.016121,0.000000,0.000000,0.000000,0.000000,0.000000,-0.000000
10447729890,1763340332830986058,0.000000000,0.000000000,1,224433.065346,329745,33554432,0.000,1.403098,0.018706,-1.016124,0.000000,0.000000,0.000000,0.000000,0.000000,-0.000000
10454797402,1763340332838053681,0.000000000,0.000000000,1,224433.072346,329745,33554432,0.000,1.403109,0.018702,-1.016119,0.000000,0.000000,0.000000,0.000000,0.000000,-0.000000
10461706469,1763340332844962767,0.000000000,0.000000000,1,224433.079346,329745,33554432,0.000,1.403125,0.018700,-1.016116,0.000000,0.000000,0.000000,0.000000,0.000000,-0.000000
10468679537,1763340332851935816,0.000000000,0.000000000,1,224433.086346,329745,33554432,0.000,1.403120,0.018707,-1.016114,0.000000,0.000000,0.000000,0.000000,0.000000,-0.000000
10475746659,1763340332859002957,0.000000000,0.000000000,1,224433.093346,329745,33554432,0.000,1.403130,0.018709,-1.016105,0.000000,0.000000,0.000000,0.000000,0.000000,-0.000000
10482665912,1763340332865922191,0.000000000,0.000000000,1,224433.100346,329745,33554432,0.000,1.403124,0.018705,-1.016092,0.000000,0.000000,0.000000,0.000000,0.000000,-0.000000
10489764886,1763340332873021128,0.000000000,0.000000000,1,224433.107346,329745,33554432,0.000,1.403129,0.018708,-1.016094,0.000000,0.000000,0.000000,0.000000,0.000000,-0.000000
10496682195,1763340332879938492,0.000000000,0.000000000,1,224433.114346,329745,33554432,0.000,1.403121,0.018708,-1.016095,0.000000,0.000000,0.000000,0.000000,0.000000,-0.000000
10503797484,1763340332887053503,0.000000000,0.000000000,1,224433.121346,329745,33554432,0.000,1.403128,0.018712,-1.016096,0.000000,0.000000,0.000000,0.000000,0.000000,-0.000000
10510707866,1763340332893964164,0.000000000,0.000000000,1,224433.128346,329745,33554432,0.000,1.403113,0.018698,-1.016084,0.000000,0.000000,0.000000,0.000000,0.000000,-0.000000
10517775026,1763340332901031212,0.000000000,0.000000000,1,224433.135346,329745,33554432,0.000,1.403121,0.018696,-1.016084,0.000000,0.000000,0.000000,0.000000,0.000000,-0.000000
10524685075,1763340332907941372,0.000000000,0.000000000,1,224433.142346,329745,33554432,0.000,1.403135,0.018693,-1.016066,0.000000,0.000000,0.000000,0.000000,0.000000,-0.000000
10531664272,1763340332914920569,0.000000000,0.000000000,1,224433.149346,329745,33554432,0.000,1.403134,0.018696,-1.016067,0.000000,0.000000,0.000000,0.000000,0.000000,-0.000000
10538738284,1763340332921994562,0.000000000,0.000000000,1,224433.156346,329745,33554432,0.000,1.403129,0.018703,-1.016066,0.000000,0.000000,0.000000,0.000000,0.000000,-0.000000
10545662907,1763340332928919204,0.000000000,0.000000000,1,224433.163346,329745,33554432,0.000,1.403131,0.018699,-1.016065,0.000000,0.000000,0.000000,0.000000,0.000000,-0.000000
10552729548,1763340332935985827,0.000000000,0.000000000,1,224433.170346,329745,33554432,0.000,1.403119,0.018695,-1.016054,0.000000,0.000000,0.000000,0.000000,0.000000,-0.000000
10559828263,1763340332943084560,0.000000000,0.000000000,1,224433.177346,329745,33554432,0.000,1.403123,0.018701,-1.016059,0.000000,0.000000,0.000000,0.000000,0.000000,-0.000000
10566792738,1763340332950049017,0.000000000,0.000000000,1,224433.184346,329745,33554432,0.000,1.403128,0.018717,-1.016046,0.000000,0.000000,0.000000,0.000000,0.000000,-0.000000
10573717324,1763340332956973621,0.000000000,0.000000000,1,224433.191346,329745,33554432,0.000,1.403126,0.018714,-1.016052,0.000000,0.000000,0.000000,0.000000,0.000000,-0.000000
10580793687,1763340332964049985,0.000000000,0.000000000,1,224433.198346,329745,33554432,0.000,1.403135,0.018713,-1.016042,0.000000,0.000000,0.000000,0.000000,0.000000,-0.000000
10587714014,1763340332970970293,0.000000000,0.000000000,1,224433.205346,329745,33554432,0.000,1.403136,0.018715,-1.016034,0.000000,0.000000,0.000000,0.000000,0.000000,-0.000000
10594652952,1763340332977909249,0.000000000,0.000000000,1,224433.212346,329745,33554432,0.000,1.403137,0.018719,-1.016042,0.000000,0.000000,0.000000,0.000000,0.000000,-0.000000
10601743963,1763340332985000205,0.000000000,0.000000000,1,224433.219346,329745,33554432,0.000,1.403134,0.018721,-1.016048,0.000000,0.000000,0.000000,0.000000,0.000000,-0.000000
10608654216,1763340332991910513,0.000000000,0.000000000,1,224433.226346,329745,33554432,0.000,1.403125,0.018721,-1.016052,0.000000,0.000000,0.000000,0.000000,0.000000,-0.000000
10615738320,1763340332998994618,0.000000000,0.000000000,1,224433.233346,329745,33554432,0.000,1.403114,0.018730,-1.016052,0.000000,0.000000,0.000000,0.000000,0.000000,-0.000000
10622819332,1763340333006075629,0.000000000,0.000000000,1,224433.240346,329745,33554432,0.000,1.403106,0.018723,-1.016041,0.000000,0.000000,0.000000,0.000000,0.000000,-0.000000
10629778473,1763340333013034770,0.000000000,0.000000000,1,224433.247346,329745,33554432,0.000,1.403106,0.018728,-1.016041,0.000000,0.000000,0.000000,0.000000,0.000000,-0.000000
10636698800,1763340333019955097,0.000000000,0.000000000,1,224433.254346,329745,33554432,0.000,1.403099,0.018725,-1.016046,0.000000,0.000000,0.000000,0.000000,0.000000,-0.000000
10643776386,1763340333027032572,0.000000000,0.000000000,1,224433.261346,329745,33554432,0.000,1.403103,0.018728,-1.016049,0.000000,0.000000,0.000000,0.000000,0.000000,-0.000000
10650705823,1763340333033962121,0.000000000,0.000000000,1,224433.268346,329745,33554432,0.000,1.403107,0.018722,-1.016040,0.000000,0.000000,0.000000,0.000000,0.000000,-0.000000
10657782761,1763340333041039040,0.000000000,0.000000000,1,224433.275346,329745,33554432,0.000,1.403114,0.018714,-1.016046,0.000000,0.000000,0.000000,0.000000,0.000000,-0.000000
10664756717,1763340333048013014,0.000000000,0.000000000,1,224433.282346,329745,33554432,0.000,1.403116,0.018719,-1.016042,0.000000,0.000000,0.000000,0.000000,0.000000,-0.000000
10671665803,1763340333054922101,0.000000000,0.000000000,1,224433.289346,329745,33554432,0.000,1.403119,0.018720,-1.016037,0.000000,0.000000,0.000000,0.000000,0.000000,-0.000000
10678733389,1763340333061989557,0.000000000,0.000000000,1,224433.296346,329745,33554432,0.000,1.403129,0.018719,-1.016018,0.000000,0.000000,0.000000,0.000000,0.000000,-0.000000
10685801419,1763340333069057698,0.000000000,0.000000000,1,224433.303346,329745,33554432,0.000,1.403140,0.018717,-1.016013,0.000000,0.000000,0.000000,0.000000,0.000000,-0.000000
10692776671,1763340333076032969,0.000000000,0.000000000,1,224433.310346,329745,33554432,0.000,1.403142,0.018713,-1.016013,0.000000,0.000000,0.000000,0.000000,0.000000,-0.000000
10699702128,1763340333082958407,0.000000000,0.000000000,1,224433.317346,329745,33554432,0.000,1.403150,0.018716,-1.016015,0.000000,0.000000,0.000000,0.000000,0.000000,-0.000000
10706781213,1763340333090037381,0.000000000,0.000000000,1,224433.324346,329745,33554432,0.000,1.403146,0.018725,-1.016006,0.000000,0.000000,0.000000,0.000000,0.000000,-0.000000
10713842466,1763340333097098800,0.000000000,0.000000000,1,224433.331346,329745,33554432,0.000,1.403158,0.018724,-1.015994,0.000000,0.000000,0.000000,0.000000,0.000000,-0.000000
10720780941,1763340333104037108,0.000000000,0.000000000,1,224433.338346,329745,33554432,0.000,1.403159,0.018724,-1.015985,0.000000,0.000000,0.000000,0.000000,0.000000,-0.000000
10727745341,1763340333111001639,0.000000000,0.000000000,1,224433.345346,329745,33554432,0.000,1.403163,0.018727,-1.015995,0.000000,0.000000,0.000000,0.000000,0.000000,-0.000000
10734662224,1763340333117918503,0.000000000,0.000000000,1,224433.352346,329745,33554432,0.000,1.403150,0.018725,-1.015990,0.000000,0.000000,0.000000,0.000000,0.000000,-0.000000
10741755735,1763340333125012033,0.000000000,0.000000000,1,224433.359346,329745,33554432,0.000,1.403156,0.018733,-1.015993,0.000000,0.000000,0.000000,0.000000,0.000000,-0.000000
10748665747,1763340333131922045,0.000000000,0.000000000,1,224433.366346,329745,33554432,0.000,1.403147,0.018740,-1.015990,0.000000,0.000000,0.000000,0.000000,0.000000,-0.000000
10759534726,1763340333142790987,0.000000000,0.000000000,1,224433.373346,329745,33554432,0.000,1.403157,0.018737,-1.015986,0.000000,0.000000,0.000000,0.000000,0.000000,-0.000000
10762787567,1763340333146043845,0.000000000,0.000000000,1,224433.380346,329745,33554432,0.000,1.403155,0.018746,-1.015981,0.000000,0.000000,0.000000,0.000000,0.000000,-0.000000
10769656079,1763340333152912247,0.000000000,0.000000000,1,224433.387346,329745,33554432,0.000,1.403159,0.018755,-1.015991,0.000000,0.000000,0.000000,0.000000,0.000000,-0.000000
10776764590,1763340333160020869,0.000000000,0.000000000,1,224433.394346,329745,33554432,0.000,1.403163,0.018767,-1.015989,0.000000,0.000000,0.000000,0.000000,0.000000,-0.000000
10783650862,1763340333166907140,0.000000000,0.000000000,1,224433.401346,329745,33554432,0.000,1.403161,0.018767,-1.015993,0.000000,0.000000,0.000000,0.000000,0.000000,-0.000000
10790791336,1763340333174047633,0.000000000,0.000000000,1,224433.408346,329745,33554432,0.000,1.403158,0.018764,-1.015989,0.000000,0.000000,0.000000,0.000000,0.000000,-0.000000
10797723051,1763340333180979349,0.000000000,0.000000000,1,224433.415346,329745,33554432,0.000,1.403157,0.018767,-1.015988,0.000000,0.000000,0.000000,0.000000,0.000000,-0.000000
10804789804,1763340333188045990,0.000000000,0.000000000,1,224433.422346,329745,33554432,0.000,1.403160,0.018763,-1.015972,0.000000,0.000000,0.000000,0.000000,0.000000,-0.000000
10811704853,1763340333194960798,0.000000000,0.000000000,1,224433.429346,329745,33554432,0.000,1.403168,0.018763,-1.015977,0.000000,0.000000,0.000000,0.000000,0.000000,-0.000000
10818752216,1763340333202008328,0.000000000,0.000000000,1,224433.436346,329745,33554432,0.000,1.403154,0.018758,-1.015971,0.000000,0.000000,0.000000,0.000000,0.000000,-0.000000
10825699006,1763340333208955174,0.000000000,0.000000000,1,224433.443346,329745,33554432,0.000,1.403153,0.018750,-1.015968,0.000000,0.000000,0.000000,0.000000,0.000000,-0.000000
10832841665,1763340333216097963,0.000000000,0.000000000,1,224433.450346,329745,33554432,0.000,1.403135,0.018739,-1.015961,0.000000,0.000000,0.000000,0.000000,0.000000,-0.000000
10839681770,1763340333222937957,0.000000000,0.000000000,1,224433.457346,329745,33554432,0.000,1.403134,0.018738,-1.015947,0.000000,0.000000,0.000000,0.000000,0.000000,-0.000000
10846752411,1763340333230008709,0.000000000,0.000000000,1,224433.464346,329745,33554432,0.000,1.403133,0.018734,-1.015941,0.000000,0.000000,0.000000,0.000000,0.000000,-0.000000
10853831052,1763340333237087350,0.000000000,0.000000000,1,224433.471346,329745,33554432,0.000,1.403125,0.018735,-1.015945,0.000000,0.000000,0.000000,0.000000,0.000000,-0.000000
10860759250,1763340333244015528,0.000000000,0.000000000,1,224433.478346,329745,33554432,0.000,1.403132,0.018745,-1.015937,0.000000,0.000000,0.000000,0.000000,0.000000,-0.000000
10867744021,1763340333251000300,0.000000000,0.000000000,1,224433.485346,329745,33554432,0.000,1.403137,0.018756,-1.015929,0.000000,0.000000,0.000000,0.000000,0.000000,-0.000000
10874666514,1763340333257922812,0.000000000,0.000000000,1,224433.492346,329745,33554432,0.000,1.403119,0.018750,-1.015930,0.000000,0.000000,0.000000,0.000000,0.000000,-0.000000
10881750007,1763340333265006305,0.000000000,0.000000000,1,224433.499346,329745,33554432,0.000,1.403116,0.018750,-1.015929,0.000000,0.000000,0.000000,0.000000,0.000000,-0.000000
10888669278,1763340333271925576,0.000000000,0.000000000,1,224433.506346,329745,33554432,0.000,1.403108,0.018751,-1.015922,0.000000,0.000000,0.000000,0.000000,0.000000,-0.000000
10895771845,1763340333279028143,0.000000000,0.000000000,1,224433.513346,329745,33554432,0.000,1.403101,0.018757,-1.015918,0.000000,0.000000,0.000000,0.000000,0.000000,-0.000000
10902690043,1763340333285946340,0.000000000,0.000000000,1,224433.520346,329745,33554432,0.000,1.403097,0.018756,-1.015922,0.000000,0.000000,0.000000,0.000000,0.000000,-0.000000
10909646943,1763340333292903241,0.000000000,0.000000000,1,224433.527346,329745,33554432,0.000,1.403100,0.018755,-1.015913,0.000000,0.000000,0.000000,0.000000,0.000000,-0.000000
10916736177,1763340333299992456,0.000000000,0.000000000,1,224433.534346,329745,33554432,0.000,1.403100,0.018762,-1.015922,0.000000,0.000000,0.000000,0.000000,0.000000,-0.000000
10923662485,1763340333306918783,0.000000000,0.000000000,1,224433.541346,329745,33554432,0.000,1.403106,0.018768,-1.015920,0.000000,0.000000,0.000000,0.000000,0.000000,-0.000000
10930785108,1763340333314041405,0.000000000,0.000000000,1,224433.548346,329745,33554432,0.000,1.403110,0.018765,-1.015906,0.000000,0.000000,0.000000,0.000000,0.000000,-0.000000
10937708546,1763340333320964825,0.000000000,0.000000000,1,224433.555346,329745,33554432,0.000,1.403105,0.018766,-1.015905,0.000000,0.000000,0.000000,0.000000,0.000000,-0.000000
10944782002,1763340333328038299,0.000000000,0.000000000,1,224433.562346,329745,33554432,0.000,1.403106,0.018762,-1.015909,0.000000,0.000000,0.000000,0.000000,0.000000,-0.000000
10951701625,1763340333334957922,0.000000000,0.000000000,1,224433.569346,329745,33554432,0.000,1.403106,0.018764,-1.015902,0.000000,0.000000,0.000000,0.000000,0.000000,-0.000000
10958779525,1763340333342035822,0.000000000,0.000000000,1,224433.576346,329745,33554432,0.000,1.403107,0.018756,-1.015904,0.000000,0.000000,0.000000,0.000000,0.000000,-0.000000
10965710815,1763340333348967094,0.000000000,0.000000000,1,224433.583346,329745,33554432,0.000,1.403097,0.018759,-1.015900,0.000000,0.000000,0.000000,0.000000,0.000000,-0.000000
10972789715,1763340333356046013,0.000000000,0.000000000,1,224433.590346,329745,33554432,0.000,1.403099,0.018753,-1.015899,0.000000,0.000000,0.000000,0.000000,0.000000,-0.000000
10979722394,1763340333362978691,0.000000000,0.000000000,1,224433.597346,329745,33554432,0.000,1.403089,0.018754,-1.015895,0.000000,0.000000,0.000000,0.000000,0.000000,-0.000000
10986790387,1763340333370046666,0.000000000,0.000000000,1,224433.604346,329745,33554432,0.000,1.403086,0.018757,-1.015884,0.000000,0.000000,0.000000,0.000000,0.000000,-0.000000
10993729603,1763340333376985900,0.000000000,0.000000000,1,224433.611346,329745,33554432,0.000,1.403079,0.018760,-1.015885,0.000000,0.000000,0.000000,0.000000,0.000000,-0.000000
11000659985,1763340333383916153,0.000000000,0.000000000,1,224433.618346,329745,33554432,0.000,1.403073,0.018758,-1.015880,0.000000,0.000000,0.000000,0.000000,0.000000,-0.000000
11007743496,1763340333390999683,0.000000000,0.000000000,1,224433.625346,329745,33554432,0.000,1.403076,0.018759,-1.015879,0.000000,0.000000,0.000000,0.000000,0.000000,-0.000000
11014662916,1763340333397919102,0.000000000,0.000000000,1,224433.632346,329745,33554432,0.000,1.403074,0.018751,-1.015878,0.000000,0.000000,0.000000,0.000000,0.000000,-0.000000
11021743742,1763340333405000021,0.000000000,0.000000000,1,224433.639346,329745,33554432,0.000,1.403075,0.018748,-1.015869,0.000000,0.000000,0.000000,0.000000,0.000000,-0.000000
11028722106,1763340333411978273,0.000000000,0.000000000,1,224433.646346,329745,33554432,0.000,1.403076,0.018753,-1.015862,0.000000,0.000000,0.000000,0.000000,0.000000,-0.000000
11035650062,1763340333418906304,0.000000000,0.000000000,1,224433.653346,329745,33554432,0.000,1.403084,0.018756,-1.015863,0.000000,0.000000,0.000000,0.000000,0.000000,-0.000000
11042717185,1763340333425973482,0.000000000,0.000000000,1,224433.660346,329745,33554432,0.000,1.403098,0.018746,-1.015841,0.000000,0.000000,0.000000,0.000000,0.000000,-0.000000
11049797993,1763340333433054271,0.000000000,0.000000000,1,224433.667346,329745,33554432,0.000,1.403100,0.018743,-1.015841,0.000000,0.000000,0.000000,0.000000,0.000000,-0.000000
11056705671,1763340333439961969,0.000000000,0.000000000,1,224433.674346,329745,33554432,0.000,1.403090,0.018755,-1.015846,0.000000,0.000000,0.000000,0.000000,0.000000,-0.000000
11063652979,1763340333446909221,0.000000000,0.000000000,1,224433.681346,329745,33554432,0.000,1.403091,0.018757,-1.015855,0.000000,0.000000,0.000000,0.000000,0.000000,-0.000000
11070721676,1763340333453977974,0.000000000,0.000000000,1,224433.688346,329745,33554432,0.000,1.403083,0.018761,-1.015847,0.000000,0.000000,0.000000,0.000000,0.000000,-0.000000
11077642781,1763340333460899078,0.000000000,0.000000000,1,224433.695346,329745,33554432,0.000,1.403086,0.018758,-1.015847,0.000000,0.000000,0.000000,0.000000,0.000000,-0.000000
11084710515,1763340333467966812,0.000000000,0.000000000,1,224433.702346,329745,33554432,0.000,1.403087,0.018759,-1.015825,0.000000,0.000000,0.000000,0.000000,0.000000,-0.000000
11091649175,1763340333474905416,0.000000000,0.000000000,1,224433.709346,329745,33554432,0.000,1.403089,0.018755,-1.015832,0.000000,0.000000,0.000000,0.000000,0.000000,-0.000000
11098716223,1763340333481972502,0.000000000,0.000000000,1,224433.716346,329745,33554432,0.000,1.403086,0.018747,-1.015834,0.000000,0.000000,0.000000,0.000000,0.000000,-0.000000
11105646457,1763340333488902755,0.000000000,0.000000000,1,224433.723346,329745,33554432,0.000,1.403087,0.018748,-1.015836,0.000000,0.000000,0.000000,0.000000,0.000000,-0.000000
11112713617,1763340333495969914,0.000000000,0.000000000,1,224433.730346,329745,33554432,0.000,1.403084,0.018747,-1.015834,0.000000,0.000000,0.000000,0.000000,0.000000,-0.000000
11119670536,1763340333502926834,0.000000000,0.000000000,1,224433.737346,329745,33554432,0.000,1.403082,0.018753,-1.015839,0.000000,0.000000,0.000000,0.000000,0.000000,-0.000000
11126773974,1763340333510030215,0.000000000,0.000000000,1,224433.744346,329745,33554432,0.000,1.403075,0.018757,-1.015842,0.000000,0.000000,0.000000,0.000000,0.000000,-0.000000
11133683560,1763340333516939857,0.000000000,0.000000000,1,224433.751346,329745,33554432,0.000,1.403072,0.018767,-1.015840,0.000000,0.000000,0.000000,0.000000,0.000000,-0.000000
11140774349,1763340333524030628,0.000000000,0.000000000,1,224433.758346,329745,33554432,0.000,1.403075,0.018762,-1.015830,0.000000,0.000000,0.000000,0.000000,0.000000,-0.000000
11147704231,1763340333530960529,0.000000000,0.000000000,1,224433.765346,329745,33554432,0.000,1.403067,0.018766,-1.015840,0.000000,0.000000,0.000000,0.000000,0.000000,-0.000000
11154782409,1763340333538038707,0.000000000,0.000000000,1,224433.772346,329745,33554432,0.000,1.403076,0.018769,-1.015838,0.000000,0.000000,0.000000,0.000000,0.000000,-0.000000
11161703310,1763340333544959589,0.000000000,0.000000000,1,224433.779346,329745,33554432,0.000,1.403070,0.018769,-1.015834,0.000000,0.000000,0.000000,0.000000,0.000000,-0.000000
11168647433,1763340333551903731,0.000000000,0.000000000,1,224433.786346,329745,33554432,0.000,1.403069,0.018767,-1.015819,0.000000,0.000000,0.000000,0.000000,0.000000,-0.000000
11175742778,1763340333558999076,0.000000000,0.000000000,1,224433.793346,329745,33554432,0.000,1.403066,0.018772,-1.015821,0.000000,0.000000,0.000000,0.000000,0.000000,-0.000000
11182667772,1763340333565924051,0.000000000,0.000000000,1,224433.800346,329745,33554432,0.000,1.403071,0.018762,-1.015810,0.000000,0.000000,0.000000,0.000000,0.000000,-0.000000
11189777598,1763340333573033840,0.000000000,0.000000000,1,224433.807346,329745,33554432,0.000,1.403062,0.018758,-1.015818,0.000000,0.000000,0.000000,0.000000,0.000000,-0.000000
11196716425,1763340333579972592,0.000000000,0.000000000,1,224433.814346,329745,33554432,0.000,1.403044,0.018761,-1.015810,0.000000,0.000000,0.000000,0.000000,0.000000,-0.000000
11203796269,1763340333587052345,0.000000000,0.000000000,1,224433.821346,329745,33554432,0.000,1.403050,0.018765,-1.015805,0.000000,0.000000,0.000000,0.000000,0.000000,-0.000000
11210729522,1763340333593985690,0.000000000,0.000000000,1,224433.828346,329745,33554432,0.000,1.403052,0.018764,-1.015791,0.000000,0.000000,0.000000,0.000000,0.000000,-0.000000
11217651886,1763340333600908183,0.000000000,0.000000000,1,224433.835346,329745,33554432,0.000,1.403046,0.018761,-1.015800,0.000000,0.000000,0.000000,0.000000,0.000000,-0.000000
11224719935,1763340333607976213,0.000000000,0.000000000,1,224433.842346,329745,33554432,0.000,1.403021,0.018759,-1.015785,0.000000,0.000000,0.000000,0.000000,0.000000,-0.000000
11231689465,1763340333614945762,0.000000000,0.000000000,1,224433.849346,329745,33554432,0.000,1.403024,0.018762,-1.015775,0.000000,0.000000,0.000000,0.000000,0.000000,-0.000000
11238768717,1763340333622024996,0.000000000,0.000000000,1,224433.856346,329745,33554432,0.000,1.403020,0.018750,-1.015756,0.000000,0.000000,0.000000,0.000000,0.000000,-0.000000
11245677081,1763340333628933378,0.000000000,0.000000000,1,224433.863346,329745,33554432,0.000,1.403013,0.018757,-1.015762,0.000000,0.000000,0.000000,0.000000,0.000000,-0.000000
11252932481,1763340333636188778,0.000000000,0.000000000,1,224433.870346,329745,33554432,0.000,1.403016,0.018753,-1.015768,0.000000,0.000000,0.000000,0.000000,0.000000,-0.000000
11259721308,1763340333642977476,0.000000000,0.000000000,1,224433.877346,329745,33554432,0.000,1.403020,0.018758,-1.015768,0.000000,0.000000,0.000000,0.000000,0.000000,-0.000000
11266710598,1763340333649966599,0.000000000,0.000000000,1,224433.884346,329745,33554432,0.000,1.403033,0.018757,-1.015753,0.000000,0.000000,0.000000,0.000000,0.000000,-0.000000
11273794035,1763340333657050221,0.000000000,0.000000000,1,224433.891346,329745,33554432,0.000,1.403033,0.018750,-1.015759,0.000000,0.000000,0.000000,0.000000,0.000000,-0.000000
11280717343,1763340333663973641,0.000000000,0.000000000,1,224433.898346,329745,33554432,0.000,1.403042,0.018743,-1.015754,0.000000,0.000000,0.000000,0.000000,0.000000,-0.000000
11287646096,1763340333670902227,0.000000000,0.000000000,1,224433.905346,329745,33554432,0.000,1.403046,0.018745,-1.015743,0.000000,0.000000,0.000000,0.000000,0.000000,-0.000000
11294777848,1763340333678034145,0.000000000,0.000000000,1,224433.912346,329745,33554432,0.000,1.403049,0.018755,-1.015734,0.000000,0.000000,0.000000,0.000000,0.000000,-0.000000
11301687397,1763340333684943695,0.000000000,0.000000000,1,224433.919346,329745,33554432,0.000,1.403044,0.018768,-1.015732,0.000000,0.000000,0.000000,0.000000,0.000000,-0.000000
11308770983,1763340333692027113,0.000000000,0.000000000,1,224433.926346,329745,33554432,0.000,1.403052,0.018775,-1.015735,0.000000,0.000000,0.000000,0.000000,0.000000,-0.000000
11315767050,1763340333699023051,0.000000000,0.000000000,1,224433.933346,329745,33554432,0.000,1.403057,0.018781,-1.015738,0.000000,0.000000,0.000000,0.000000,0.000000,-0.000000
11322695544,1763340333705951285,0.000000000,0.000000000,1,224433.940346,329745,33554432,0.000,1.403053,0.018787,-1.015725,0.000000,0.000000,0.000000,0.000000,0.000000,-0.000000
11329703537,1763340333712959834,0.000000000,0.000000000,1,224433.947346,329745,33554432,0.000,1.403057,0.018783,-1.015730,0.000000,0.000000,0.000000,0.000000,0.000000,-0.000000
11336770270,1763340333720026568,0.000000000,0.000000000,1,224433.954346,329745,33554432,0.000,1.403058,0.018780,-1.015729,0.000000,0.000000,0.000000,0.000000,0.000000,-0.000000
11343742116,1763340333726998302,0.000000000,0.000000000,1,224433.961346,329745,33554432,0.000,1.403055,0.018786,-1.015724,0.000000,0.000000,0.000000,0.000000,0.000000,-0.000000
11350665165,1763340333733921444,0.000000000,0.000000000,1,224433.968346,329745,33554432,0.000,1.403058,0.018790,-1.015726,0.000000,0.000000,0.000000,0.000000,0.000000,-0.000000
11357747398,1763340333741003677,0.000000000,0.000000000,1,224433.975346,329745,33554432,0.000,1.403063,0.018788,-1.015730,0.000000,0.000000,0.000000,0.000000,0.000000,-0.000000
11364728762,1763340333747985041,0.000000000,0.000000000,1,224433.982346,329745,33554432,0.000,1.403049,0.018794,-1.015732,0.000000,0.000000,0.000000,0.000000,0.000000,-0.000000
11371664515,1763340333754920794,0.000000000,0.000000000,1,224433.989346,329745,33554432,0.000,1.403046,0.018790,-1.015731,0.000000,0.000000,0.000000,0.000000,0.000000,-0.000000
11378740915,1763340333761997194,0.000000000,0.000000000,1,224433.996346,329745,33554432,0.000,1.403042,0.018790,-1.015725,0.000000,0.000000,0.000000,0.000000,0.000000,-0.000000
11385649520,1763340333768905817,0.000000000,0.000000000,1,224434.003346,329745,33554432,0.000,1.403039,0.018783,-1.015726,0.000000,0.000000,0.000000,0.000000,0.000000,-0.000000
11392728679,1763340333775984977,0.000000000,0.000000000,1,224434.010346,329745,33554432,0.000,1.403042,0.018788,-1.015729,0.000000,0.000000,0.000000,0.000000,0.000000,-0.000000
11399655877,1763340333782912155,0.000000000,0.000000000,1,224434.017346,329745,33554432,0.000,1.403043,0.018789,-1.015731,0.000000,0.000000,0.000000,0.000000,0.000000,-0.000000
11406790684,1763340333790046870,0.000000000,0.000000000,1,224434.024346,329745,33554432,0.000,1.403036,0.018794,-1.015730,0.000000,0.000000,0.000000,0.000000,0.000000,-0.000000
11413709863,1763340333796966142,0.000000000,0.000000000,1,224434.031346,329745,33554432,0.000,1.403028,0.018793,-1.015727,0.000000,0.000000,0.000000,0.000000,0.000000,-0.000000
11420711356,1763340333803967505,0.000000000,0.000000000,1,224434.038346,329745,33554432,0.000,1.403037,0.018790,-1.015718,0.000000,0.000000,0.000000,0.000000,0.000000,-0.000000
11427677257,1763340333810933554,0.000000000,0.000000000,1,224434.045346,329745,33554432,0.000,1.403032,0.018788,-1.015716,0.000000,0.000000,0.000000,0.000000,0.000000,-0.000000
11434758898,1763340333818015177,0.000000000,0.000000000,1,224434.052346,329745,33554432,0.000,1.403029,0.018798,-1.015721,0.000000,0.000000,0.000000,0.000000,0.000000,-0.000000
11441667243,1763340333824923522,0.000000000,0.000000000,1,224434.059346,329745,33554432,0.000,1.403028,0.018801,-1.015713,0.000000,0.000000,0.000000,0.000000,0.000000,-0.000000
11448745607,1763340333832001904,0.000000000,0.000000000,1,224434.066346,329745,33554432,0.000,1.403035,0.018803,-1.015705,0.000000,0.000000,0.000000,0.000000,0.000000,-0.000000
11455675396,1763340333838931564,0.000000000,0.000000000,1,224434.073346,329745,33554432,0.000,1.403033,0.018795,-1.015707,0.000000,0.000000,0.000000,0.000000,0.000000,-0.000000
11462741982,1763340333845998279,0.000000000,0.000000000,1,224434.080346,329745,33554432,0.000,1.403044,0.018787,-1.015697,0.000000,0.000000,0.000000,0.000000,0.000000,-0.000000
11469707975,1763340333852964273,0.000000000,0.000000000,1,224434.087346,329745,33554432,0.000,1.403037,0.018792,-1.015697,0.000000,0.000000,0.000000,0.000000,0.000000,-0.000000
11476789727,1763340333860046025,0.000000000,0.000000000,1,224434.094346,329745,33554432,0.000,1.403038,0.018793,-1.015691,0.000000,0.000000,0.000000,0.000000,0.000000,-0.000000
11483699128,1763340333866955426,0.000000000,0.000000000,1,224434.101346,329745,33554432,0.000,1.403035,0.018789,-1.015688,0.000000,0.000000,0.000000,0.000000,0.000000,-0.000000
11490796418,1763340333874052715,0.000000000,0.000000000,1,224434.108346,329745,33554432,0.000,1.403031,0.018786,-1.015680,0.000000,0.000000,0.000000,0.000000,0.000000,-0.000000
11497726244,1763340333880982542,0.000000000,0.000000000,1,224434.115346,329745,33554432,0.000,1.403022,0.018787,-1.015695,0.000000,0.000000,0.000000,0.000000,0.000000,-0.000000
11504651905,1763340333887908091,0.000000000,0.000000000,1,224434.122346,329745,33554432,0.000,1.403025,0.018780,-1.015694,0.000000,0.000000,0.000000,0.000000,0.000000,-0.000000
11511720546,1763340333894976843,0.000000000,0.000000000,1,224434.129346,329745,33554432,0.000,1.403026,0.018780,-1.015693,0.000000,0.000000,0.000000,0.000000,0.000000,-0.000000
11518787909,1763340333902044077,0.000000000,0.000000000,1,224434.136346,329745,33554432,0.000,1.403010,0.018779,-1.015695,0.000000,0.000000,0.000000,0.000000,0.000000,-0.000000
11525716699,1763340333908972996,0.000000000,0.000000000,1,224434.143346,329745,33554432,0.000,1.403014,0.018788,-1.015699,0.000000,0.000000,0.000000,0.000000,0.000000,-0.000000
11532836951,1763340333916093248,0.000000000,0.000000000,1,224434.150346,329745,33554432,0.000,1.403017,0.018791,-1.015699,0.000000,0.000000,0.000000,0.000000,0.000000,-0.000000
11539759018,1763340333923015316,0.000000000,0.000000000,1,224434.157346,329745,33554432,0.000,1.403019,0.018793,-1.015702,0.000000,0.000000,0.000000,0.000000,0.000000,-0.000000
11546666475,1763340333929922772,0.000000000,0.000000000,1,224434.164346,329745,33554432,0.000,1.403028,0.018802,-1.015697,0.000000,0.000000,0.000000,0.000000,0.000000,-0.000000
11553747653,1763340333937003932,0.000000000,0.000000000,1,224434.171346,329745,33554432,0.000,1.403017,0.018797,-1.015705,0.000000,0.000000,0.000000,0.000000,0.000000,-0.000000
11560670924,1763340333943927222,0.000000000,0.000000000,1,224434.178346,329745,33554432,0.000,1.403013,0.018792,-1.015703,0.000000,0.000000,0.000000,0.000000,0.000000,-0.000000
11567776121,1763340333951032381,0.000000000,0.000000000,1,224434.185346,329745,33554432,0.000,1.403006,0.018791,-1.015706,0.000000,0.000000,0.000000,0.000000,0.000000,-0.000000
11574688300,1763340333957944579,0.000000000,0.000000000,1,224434.192346,329745,33554432,0.000,1.403003,0.018789,-1.015700,0.000000,0.000000,0.000000,0.000000,0.000000,-0.000000
11581756922,1763340333965013220,0.000000000,0.000000000,1,224434.199346,329745,33554432,0.000,1.402999,0.018788,-1.015700,0.000000,0.000000,0.000000,0.000000,0.000000,-0.000000
11588667064,1763340333971923361,0.000000000,0.000000000,1,224434.206346,329745,33554432,0.000,1.403003,0.018784,-1.015688,0.000000,0.000000,0.000000,0.000000,0.000000,-0.000000
11595762557,1763340333979018854,0.000000000,0.000000000,1,224434.213346,329745,33554432,0.000,1.403002,0.018781,-1.015688,0.000000,0.000000,0.000000,0.000000,0.000000,-0.000000
11602680606,1763340333985936885,0.000000000,0.000000000,1,224434.220346,329745,33554432,0.000,1.402991,0.018781,-1.015669,0.000000,0.000000,0.000000,0.000000,0.000000,-0.000000
11609784951,1763340333993041229,0.000000000,0.000000000,1,224434.227346,329745,33554432,0.000,1.402998,0.018779,-1.015666,0.000000,0.000000,0.000000,0.000000,0.000000,-0.000000
11616707926,1763340333999964204,0.000000000,0.000000000,1,224434.234346,329745,33554432,0.000,1.402993,0.018771,-1.015666,0.000000,0.000000,0.000000,0.000000,0.000000,-0.000000
11623794196,1763340334007050457,0.000000000,0.000000000,1,224434.241346,329745,33554432,0.000,1.402994,0.018765,-1.015661,0.000000,0.000000,0.000000,0.000000,0.000000,-0.000000
11630738690,1763340334013994395,0.000000000,0.000000000,1,224434.248346,329745,33554432,0.000,1.402995,0.018769,-1.015630,0.000000,0.000000,0.000000,0.000000,0.000000,-0.000000
11637659517,1763340334020915814,0.000000000,0.000000000,1,224434.255346,329745,33554432,0.000,1.402989,0.018761,-1.015638,0.000000,0.000000,0.000000,0.000000,0.000000,-0.000000
11644742250,1763340334027998418,0.000000000,0.000000000,1,224434.262346,329745,33554432,0.000,1.402983,0.018748,-1.015629,0.000000,0.000000,0.000000,0.000000,0.000000,-0.000000
11651664022,1763340334034920319,0.000000000,0.000000000,1,224434.269346,329745,33554432,0.000,1.402978,0.018749,-1.015632,0.000000,0.000000,0.000000,0.000000,0.000000,-0.000000
11658732570,1763340334041988849,0.000000000,0.000000000,1,224434.276346,329745,33554432,0.000,1.402976,0.018738,-1.015620,0.000000,0.000000,0.000000,0.000000,0.000000,-0.000000
11665681619,1763340334048937898,0.000000000,0.000000000,1,224434.283346,329745,33554432,0.000,1.402971,0.018733,-1.015616,0.000000,0.000000,0.000000,0.000000,0.000000,-0.000000
11672758093,1763340334056014391,0.000000000,0.000000000,1,224434.290346,329745,33554432,0.000,1.402976,0.018729,-1.015621,0.000000,0.000000,0.000000,0.000000,0.000000,-0.000000
11679680180,1763340334062936477,0.000000000,0.000000000,1,224434.297346,329745,33554432,0.000,1.402975,0.018735,-1.015618,0.000000,0.000000,0.000000,0.000000,0.000000,-0.000000
11686747302,1763340334070003600,0.000000000,0.000000000,1,224434.304346,329745,33554432,0.000,1.402970,0.018730,-1.015624,0.000000,0.000000,0.000000,0.000000,0.000000,-0.000000
11693679573,1763340334076935871,0.000000000,0.000000000,1,224434.311346,329745,33554432,0.000,1.402973,0.018735,-1.015627,0.000000,0.000000,0.000000,0.000000,0.000000,-0.000000
11700710178,1763340334083966457,0.000000000,0.000000000,1,224434.318346,329745,33554432,0.000,1.402958,0.018740,-1.015623,0.000000,0.000000,0.000000,0.000000,0.000000,-0.000000
11707655004,1763340334090911043,0.000000000,0.000000000,1,224434.325346,329745,33554432,0.000,1.402961,0.018741,-1.015625,0.000000,0.000000,0.000000,0.000000,0.000000,-0.000000
11714778182,1763340334098034480,0.000000000,0.000000000,1,224434.332346,329745,33554432,0.000,1.402961,0.018734,-1.015642,0.000000,0.000000,0.000000,0.000000,0.000000,-0.000000
11721689120,1763340334104945399,0.000000000,0.000000000,1,224434.339346,329745,33554432,0.000,1.402964,0.018734,-1.015643,0.000000,0.000000,0.000000,0.000000,0.000000,-0.000000
11728654558,1763340334111910837,0.000000000,0.000000000,1,224434.346346,329745,33554432,0.000,1.402957,0.018746,-1.015626,0.000000,0.000000,0.000000,0.000000,0.000000,-0.000000
11735722088,1763340334118978386,0.000000000,0.000000000,1,224434.353346,329745,33554432,0.000,1.402952,0.018741,-1.015634,0.000000,0.000000,0.000000,0.000000,0.000000,-0.000000
11742650563,1763340334125906861,0.000000000,0.000000000,1,224434.360346,329745,33554432,0.000,1.402947,0.018733,-1.015636,0.000000,0.000000,0.000000,0.000000,0.000000,-0.000000
11749747186,1763340334133003483,0.000000000,0.000000000,1,224434.367346,329745,33554432,0.000,1.402953,0.018733,-1.015633,0.000000,0.000000,0.000000,0.000000,0.000000,-0.000000
11756656290,1763340334139912588,0.000000000,0.000000000,1,224434.374346,329745,33554432,0.000,1.402957,0.018741,-1.015625,0.000000,0.000000,0.000000,0.000000,0.000000,-0.000000
11763788079,1763340334147044173,0.000000000,0.000000000,1,224434.381346,329745,33554432,0.000,1.402960,0.018737,-1.015630,0.000000,0.000000,0.000000,0.000000,0.000000,-0.000000
11770723999,1763340334153980296,0.000000000,0.000000000,1,224434.388346,329745,33554432,0.000,1.402961,0.018743,-1.015614,0.000000,0.000000,0.000000,0.000000,0.000000,-0.000000
11777654807,1763340334160910956,0.000000000,0.000000000,1,224434.395346,329745,33554432,0.000,1.402959,0.018739,-1.015615,0.000000,0.000000,0.000000,0.000000,0.000000,-0.000000
11784717004,1763340334167973283,0.000000000,0.000000000,1,224434.402346,329745,33554432,0.000,1.402965,0.018733,-1.015592,0.000000,0.000000,0.000000,0.000000,0.000000,-0.000000
11791732164,1763340334174988202,0.000000000,0.000000000,1,224434.409346,329745,33554432,0.000,1.402970,0.018726,-1.015587,0.000000,0.000000,0.000000,0.000000,0.000000,-0.000000
11798804712,1763340334182060880,0.000000000,0.000000000,1,224434.416346,329745,33554432,0.000,1.402976,0.018734,-1.015584,0.000000,0.000000,0.000000,0.000000,0.000000,-0.000000
11805740131,1763340334188996429,0.000000000,0.000000000,1,224434.423346,329745,33554432,0.000,1.402978,0.018734,-1.015577,0.000000,0.000000,0.000000,0.000000,0.000000,-0.000000
11812858198,1763340334196114292,0.000000000,0.000000000,1,224434.430346,329745,33554432,0.000,1.402992,0.018747,-1.015577,0.000000,0.000000,0.000000,0.000000,0.000000,-0.000000
11819768359,1763340334203024489,0.000000000,0.000000000,1,224434.437346,329745,33554432,0.000,1.402996,0.018747,-1.015569,0.000000,0.000000,0.000000,0.000000,0.000000,-0.000000
11826793222,1763340334210048927,0.000000000,0.000000000,1,224434.444346,329745,33554432,0.000,1.403003,0.018753,-1.015557,0.000000,0.000000,0.000000,0.000000,0.000000,-0.000000
11833701308,1763340334216957606,0.000000000,0.000000000,1,224434.451346,329745,33554432,0.000,1.402997,0.018753,-1.015564,0.000000,0.000000,0.000000,0.000000,0.000000,-0.000000
11840664061,1763340334223920080,0.000000000,0.000000000,1,224434.458346,329745,33554432,0.000,1.403000,0.018745,-1.015559,0.000000,0.000000,0.000000,0.000000,0.000000,-0.000000
11847745961,1763340334231002240,0.000000000,0.000000000,1,224434.465346,329745,33554432,0.000,1.402998,0.018754,-1.015567,0.000000,0.000000,0.000000,0.000000,0.000000,-0.000000
11854653788,1763340334237910085,0.000000000,0.000000000,1,224434.472346,329745,33554432,0.000,1.402991,0.018753,-1.015568,0.000000,0.000000,0.000000,0.000000,0.000000,-0.000000
11861734781,1763340334244991078,0.000000000,0.000000000,1,224434.479346,329745,33554432,0.000,1.402999,0.018756,-1.015566,0.000000,0.000000,0.000000,0.000000,0.000000,-0.000000
11868712404,1763340334251968701,0.000000000,0.000000000,1,224434.486346,329745,33554432,0.000,1.403001,0.018763,-1.015566,0.000000,0.000000,0.000000,0.000000,0.000000,-0.000000
11875802064,1763340334259058342,0.000000000,0.000000000,1,224434.493346,329745,33554432,0.000,1.402995,0.018756,-1.015569,0.000000,0.000000,0.000000,0.000000,0.000000,-0.000000
11882710872,1763340334265967151,0.000000000,0.000000000,1,224434.500346,329745,33554432,0.000,1.403002,0.018756,-1.015568,0.000000,0.000000,0.000000,0.000000,0.000000,-0.000000
11889688310,1763340334272944403,0.000000000,0.000000000,1,224434.507346,329745,33554432,0.000,1.403005,0.018759,-1.015561,0.000000,0.000000,0.000000,0.000000,0.000000,-0.000000
11896779914,1763340334280036211,0.000000000,0.000000000,1,224434.514346,329745,33554432,0.000,1.403000,0.018761,-1.015558,0.000000,0.000000,0.000000,0.000000,0.000000,-0.000000
11903689518,1763340334286945797,0.000000000,0.000000000,1,224434.521346,329745,33554432,0.000,1.403000,0.018764,-1.015559,0.000000,0.000000,0.000000,0.000000,0.000000,-0.000000
11910756530,1763340334294012809,0.000000000,0.000000000,1,224434.528346,329745,33554432,0.000,1.403009,0.018764,-1.015536,0.000000,0.000000,0.000000,0.000000,0.000000,-0.000000
11917664357,1763340334300920654,0.000000000,0.000000000,1,224434.535346,329745,33554432,0.000,1.403013,0.018770,-1.015539,0.000000,0.000000,0.000000,0.000000,0.000000,-0.000000
11924743942,1763340334308000240,0.000000000,0.000000000,1,224434.542346,329745,33554432,0.000,1.403008,0.018766,-1.015529,0.000000,0.000000,0.000000,0.000000,0.000000,-0.000000
11931682232,1763340334314938529,0.000000000,0.000000000,1,224434.549346,329745,33554432,0.000,1.403010,0.018761,-1.015531,0.000000,0.000000,0.000000,0.000000,0.000000,-0.000000
11938762743,1763340334322019022,0.000000000,0.000000000,1,224434.556346,329745,33554432,0.000,1.403022,0.018765,-1.015534,0.000000,0.000000,0.000000,0.000000,0.000000,-0.000000
11945671089,1763340334328927386,0.000000000,0.000000000,1,224434.563346,329745,33554432,0.000,1.403024,0.018764,-1.015535,0.000000,0.000000,0.000000,0.000000,0.000000,-0.000000
11952760248,1763340334336016546,0.000000000,0.000000000,1,224434.570346,329745,33554432,0.000,1.403028,0.018767,-1.015527,0.000000,0.000000,0.000000,0.000000,0.000000,-0.000000
11959700020,1763340334342956298,0.000000000,0.000000000,1,224434.577346,329745,33554432,0.000,1.403036,0.018768,-1.015532,0.000000,0.000000,0.000000,0.000000,0.000000,-0.000000
11966792698,1763340334350048977,0.000000000,0.000000000,1,224434.584346,329745,33554432,0.000,1.403038,0.018764,-1.015517,0.000000,0.000000,0.000000,0.000000,0.000000,-0.000000
11973721895,1763340334356978174,0.000000000,0.000000000,1,224434.591346,329745,33554432,0.000,1.403032,0.018766,-1.015519,0.000000,0.000000,0.000000,0.000000,0.000000,-0.000000
11980788962,1763340334364045259,0.000000000,0.000000000,1,224434.598346,329745,33554432,0.000,1.403036,0.018766,-1.015503,0.000000,0.000000,0.000000,0.000000,0.000000,-0.000000
11987697696,1763340334370953975,0.000000000,0.000000000,1,224434.605346,329745,33554432,0.000,1.403033,0.018759,-1.015503,0.000000,0.000000,0.000000,0.000000,0.000000,-0.000000
11994795541,1763340334378051838,0.000000000,0.000000000,1,224434.612346,329745,33554432,0.000,1.403051,0.018762,-1.015501,0.000000,0.000000,0.000000,0.000000,0.000000,-0.000000
12001795812,1763340334385051998,0.000000000,0.000000000,1,224434.619346,329745,33554432,0.000,1.403061,0.018753,-1.015492,0.000000,0.000000,0.000000,0.000000,0.000000,-0.000000
12008718750,1763340334391975029,0.000000000,0.000000000,1,224434.626346,329745,33554432,0.000,1.403051,0.018752,-1.015488,0.000000,0.000000,0.000000,0.000000,0.000000,-0.000000
12015653021,1763340334398909300,0.000000000,0.000000000,1,224434.633346,329745,33554432,0.000,1.403053,0.018759,-1.015487,0.000000,0.000000,0.000000,0.000000,0.000000,-0.000000
12022732570,1763340334405988719,0.000000000,0.000000000,1,224434.640346,329745,33554432,0.000,1.403048,0.018757,-1.015476,0.000000,0.000000,0.000000,0.000000,0.000000,-0.000000
12029738989,1763340334412995286,0.000000000,0.000000000,1,224434.647346,329745,33554432,0.000,1.403050,0.018766,-1.015477,0.000000,0.000000,0.000000,0.000000,0.000000,-0.000000
12036655093,1763340334419911372,0.000000000,0.000000000,1,224434.654346,329745,33554432,0.000,1.403048,0.018775,-1.015477,0.000000,0.000000,0.000000,0.000000,0.000000,-0.000000
12043724198,1763340334426980476,0.000000000,0.000000000,1,224434.661346,329745,33554432,0.000,1.403052,0.018776,-1.015469,0.000000,0.000000,0.000000,0.000000,0.000000,-0.000000
12050790690,1763340334434046969,0.000000000,0.000000000,1,224434.668346,329745,33554432,0.000,1.403067,0.018771,-1.015444,0.000000,0.000000,0.000000,0.000000,0.000000,-0.000000
12057718295,1763340334440974574,0.000000000,0.000000000,1,224434.675346,329745,33554432,0.000,1.403072,0.018770,-1.015451,0.000000,0.000000,0.000000,0.000000,0.000000,-0.000000
12064656677,1763340334447912975,0.000000000,0.000000000,1,224434.682346,329745,33554432,0.000,1.403077,0.018765,-1.015434,0.000000,0.000000,0.000000,0.000000,0.000000,-0.000000
12071724467,1763340334454980764,0.000000000,0.000000000,1,224434.689346,329745,33554432,0.000,1.403077,0.018756,-1.015435,0.000000,0.000000,0.000000,0.000000,0.000000,-0.000000
12078789904,1763340334462046183,0.000000000,0.000000000,1,224434.696346,329745,33554432,0.000,1.403082,0.018753,-1.015440,0.000000,0.000000,0.000000,0.000000,0.000000,-0.000000
12085707324,1763340334468963621,0.000000000,0.000000000,1,224434.703346,329745,33554432,0.000,1.403085,0.018759,-1.015438,0.000000,0.000000,0.000000,0.000000,0.000000,-0.000000
12092791817,1763340334476048095,0.000000000,0.000000000,1,224434.710346,329745,33554432,0.000,1.403080,0.018757,-1.015432,0.000000,0.000000,0.000000,0.000000,0.000000,-0.000000
12099729773,1763340334482985941,0.000000000,0.000000000,1,224434.717346,329745,33554432,0.000,1.403078,0.018762,-1.015429,0.000000,0.000000,0.000000,0.000000,0.000000,-0.000000
12106653655,1763340334489909953,0.000000000,0.000000000,1,224434.724346,329745,33554432,0.000,1.403070,0.018772,-1.015415,0.000000,0.000000,0.000000,0.000000,0.000000,-0.000000
12113731296,1763340334496987594,0.000000000,0.000000000,1,224434.731346,329745,33554432,0.000,1.403071,0.018770,-1.015416,0.000000,0.000000,0.000000,0.000000,0.000000,-0.000000
12120654549,1763340334503910828,0.000000000,0.000000000,1,224434.738346,329745,33554432,0.000,1.403062,0.018767,-1.015418,0.000000,0.000000,0.000000,0.000000,0.000000,-0.000000
12127651468,1763340334510907710,0.000000000,0.000000000,1,224434.745346,329745,33554432,0.000,1.403065,0.018768,-1.015423,0.000000,0.000000,0.000000,0.000000,0.000000,-0.000000
12134717684,1763340334517973962,0.000000000,0.000000000,1,224434.752346,329745,33554432,0.000,1.403062,0.018762,-1.015423,0.000000,0.000000,0.000000,0.000000,0.000000,-0.000000
12141784325,1763340334525040622,0.000000000,0.000000000,1,224434.759346,329745,33554432,0.000,1.403067,0.018770,-1.015422,0.000000,0.000000,0.000000,0.000000,0.000000,-0.000000
12148713540,1763340334531969819,0.000000000,0.000000000,1,224434.766346,329745,33554432,0.000,1.403069,0.018772,-1.015421,0.000000,0.000000,0.000000,0.000000,0.000000,-0.000000
12155803218,1763340334539059516,0.000000000,0.000000000,1,224434.773346,329745,33554432,0.000,1.403076,0.018777,-1.015419,0.000000,0.000000,0.000000,0.000000,0.000000,-0.000000
12162721268,1763340334545977565,0.000000000,0.000000000,1,224434.780346,329745,33554432,0.000,1.403077,0.018782,-1.015423,0.000000,0.000000,0.000000,0.000000,0.000000,-0.000000
12169679668,1763340334552935947,0.000000000,0.000000000,1,224434.787346,329745,33554432,0.000,1.403074,0.018778,-1.015429,0.000000,0.000000,0.000000,0.000000,0.000000,-0.000000
12176769532,1763340334560025810,0.000000000,0.000000000,1,224434.794346,329745,33554432,0.000,1.403075,0.018776,-1.015436,0.000000,0.000000,0.000000,0.000000,0.000000,-0.000000
12183678951,1763340334566935230,0.000000000,0.000000000,1,224434.801346,329745,33554432,0.000,1.403080,0.018778,-1.015436,0.000000,0.000000,0.000000,0.000000,0.000000,-0.000000
12190774611,1763340334574030908,0.000000000,0.000000000,1,224434.808346,329745,33554432,0.000,1.403071,0.018769,-1.015422,0.000000,0.000000,0.000000,0.000000,0.000000,-0.000000
12197695937,1763340334580952124,0.000000000,0.000000000,1,224434.815346,329745,33554432,0.000,1.403079,0.018767,-1.015422,0.000000,0.000000,0.000000,0.000000,0.000000,-0.000000
12204794690,1763340334588050913,0.000000000,0.000000000,1,224434.822346,329745,33554432,0.000,1.403085,0.018745,-1.015409,0.000000,0.000000,0.000000,0.000000,0.000000,-0.000000
12211709146,1763340334594965314,0.000000000,0.000000000,1,224434.829346,329745,33554432,0.000,1.403084,0.018740,-1.015411,0.000000,0.000000,0.000000,0.000000,0.000000,-0.000000
12218795009,1763340334602051307,0.000000000,0.000000000,1,224434.836346,329745,33554432,0.000,1.403101,0.018727,-1.015410,0.000000,0.000000,0.000000,0.000000,0.000000,-0.000000
12225745669,1763340334609001893,0.000000000,0.000000000,1,224434.843346,329745,33554432,0.000,1.403104,0.018720,-1.015408,0.000000,0.000000,0.000000,0.000000,0.000000,-0.000000
12232732515,1763340334615988719,0.000000000,0.000000000,1,224434.850346,329745,33554432,0.000,1.403097,0.018721,-1.015412,0.000000,0.000000,0.000000,0.000000,0.000000,-0.000000
12239745952,1763340334623002250,0.000000000,0.000000000,1,224434.857346,329745,33554432,0.000,1.403094,0.018730,-1.015416,0.000000,0.000000,0.000000,0.000000,0.000000,-0.000000
12246664353,1763340334629920650,0.000000000,0.000000000,1,224434.864346,329745,33554432,0.000,1.403082,0.018733,-1.015400,0.000000,0.000000,0.000000,0.000000,0.000000,-0.000000
12253751216,1763340334637007514,0.000000000,0.000000000,1,224434.871346,329745,33554432,0.000,1.403080,0.018733,-1.015399,0.000000,0.000000,0.000000,0.000000,0.000000,-0.000000
12260670765,1763340334643927063,0.000000000,0.000000000,1,224434.878346,329745,33554432,0.000,1.403085,0.018721,-1.015387,0.000000,0.000000,0.000000,0.000000,0.000000,-0.000000
12267803425,1763340334651059722,0.000000000,0.000000000,1,224434.885346,329745,33554432,0.000,1.403097,0.018724,-1.015390,0.000000,0.000000,0.000000,0.000000,0.000000,-0.000000
12274731844,1763340334657988049,0.000000000,0.000000000,1,224434.892346,329745,33554432,0.000,1.403085,0.018732,-1.015391,0.000000,0.000000,0.000000,0.000000,0.000000,-0.000000
12281657597,1763340334664913894,0.000000000,0.000000000,1,224434.899346,329745,33554432,0.000,1.403088,0.018729,-1.015396,0.000000,0.000000,0.000000,0.000000,0.000000,-0.000000
12288724479,1763340334671980610,0.000000000,0.000000000,1,224434.906346,329745,33554432,0.000,1.403072,0.018737,-1.015388,0.000000,0.000000,0.000000,0.000000,0.000000,-0.000000
12295683195,1763340334678939473,0.000000000,0.000000000,1,224434.913346,329745,33554432,0.000,1.403084,0.018741,-1.015375,0.000000,0.000000,0.000000,0.000000,0.000000,-0.000000
12302781354,1763340334686037522,0.000000000,0.000000000,1,224434.920346,329745,33554432,0.000,1.403086,0.018745,-1.015367,0.000000,0.000000,0.000000,0.000000,0.000000,-0.000000
12309727385,1763340334692983663,0.000000000,0.000000000,1,224434.927346,329745,33554432,0.000,1.403089,0.018749,-1.015373,0.000000,0.000000,0.000000,0.000000,0.000000,-0.000000
12316667582,1763340334699923768,0.000000000,0.000000000,1,224434.934346,329745,33554432,0.000,1.403084,0.018750,-1.015367,0.000000,0.000000,0.000000,0.000000,0.000000,-0.000000
12323729056,1763340334706984779,0.000000000,0.000000000,1,224434.941346,329745,33554432,0.000,1.403088,0.018754,-1.015383,0.000000,0.000000,0.000000,0.000000,0.000000,-0.000000
12330743235,1763340334713999180,0.000000000,0.000000000,1,224434.948346,329745,33554432,0.000,1.403093,0.018755,-1.015378,0.000000,0.000000,0.000000,0.000000,0.000000,-0.000000
12337750561,1763340334721006877,0.000000000,0.000000000,1,224434.955346,329745,33554432,0.000,1.403091,0.018749,-1.015372,0.000000,0.000000,0.000000,0.000000,0.000000,-0.000000
12344721480,1763340334727977407,0.000000000,0.000000000,1,224434.962346,329745,33554432,0.000,1.403095,0.018749,-1.015365,0.000000,0.000000,0.000000,0.000000,0.000000,-0.000000
12351656603,1763340334734912845,0.000000000,0.000000000,1,224434.969346,329745,33554432,0.000,1.403095,0.018744,-1.015364,0.000000,0.000000,0.000000,0.000000,0.000000,-0.000000
12358724911,1763340334741981209,0.000000000,0.000000000,1,224434.976346,329745,33554432,0.000,1.403106,0.018748,-1.015350,0.000000,0.000000,0.000000,0.000000,0.000000,-0.000000
12365709775,1763340334748966054,0.000000000,0.000000000,1,224434.983346,329745,33554432,0.000,1.403105,0.018747,-1.015358,0.000000,0.000000,0.000000,0.000000,0.000000,-0.000000
12372786434,1763340334756042713,0.000000000,0.000000000,1,224434.990346,329745,33554432,0.000,1.403100,0.018735,-1.015359,0.000000,0.000000,0.000000,0.000000,0.000000,-0.000000
12379715909,1763340334762972207,0.000000000,0.000000000,1,224434.997346,329745,33554432,0.000,1.403091,0.018737,-1.015354,0.000000,0.000000,0.000000,0.000000,0.000000,-0.000000
12386786180,1763340334770042459,0.000000000,0.000000000,1,224435.004346,329745,33554432,0.000,1.403077,0.018738,-1.015352,0.000000,0.000000,0.000000,0.000000,0.000000,-0.000000
12393736433,1763340334776992712,0.000000000,0.000000000,1,224435.011346,329745,33554432,0.000,1.403072,0.018746,-1.015357,0.000000,0.000000,0.000000,0.000000,0.000000,-0.000000
12400661593,1763340334783917890,0.000000000,0.000000000,1,224435.018346,329745,33554432,0.000,1.403082,0.018751,-1.015347,0.000000,0.000000,0.000000,0.000000,0.000000,-0.000000
12407744438,1763340334791000606,0.000000000,0.000000000,1,224435.025346,329745,33554432,0.000,1.403087,0.018744,-1.015346,0.000000,0.000000,0.000000,0.000000,0.000000,-0.000000
12414664468,1763340334797920747,0.000000000,0.000000000,1,224435.032346,329745,33554432,0.000,1.403082,0.018745,-1.015347,0.000000,0.000000,0.000000,0.000000,0.000000,-0.000000
12421736924,1763340334804993222,0.000000000,0.000000000,1,224435.039346,329745,33554432,0.000,1.403084,0.018747,-1.015339,0.000000,0.000000,0.000000,0.000000,0.000000,-0.000000
12428742473,1763340334811998641,0.000000000,0.000000000,1,224435.046346,329745,33554432,0.000,1.403070,0.018738,-1.015332,0.000000,0.000000,0.000000,0.000000,0.000000,-0.000000
12435666541,1763340334818922838,0.000000000,0.000000000,1,224435.053346,329745,33554432,0.000,1.403064,0.018734,-1.015329,0.000000,0.000000,0.000000,0.000000,0.000000,-0.000000
12442734219,1763340334825990498,0.000000000,0.000000000,1,224435.060346,329745,33554432,0.000,1.403070,0.018738,-1.015315,0.000000,0.000000,0.000000,0.000000,0.000000,-0.000000
12449669212,1763340334832925510,0.000000000,0.000000000,1,224435.067346,329745,33554432,0.000,1.403068,0.018744,-1.015318,0.000000,0.000000,0.000000,0.000000,0.000000,-0.000000
12456746538,1763340334840002836,0.000000000,0.000000000,1,224435.074346,329745,33554432,0.000,1.403065,0.018746,-1.015322,0.000000,0.000000,0.000000,0.000000,0.000000,-0.000000
12463682328,1763340334846938589,0.000000000,0.000000000,1,224435.081346,329745,33554432,0.000,1.403069,0.018753,-1.015316,0.000000,0.000000,0.000000,0.000000,0.000000,-0.000000
12470749729,1763340334854006026,0.000000000,0.000000000,1,224435.088346,329745,33554432,0.000,1.403066,0.018753,-1.015309,0.000000,0.000000,0.000000,0.000000,0.000000,-0.000000
12477668741,1763340334860925038,0.000000000,0.000000000,1,224435.095346,329745,33554432,0.000,1.403061,0.018755,-1.015313,0.000000,0.000000,0.000000,0.000000,0.000000,-0.000000
12484748493,1763340334868004772,0.000000000,0.000000000,1,224435.102346,329745,33554432,0.000,1.403067,0.018763,-1.015306,0.000000,0.000000,0.000000,0.000000,0.000000,-0.000000
12491689560,1763340334874945858,0.000000000,0.000000000,1,224435.109346,329745,33554432,0.000,1.403057,0.018760,-1.015311,0.000000,0.000000,0.000000,0.000000,0.000000,-0.000000
12498761424,1763340334882017703,0.000000000,0.000000000,1,224435.116346,329745,33554432,0.000,1.403072,0.018764,-1.015308,0.000000,0.000000,0.000000,0.000000,0.000000,-0.000000
12505685936,1763340334888942122,0.000000000,0.000000000,1,224435.123346,329745,33554432,0.000,1.403081,0.018760,-1.015319,0.000000,0.000000,0.000000,0.000000,0.000000,-0.000000
12512768651,1763340334896024930,0.000000000,0.000000000,1,224435.130346,329745,33554432,0.000,1.403101,0.018758,-1.015324,0.000000,0.000000,0.000000,0.000000,0.000000,-0.000000
12519732700,1763340334902988979,0.000000000,0.000000000,1,224435.137346,329745,33554432,0.000,1.403099,0.018768,-1.015314,0.000000,0.000000,0.000000,0.000000,0.000000,-0.000000
12526668267,1763340334909924380,0.000000000,0.000000000,1,224435.144346,329745,33554432,0.000,1.403094,0.018764,-1.015295,0.000000,0.000000,0.000000,0.000000,0.000000,-0.000000
12533748371,1763340334917004650,0.000000000,0.000000000,1,224435.151346,329745,33554432,0.000,1.403098,0.018762,-1.015297,0.000000,0.000000,0.000000,0.000000,0.000000,-0.000000
12540665439,1763340334923921718,0.000000000,0.000000000,1,224435.158346,329745,33554432,0.000,1.403116,0.018752,-1.015286,0.000000,0.000000,0.000000,0.000000,0.000000,-0.000000
12547742932,1763340334930999229,0.000000000,0.000000000,1,224435.165346,329745,33554432,0.000,1.403109,0.018753,-1.015289,0.000000,0.000000,0.000000,0.000000,0.000000,-0.000000
12554651203,1763340334937907482,0.000000000,0.000000000,1,224435.172346,329745,33554432,0.000,1.403108,0.018758,-1.015280,0.000000,0.000000,0.000000,0.000000,0.000000,-0.000000
12561741622,1763340334944997901,0.000000000,0.000000000,1,224435.179346,329745,33554432,0.000,1.403107,0.018757,-1.015285,0.000000,0.000000,0.000000,0.000000,0.000000,-0.000000
12568678264,1763340334951934561,0.000000000,0.000000000,1,224435.186346,329745,33554432,0.000,1.403108,0.018748,-1.015279,0.000000,0.000000,0.000000,0.000000,0.000000,-0.000000
12575745220,1763340334959001498,0.000000000,0.000000000,1,224435.193346,329745,33554432,0.000,1.403103,0.018749,-1.015277,0.000000,0.000000,0.000000,0.000000,0.000000,-0.000000
12582654269,1763340334965910566,0.000000000,0.000000000,1,224435.200346,329745,33554432,0.000,1.403110,0.018756,-1.015257,0.000000,0.000000,0.000000,0.000000,0.000000,-0.000000
12589764669,1763340334973020911,0.000000000,0.000000000,1,224435.207346,329745,33554432,0.000,1.403110,0.018760,-1.015254,0.000000,0.000000,0.000000,0.000000,0.000000,-0.000000
12596700292,1763340334979956589,0.000000000,0.000000000,1,224435.214346,329745,33554432,0.000,1.403105,0.018764,-1.015256,0.000000,0.000000,0.000000,0.000000,0.000000,-0.000000
12603779785,1763340334987035934,0.000000000,0.000000000,1,224435.221346,329745,33554432,0.000,1.403108,0.018756,-1.015265,0.000000,0.000000,0.000000,0.000000,0.000000,-0.000000
12610703167,1763340334993959465,0.000000000,0.000000000,1,224435.228346,329745,33554432,0.000,1.403108,0.018753,-1.015262,0.000000,0.000000,0.000000,0.000000,0.000000,-0.000000
12617777512,1763340335001033680,0.000000000,0.000000000,1,224435.235346,329745,33554432,0.000,1.403104,0.018751,-1.015268,0.000000,0.000000,0.000000,0.000000,0.000000,-0.000000
12624685784,1763340335007942081,0.000000000,0.000000000,1,224435.242346,329745,33554432,0.000,1.403106,0.018752,-1.015261,0.000000,0.000000,0.000000,0.000000,0.000000,-0.000000
12631782258,1763340335015038555,0.000000000,0.000000000,1,224435.249346,329745,33554432,0.000,1.403105,0.018752,-1.015261,0.000000,0.000000,0.000000,0.000000,0.000000,-0.000000
12638710196,1763340335021966493,0.000000000,0.000000000,1,224435.256346,329745,33554432,0.000,1.403117,0.018752,-1.015258,0.000000,0.000000,0.000000,0.000000,0.000000,-0.000000
12645779541,1763340335029035838,0.000000000,0.000000000,1,224435.263346,329745,33554432,0.000,1.403113,0.018763,-1.015260,0.000000,0.000000,0.000000,0.000000,0.000000,-0.000000
12652847923,1763340335036104201,0.000000000,0.000000000,1,224435.270346,329745,33554432,0.000,1.403103,0.018772,-1.015254,0.000000,0.000000,0.000000,0.000000,0.000000,-0.000000
12659660065,1763340335042915955,0.000000000,0.000000000,1,224435.277346,329745,33554432,0.000,1.403097,0.018771,-1.015248,0.000000,0.000000,0.000000,0.000000,0.000000,-0.000000
12666670724,1763340335049927022,0.000000000,0.000000000,1,224435.284346,329745,33554432,0.000,1.403096,0.018767,-1.015232,0.000000,0.000000,0.000000,0.000000,0.000000,-0.000000
12673773365,1763340335057029663,0.000000000,0.000000000,1,224435.291346,329745,33554432,0.000,1.403094,0.018761,-1.015230,0.000000,0.000000,0.000000,0.000000,0.000000,-0.000000
12680682526,1763340335063938805,0.000000000,0.000000000,1,224435.298346,329745,33554432,0.000,1.403105,0.018760,-1.015215,0.000000,0.000000,0.000000,0.000000,0.000000,-0.000000
12687750611,1763340335071006890,0.000000000,0.000000000,1,224435.305346,329745,33554432,0.000,1.403104,0.018760,-1.015216,0.000000,0.000000,0.000000,0.000000,0.000000,-0.000000
12694711919,1763340335077968198,0.000000000,0.000000000,1,224435.312346,329745,33554432,0.000,1.403123,0.018771,-1.015206,0.000000,0.000000,0.000000,0.000000,0.000000,-0.000000
12701781801,1763340335085038080,0.000000000,0.000000000,1,224435.319346,329745,33554432,0.000,1.403120,0.018775,-1.015205,0.000000,0.000000,0.000000,0.000000,0.000000,-0.000000
12708713573,1763340335091969870,0.000000000,0.000000000,1,224435.326346,329745,33554432,0.000,1.403108,0.018771,-1.015203,0.000000,0.000000,0.000000,0.000000,0.000000,-0.000000
12715658140,1763340335098914419,0.000000000,0.000000000,1,224435.333346,329745,33554432,0.000,1.403110,0.018770,-1.015217,0.000000,0.000000,0.000000,0.000000,0.000000,-0.000000
12722737985,1763340335105994153,0.000000000,0.000000000,1,224435.340346,329745,33554432,0.000,1.403108,0.018772,-1.015215,0.000000,0.000000,0.000000,0.000000,0.000000,-0.000000
12729755589,1763340335113011831,0.000000000,0.000000000,1,224435.347346,329745,33554432,0.000,1.403111,0.018769,-1.015213,0.000000,0.000000,0.000000,0.000000,0.000000,-0.000000
12736665972,1763340335119922250,0.000000000,0.000000000,1,224435.354346,329745,33554432,0.000,1.403112,0.018764,-1.015218,0.000000,0.000000,0.000000,0.000000,0.000000,-0.000000
12743732539,1763340335126988817,0.000000000,0.000000000,1,224435.361346,329745,33554432,0.000,1.403123,0.018771,-1.015224,0.000000,0.000000,0.000000,0.000000,0.000000,-0.000000
12750700217,1763340335133956514,0.000000000,0.000000000,1,224435.368346,329745,33554432,0.000,1.403122,0.018781,-1.015212,0.000000,0.000000,0.000000,0.000000,0.000000,-0.000000
12757780895,1763340335141037174,0.000000000,0.000000000,1,224435.375346,329745,33554432,0.000,1.403124,0.018785,-1.015222,0.000000,0.000000,0.000000,0.000000,0.000000,-0.000000
12764753518,1763340335148009797,0.000000000,0.000000000,1,224435.382346,329745,33554432,0.000,1.403122,0.018774,-1.015201,0.000000,0.000000,0.000000,0.000000,0.000000,-0.000000
12771688012,1763340335154944161,0.000000000,0.000000000,1,224435.389346,329745,33554432,0.000,1.403124,0.018774,-1.015196,0.000000,0.000000,0.000000,0.000000,0.000000,-0.000000
12778668209,1763340335161924395,0.000000000,0.000000000,1,224435.396346,329745,33554432,0.000,1.403122,0.018773,-1.015196,0.000000,0.000000,0.000000,0.000000,0.000000,-0.000000
12785758961,1763340335169015240,0.000000000,0.000000000,1,224435.403346,329745,33554432,0.000,1.403129,0.018772,-1.015190,0.000000,0.000000,0.000000,0.000000,0.000000,-0.000000
12792745047,1763340335176001344,0.000000000,0.000000000,1,224435.410346,329745,33554432,0.000,1.403122,0.018775,-1.015186,0.000000,0.000000,0.000000,0.000000,0.000000,-0.000000
12799666392,1763340335182922689,0.000000000,0.000000000,1,224435.417346,329745,33554432,0.000,1.403119,0.018781,-1.015182,0.000000,0.000000,0.000000,0.000000,0.000000,-0.000000
12806745459,1763340335190001756,0.000000000,0.000000000,1,224435.424346,329745,33554432,0.000,1.403116,0.018776,-1.015187,0.000000,0.000000,0.000000,0.000000,0.000000,-0.000000
12813754286,1763340335197010416,0.000000000,0.000000000,1,224435.431346,329745,33554432,0.000,1.403120,0.018777,-1.015179,0.000000,0.000000,0.000000,0.000000,0.000000,-0.000000
12820844630,1763340335204100724,0.000000000,0.000000000,1,224435.438346,329745,33554432,0.000,1.403118,0.018769,-1.015170,0.000000,0.000000,0.000000,0.000000,0.000000,-0.000000
12827656124,1763340335210912422,0.000000000,0.000000000,1,224435.445346,329745,33554432,0.000,1.403123,0.018766,-1.015175,0.000000,0.000000,0.000000,0.000000,0.000000,-0.000000
12834736562,1763340335217992729,0.000000000,0.000000000,1,224435.452346,329745,33554432,0.000,1.403111,0.018764,-1.015169,0.000000,0.000000,0.000000,0.000000,0.000000,-0.000000
12841702073,1763340335224958241,0.000000000,0.000000000,1,224435.459346,329745,33554432,0.000,1.403103,0.018765,-1.015172,0.000000,0.000000,0.000000,0.000000,0.000000,-0.000000
12848773548,1763340335232029845,0.000000000,0.000000000,1,224435.466346,329745,33554432,0.000,1.403112,0.018771,-1.015173,0.000000,0.000000,0.000000,0.000000,0.000000,-0.000000
12855681393,1763340335238937691,0.000000000,0.000000000,1,224435.473346,329745,33554432,0.000,1.403113,0.018775,-1.015171,0.000000,0.000000,0.000000,0.000000,0.000000,-0.000000
12862765738,1763340335246022017,0.000000000,0.000000000,1,224435.480346,329745,33554432,0.000,1.403109,0.018767,-1.015161,0.000000,0.000000,0.000000,0.000000,0.000000,-0.000000
12869762231,1763340335253018510,0.000000000,0.000000000,1,224435.487346,329745,33554432,0.000,1.403112,0.018760,-1.015162,0.000000,0.000000,0.000000,0.000000,0.000000,-0.000000
12876680558,1763340335259936837,0.000000000,0.000000000,1,224435.494346,329745,33554432,0.000,1.403106,0.018759,-1.015162,0.000000,0.000000,0.000000,0.000000,0.000000,-0.000000
12883746588,1763340335267002867,0.000000000,0.000000000,1,224435.501346,329745,33554432,0.000,1.403099,0.018759,-1.015165,0.000000,0.000000,0.000000,0.000000,0.000000,-0.000000
12890668434,1763340335273924712,0.000000000,0.000000000,1,224435.508346,329745,33554432,0.000,1.403092,0.018754,-1.015157,0.000000,0.000000,0.000000,0.000000,0.000000,-0.000000
12897748186,1763340335281004483,0.000000000,0.000000000,1,224435.515346,329745,33554432,0.000,1.403084,0.018755,-1.015155,0.000000,0.000000,0.000000,0.000000,0.000000,-0.000000
12904657753,1763340335287914106,0.000000000,0.000000000,1,224435.522346,329745,33554432,0.000,1.403089,0.018758,-1.015156,0.000000,0.000000,0.000000,0.000000,0.000000,-0.000000
12911724265,1763340335294980544,0.000000000,0.000000000,1,224435.529346,329745,33554432,0.000,1.403089,0.018760,-1.015155,0.000000,0.000000,0.000000,0.000000,0.000000,-0.000000
12918791165,1763340335302047463,0.000000000,0.000000000,1,224435.536346,329745,33554432,0.000,1.403092,0.018759,-1.015144,0.000000,0.000000,0.000000,0.000000,0.000000,-0.000000
12925699214,1763340335308955512,0.000000000,0.000000000,1,224435.543346,329745,33554432,0.000,1.403088,0.018766,-1.015133,0.000000,0.000000,0.000000,0.000000,0.000000,-0.000000
12932806892,1763340335316063171,0.000000000,0.000000000,1,224435.550346,329745,33554432,0.000,1.403078,0.018770,-1.015131,0.000000,0.000000,0.000000,0.000000,0.000000,-0.000000
12939726016,1763340335322982294,0.000000000,0.000000000,1,224435.557346,329745,33554432,0.000,1.403079,0.018766,-1.015134,0.000000,0.000000,0.000000,0.000000,0.000000,-0.000000
12946793046,1763340335330049343,0.000000000,0.000000000,1,224435.564346,329745,33554432,0.000,1.403083,0.018760,-1.015134,0.000000,0.000000,0.000000,0.000000,0.000000,-0.000000
12953724354,1763340335336980633,0.000000000,0.000000000,1,224435.571346,329745,33554432,0.000,1.403078,0.018765,-1.015134,0.000000,0.000000,0.000000,0.000000,0.000000,-0.000000
12960792310,1763340335344048607,0.000000000,0.000000000,1,224435.578346,329745,33554432,0.000,1.403086,0.018772,-1.015121,0.000000,0.000000,0.000000,0.000000,0.000000,-0.000000
12967787470,1763340335351043786,0.000000000,0.000000000,1,224435.585346,329745,33554432,0.000,1.403082,0.018782,-1.015113,0.000000,0.000000,0.000000,0.000000,0.000000,-0.000000
12974710908,1763340335357967205,0.000000000,0.000000000,1,224435.592346,329745,33554432,0.000,1.403091,0.018777,-1.015117,0.000000,0.000000,0.000000,0.000000,0.000000,-0.000000
12981778049,1763340335365034346,0.000000000,0.000000000,1,224435.599346,329745,33554432,0.000,1.403091,0.018768,-1.015111,0.000000,0.000000,0.000000,0.000000,0.000000,-0.000000
12988688191,1763340335371944488,0.000000000,0.000000000,1,224435.606346,329745,33554432,0.000,1.403090,0.018775,-1.015099,0.000000,0.000000,0.000000,0.000000,0.000000,-0.000000
12995655332,1763340335378911611,0.000000000,0.000000000,1,224435.613346,329745,33554432,0.000,1.403087,0.018777,-1.015102,0.000000,0.000000,0.000000,0.000000,0.000000,-0.000000
13002730640,1763340335385986937,0.000000000,0.000000000,1,224435.620346,329745,33554432,0.000,1.403078,0.018775,-1.015095,0.000000,0.000000,0.000000,0.000000,0.000000,-0.000000
13009698189,1763340335392954468,0.000000000,0.000000000,1,224435.627346,329745,33554432,0.000,1.403069,0.018773,-1.015093,0.000000,0.000000,0.000000,0.000000,0.000000,-0.000000
13016782922,1763340335400039220,0.000000000,0.000000000,1,224435.634346,329745,33554432,0.000,1.403069,0.018782,-1.015093,0.000000,0.000000,0.000000,0.000000,0.000000,-0.000000
13023690342,1763340335406946639,0.000000000,0.000000000,1,224435.641346,329745,33554432,0.000,1.403067,0.018794,-1.015090,0.000000,0.000000,0.000000,0.000000,0.000000,-0.000000
13030795168,1763340335414051465,0.000000000,0.000000000,1,224435.648346,329745,33554432,0.000,1.403064,0.018786,-1.015085,0.000000,0.000000,0.000000,0.000000,0.000000,-0.000000
13037724828,1763340335420981126,0.000000000,0.000000000,1,224435.655346,329745,33554432,0.000,1.403051,0.018790,-1.015077,0.000000,0.000000,0.000000,0.000000,0.000000,-0.000000
13044791895,1763340335428048193,0.000000000,0.000000000,1,224435.662346,329745,33554432,0.000,1.403040,0.018790,-1.015062,0.000000,0.000000,0.000000,0.000000,0.000000,-0.000000
13051699815,1763340335434956094,0.000000000,0.000000000,1,224435.669346,329745,33554432,0.000,1.403041,0.018786,-1.015061,0.000000,0.000000,0.000000,0.000000,0.000000,-0.000000
13058766715,1763340335442023012,0.000000000,0.000000000,1,224435.676346,329745,33554432,0.000,1.403044,0.018782,-1.015049,0.000000,0.000000,0.000000,0.000000,0.000000,-0.000000
13065692838,1763340335448949117,0.000000000,0.000000000,1,224435.683346,329745,33554432,0.000,1.403032,0.018791,-1.015049,0.000000,0.000000,0.000000,0.000000,0.000000,-0.000000
13072779368,1763340335456035647,0.000000000,0.000000000,1,224435.690346,329745,33554432,0.000,1.403037,0.018785,-1.015042,0.000000,0.000000,0.000000,0.000000,0.000000,-0.000000
13079696306,1763340335462952585,0.000000000,0.000000000,1,224435.697346,329745,33554432,0.000,1.403038,0.018783,-1.015050,0.000000,0.000000,0.000000,0.000000,0.000000,-0.000000
13086762521,1763340335470018819,0.000000000,0.000000000,1,224435.704346,329745,33554432,0.000,1.403039,0.018786,-1.015041,0.000000,0.000000,0.000000,0.000000,0.000000,-0.000000
13093688533,1763340335476944812,0.000000000,0.000000000,1,224435.711346,329745,33554432,0.000,1.403039,0.018786,-1.015035,0.000000,0.000000,0.000000,0.000000,0.000000,-0.000000
13100765971,1763340335484022268,0.000000000,0.000000000,1,224435.718346,329745,33554432,0.000,1.403042,0.018789,-1.015017,0.000000,0.000000,0.000000,0.000000,0.000000,-0.000000
13107675538,1763340335490931836,0.000000000,0.000000000,1,224435.725346,329745,33554432,0.000,1.403048,0.018785,-1.015017,0.000000,0.000000,0.000000,0.000000,0.000000,-0.000000
13114788198,1763340335498044477,0.000000000,0.000000000,1,224435.732346,329745,33554432,0.000,1.403050,0.018778,-1.015021,0.000000,0.000000,0.000000,0.000000,0.000000,-0.000000
13121708247,1763340335504964526,0.000000000,0.000000000,1,224435.739346,329745,33554432,0.000,1.403039,0.018780,-1.015021,0.000000,0.000000,0.000000,0.000000,0.000000,-0.000000
13128661926,1763340335511918223,0.000000000,0.000000000,1,224435.746346,329745,33554432,0.000,1.403051,0.018774,-1.015014,0.000000,0.000000,0.000000,0.000000,0.000000,-0.000000
13135728178,1763340335518984475,0.000000000,0.000000000,1,224435.753346,329745,33554432,0.000,1.403046,0.018770,-1.015017,0.000000,0.000000,0.000000,0.000000,0.000000,-0.000000
13142652745,1763340335525909024,0.000000000,0.000000000,1,224435.760346,329745,33554432,0.000,1.403048,0.018767,-1.015023,0.000000,0.000000,0.000000,0.000000,0.000000,-0.000000
13149758220,1763340335533014499,0.000000000,0.000000000,1,224435.767346,329745,33554432,0.000,1.403046,0.018765,-1.015028,0.000000,0.000000,0.000000,0.000000,0.000000,-0.000000
13156666750,1763340335539923048,0.000000000,0.000000000,1,224435.774346,329745,33554432,0.000,1.403049,0.018765,-1.015027,0.000000,0.000000,0.000000,0.000000,0.000000,-0.000000
13163788484,1763340335547044318,0.000000000,0.000000000,1,224435.781346,329745,33554432,0.000,1.403050,0.018761,-1.015023,0.000000,0.000000,0.000000,0.000000,0.000000,-0.000000
13170704903,1763340335553961182,0.000000000,0.000000000,1,224435.788346,329745,33554432,0.000,1.403030,0.018760,-1.015018,0.000000,0.000000,0.000000,0.000000,0.000000,-0.000000
13177774341,1763340335561030638,0.000000000,0.000000000,1,224435.795346,329745,33554432,0.000,1.403027,0.018766,-1.015013,0.000000,0.000000,0.000000,0.000000,0.000000,-0.000000
13184696205,1763340335567952502,0.000000000,0.000000000,1,224435.802346,329745,33554432,0.000,1.403034,0.018761,-1.015009,0.000000,0.000000,0.000000,0.000000,0.000000,-0.000000
13191653605,1763340335574909903,0.000000000,0.000000000,1,224435.809346,329745,33554432,0.000,1.403031,0.018765,-1.015000,0.000000,0.000000,0.000000,0.000000,0.000000,-0.000000
13198734728,1763340335581990896,0.000000000,0.000000000,1,224435.816346,329745,33554432,0.000,1.403028,0.018764,-1.014992,0.000000,0.000000,0.000000,0.000000,0.000000,-0.000000
13205651981,1763340335588908260,0.000000000,0.000000000,1,224435.823346,329745,33554432,0.000,1.403019,0.018762,-1.014990,0.000000,0.000000,0.000000,0.000000,0.000000,-0.000000
13212741270,1763340335595997456,0.000000000,0.000000000,1,224435.830346,329745,33554432,0.000,1.403016,0.018762,-1.014985,0.000000,0.000000,0.000000,0.000000,0.000000,-0.000000
13219704911,1763340335602961209,0.000000000,0.000000000,1,224435.837346,329745,33554432,0.000,1.403013,0.018756,-1.014987,0.000000,0.000000,0.000000,0.000000,0.000000,-0.000000
13226675460,1763340335609931480,0.000000000,0.000000000,1,224435.844346,329745,33554432,0.000,1.403016,0.018748,-1.014969,0.000000,0.000000,0.000000,0.000000,0.000000,-0.000000
13233754768,1763340335617011065,0.000000000,0.000000000,1,224435.851346,329745,33554432,0.000,1.403010,0.018751,-1.014970,0.000000,0.000000,0.000000,0.000000,0.000000,-0.000000
13240664669,1763340335623920948,0.000000000,0.000000000,1,224435.858346,329745,33554432,0.000,1.403008,0.018740,-1.014963,0.000000,0.000000,0.000000,0.000000,0.000000,-0.000000
13247731810,1763340335630988107,0.000000000,0.000000000,1,224435.865346,329745,33554432,0.000,1.403008,0.018741,-1.014960,0.000000,0.000000,0.000000,0.000000,0.000000,-0.000000
13259546156,1763340335642802417,0.000000000,0.000000000,1,224435.872346,329745,33554432,0.000,1.403018,0.018758,-1.014957,0.000000,0.000000,0.000000,0.000000,0.000000,-0.000000
13261682686,1763340335644938964,0.000000000,0.000000000,1,224435.879346,329745,33554432,0.000,1.403025,0.018762,-1.014961,0.000000,0.000000,0.000000,0.000000,0.000000,-0.000000
13268692308,1763340335651948476,0.000000000,0.000000000,1,224435.886346,329745,33554432,0.000,1.403017,0.018764,-1.014971,0.000000,0.000000,0.000000,0.000000,0.000000,-0.000000
13275758598,1763340335659014877,0.000000000,0.000000000,1,224435.893346,329745,33554432,0.000,1.403015,0.018766,-1.014979,0.000000,0.000000,0.000000,0.000000,0.000000,-0.000000
13282667684,1763340335665923981,0.000000000,0.000000000,1,224435.900346,329745,33554432,0.000,1.403018,0.018759,-1.014971,0.000000,0.000000,0.000000,0.000000,0.000000,-0.000000
13289703844,1763340335672959974,0.000000000,0.000000000,1,224435.907346,329745,33554432,0.000,1.403005,0.018758,-1.014969,0.000000,0.000000,0.000000,0.000000,0.000000,-0.000000
13296785040,1763340335680041338,0.000000000,0.000000000,1,224435.914346,329745,33554432,0.000,1.403005,0.018764,-1.014969,0.000000,0.000000,0.000000,0.000000,0.000000,-0.000000
13303707182,1763340335686963461,0.000000000,0.000000000,1,224435.921346,329745,33554432,0.000,1.403003,0.018771,-1.014970,0.000000,0.000000,0.000000,0.000000,0.000000,-0.000000
13310774434,1763340335694030713,0.000000000,0.000000000,1,224435.928346,329745,33554432,0.000,1.403000,0.018766,-1.014965,0.000000,0.000000,0.000000,0.000000,0.000000,-0.000000
13317709817,1763340335700965744,0.000000000,0.000000000,1,224435.935346,329745,33554432,0.000,1.402994,0.018763,-1.014967,0.000000,0.000000,0.000000,0.000000,0.000000,-0.000000
13324748124,1763340335708003181,0.000000000,0.000000000,1,224435.942346,329745,33554432,0.000,1.402989,0.018769,-1.014952,0.000000,0.000000,0.000000,0.000000,0.000000,-0.000000
13331758525,1763340335715014674,0.000000000,0.000000000,1,224435.949346,329745,33554432,0.000,1.402990,0.018772,-1.014950,0.000000,0.000000,0.000000,0.000000,0.000000,-0.000000
13338704222,1763340335721960390,0.000000000,0.000000000,1,224435.956346,329745,33554432,0.000,1.402995,0.018773,-1.014945,0.000000,0.000000,0.000000,0.000000,0.000000,-0.000000
13345794789,1763340335729051086,0.000000000,0.000000000,1,224435.963346,329745,33554432,0.000,1.402991,0.018770,-1.014949,0.000000,0.000000,0.000000,0.000000,0.000000,-0.000000
13352726820,1763340335735983117,0.000000000,0.000000000,1,224435.970346,329745,33554432,0.000,1.402989,0.018773,-1.014945,0.000000,0.000000,0.000000,0.000000,0.000000,-0.000000
13359711368,1763340335742967647,0.000000000,0.000000000,1,224435.977346,329745,33554432,0.000,1.402986,0.018767,-1.014945,0.000000,0.000000,0.000000,0.000000,0.000000,-0.000000
13366660158,1763340335749916437,0.000000000,0.000000000,1,224435.984346,329745,33554432,0.000,1.402990,0.018763,-1.014942,0.000000,0.000000,0.000000,0.000000,0.000000,-0.000000
13373747670,1763340335757003967,0.000000000,0.000000000,1,224435.991346,329745,33554432,0.000,1.402993,0.018762,-1.014938,0.000000,0.000000,0.000000,0.000000,0.000000,-0.000000
13380667663,1763340335763923960,0.000000000,0.000000000,1,224435.998346,329745,33554432,0.000,1.402987,0.018757,-1.014926,0.000000,0.000000,0.000000,0.000000,0.000000,-0.000000
13387748952,1763340335771005231,0.000000000,0.000000000,1,224436.005346,329745,33554432,0.000,1.402976,0.018763,-1.014928,0.000000,0.000000,0.000000,0.000000,0.000000,-0.000000
13394682427,1763340335777938725,0.000000000,0.000000000,1,224436.012346,329745,33554432,0.000,1.402977,0.018749,-1.014936,0.000000,0.000000,0.000000,0.000000,0.000000,-0.000000
13401861901,1763340335785118069,0.000000000,0.000000000,1,224436.019346,329745,33554432,0.000,1.402973,0.018753,-1.014939,0.000000,0.000000,0.000000,0.000000,0.000000,-0.000000
13408793876,1763340335792050044,0.000000000,0.000000000,1,224436.026346,329745,33554432,0.000,1.402977,0.018746,-1.014938,0.000000,0.000000,0.000000,0.000000,0.000000,-0.000000
13415797795,1763340335799053704,0.000000000,0.000000000,1,224436.033346,329745,33554432,0.000,1.402971,0.018741,-1.014951,0.000000,0.000000,0.000000,0.000000,0.000000,-0.000000
13422708863,1763340335805965160,0.000000000,0.000000000,1,224436.040346,329745,33554432,0.000,1.402970,0.018748,-1.014947,0.000000,0.000000,0.000000,0.000000,0.000000,-0.000000
13429685671,1763340335812941969,0.000000000,0.000000000,1,224436.047346,329745,33554432,0.000,1.402962,0.018741,-1.014948,0.000000,0.000000,0.000000,0.000000,0.000000,-0.000000
13436760794,1763340335820017073,0.000000000,0.000000000,1,224436.054346,329745,33554432,0.000,1.402956,0.018731,-1.014958,0.000000,0.000000,0.000000,0.000000,0.000000,-0.000000
13443669621,1763340335826925918,0.000000000,0.000000000,1,224436.061346,329745,33554432,0.000,1.402952,0.018738,-1.014956,0.000000,0.000000,0.000000,0.000000,0.000000,-0.000000
13450750021,1763340335834006318,0.000000000,0.000000000,1,224436.068346,329745,33554432,0.000,1.402946,0.018735,-1.014954,0.000000,0.000000,0.000000,0.000000,0.000000,-0.000000
13457657681,1763340335840913960,0.000000000,0.000000000,1,224436.075346,329745,33554432,0.000,1.402940,0.018736,-1.014953,0.000000,0.000000,0.000000,0.000000,0.000000,-0.000000
13464749248,1763340335848005546,0.000000000,0.000000000,1,224436.082346,329745,33554432,0.000,1.402942,0.018739,-1.014952,0.000000,0.000000,0.000000,0.000000,0.000000,-0.000000
13471816574,1763340335855072872,0.000000000,0.000000000,1,224436.089346,329745,33554432,0.000,1.402939,0.018742,-1.014967,0.000000,0.000000,0.000000,0.000000,0.000000,-0.000000
13478724309,1763340335861980606,0.000000000,0.000000000,1,224436.096346,329745,33554432,0.000,1.402935,0.018737,-1.014956,0.000000,0.000000,0.000000,0.000000,0.000000,-0.000000
13485798246,1763340335869054544,0.000000000,0.000000000,1,224436.103346,329745,33554432,0.000,1.402938,0.018746,-1.014948,0.000000,0.000000,0.000000,0.000000,0.000000,-0.000000
13492725777,1763340335875982074,0.000000000,0.000000000,1,224436.110346,329745,33554432,0.000,1.402931,0.018732,-1.014939,0.000000,0.000000,0.000000,0.000000,0.000000,-0.000000
13499683418,1763340335882939586,0.000000000,0.000000000,1,224436.117346,329745,33554432,0.000,1.402936,0.018734,-1.014945,0.000000,0.000000,0.000000,0.000000,0.000000,-0.000000
13506781948,1763340335890038246,0.000000000,0.000000000,1,224436.124346,329745,33554432,0.000,1.402933,0.018734,-1.014943,0.000000,0.000000,0.000000,0.000000,0.000000,-0.000000
13513691312,1763340335896947609,0.000000000,0.000000000,1,224436.131346,329745,33554432,0.000,1.402933,0.018734,-1.014934,0.000000,0.000000,0.000000,0.000000,0.000000,-0.000000
13520778009,1763340335904034269,0.000000000,0.000000000,1,224436.138346,329745,33554432,0.000,1.402928,0.018723,-1.014929,0.000000,0.000000,0.000000,0.000000,0.000000,-0.000000
13527741113,1763340335910997392,0.000000000,0.000000000,1,224436.145346,329745,33554432,0.000,1.402920,0.018728,-1.014932,0.000000,0.000000,0.000000,0.000000,0.000000,-0.000000
13534807551,1763340335918063848,0.000000000,0.000000000,1,224436.152346,329745,33554432,0.000,1.402915,0.018729,-1.014925,0.000000,0.000000,0.000000,0.000000,0.000000,-0.000000
13541720563,1763340335924976842,0.000000000,0.000000000,1,224436.159346,329745,33554432,0.000,1.402912,0.018719,-1.014925,0.000000,0.000000,0.000000,0.000000,0.000000,-0.000000
13548786926,1763340335932043223,0.000000000,0.000000000,1,224436.166346,329745,33554432,0.000,1.402924,0.018711,-1.014921,0.000000,0.000000,0.000000,0.000000,0.000000,-0.000000
13555694216,1763340335938950513,0.000000000,0.000000000,1,224436.173346,329745,33554432,0.000,1.402922,0.018709,-1.014925,0.000000,0.000000,0.000000,0.000000,0.000000,-0.000000
13562760579,1763340335946016858,0.000000000,0.000000000,1,224436.180346,329745,33554432,0.000,1.402934,0.018712,-1.014926,0.000000,0.000000,0.000000,0.000000,0.000000,-0.000000
13569713850,1763340335952970148,0.000000000,0.000000000,1,224436.187346,329745,33554432,0.000,1.402932,0.018710,-1.014930,0.000000,0.000000,0.000000,0.000000,0.000000,-0.000000
13576787029,1763340335960043326,0.000000000,0.000000000,1,224436.194346,329745,33554432,0.000,1.402949,0.018719,-1.014915,0.000000,0.000000,0.000000,0.000000,0.000000,-0.000000
13583708948,1763340335966965245,0.000000000,0.000000000,1,224436.201346,329745,33554432,0.000,1.402950,0.018725,-1.014916,0.000000,0.000000,0.000000,0.000000,0.000000,-0.000000
13590808496,1763340335974064775,0.000000000,0.000000000,1,224436.208346,329745,33554432,0.000,1.402945,0.018722,-1.014915,0.000000,0.000000,0.000000,0.000000,0.000000,-0.000000
13597726879,1763340335980983176,0.000000000,0.000000000,1,224436.215346,329745,33554432,0.000,1.402937,0.018724,-1.014913,0.000000,0.000000,0.000000,0.000000,0.000000,-0.000000
13604793576,1763340335988049854,0.000000000,0.000000000,1,224436.222346,329745,33554432,0.000,1.402938,0.018719,-1.014892,0.000000,0.000000,0.000000,0.000000,0.000000,-0.000000
13611710902,1763340335994967200,0.000000000,0.000000000,1,224436.229346,329745,33554432,0.000,1.402945,0.018717,-1.014900,0.000000,0.000000,0.000000,0.000000,0.000000,-0.000000
13618788155,1763340336002044433,0.000000000,0.000000000,1,224436.236346,329745,33554432,0.000,1.402937,0.018726,-1.014892,0.000000,0.000000,0.000000,0.000000,0.000000,-0.000000
13625707055,1763340336008963353,0.000000000,0.000000000,1,224436.243346,329745,33554432,0.000,1.402941,0.018723,-1.014892,0.000000,0.000000,0.000000,0.000000,0.000000,-0.000000
13632804456,1763340336016060735,0.000000000,0.000000000,1,224436.250346,329745,33554432,0.000,1.402933,0.018726,-1.014891,0.000000,0.000000,0.000000,0.000000,0.000000,-0.000000
13639722431,1763340336022978710,0.000000000,0.000000000,1,224436.257346,329745,33554432,0.000,1.402934,0.018732,-1.014900,0.000000,0.000000,0.000000,0.000000,0.000000,-0.000000
13646782739,1763340336030039036,0.000000000,0.000000000,1,224436.264346,329745,33554432,0.000,1.402943,0.018733,-1.014894,0.000000,0.000000,0.000000,0.000000,0.000000,-0.000000
13653691510,1763340336036947807,0.000000000,0.000000000,1,224436.271346,329745,33554432,0.000,1.402944,0.018730,-1.014894,0.000000,0.000000,0.000000,0.000000,0.000000,-0.000000
13660780632,1763340336044036911,0.000000000,0.000000000,1,224436.278346,329745,33554432,0.000,1.402943,0.018723,-1.014891,0.000000,0.000000,0.000000,0.000000,0.000000,-0.000000
13667723922,1763340336050980201,0.000000000,0.000000000,1,224436.285346,329745,33554432,0.000,1.402937,0.018724,-1.014881,0.000000,0.000000,0.000000,0.000000,0.000000,-0.000000
13674790841,1763340336058047120,0.000000000,0.000000000,1,224436.292346,329745,33554432,0.000,1.402930,0.018735,-1.014880,0.000000,0.000000,0.000000,0.000000,0.000000,-0.000000
13681721890,1763340336064978188,0.000000000,0.000000000,1,224436.299346,329745,33554432,0.000,1.402935,0.018735,-1.014878,0.000000,0.000000,0.000000,0.000000,0.000000,-0.000000
13688787753,1763340336072044051,0.000000000,0.000000000,1,224436.306346,329745,33554432,0.000,1.402942,0.018739,-1.014858,0.000000,0.000000,0.000000,0.000000,0.000000,-0.000000
13695728210,1763340336078984489,0.000000000,0.000000000,1,224436.313346,329745,33554432,0.000,1.402950,0.018734,-1.014859,0.000000,0.000000,0.000000,0.000000,0.000000,-0.000000
13702798851,1763340336086055130,0.000000000,0.000000000,1,224436.320346,329745,33554432,0.000,1.402956,0.018730,-1.014854,0.000000,0.000000,0.000000,0.000000,0.000000,-0.000000
13709757826,1763340336093013994,0.000000000,0.000000000,1,224436.327346,329745,33554432,0.000,1.402959,0.018734,-1.014854,0.000000,0.000000,0.000000,0.000000,0.000000,-0.000000
13716676486,1763340336099932783,0.000000000,0.000000000,1,224436.334346,329745,33554432,0.000,1.402951,0.018729,-1.014840,0.000000,0.000000,0.000000,0.000000,0.000000,-0.000000
13723759923,1763340336107016202,0.000000000,0.000000000,1,224436.341346,329745,33554432,0.000,1.402943,0.018734,-1.014842,0.000000,0.000000,0.000000,0.000000,0.000000,-0.000000
13730745843,1763340336114002121,0.000000000,0.000000000,1,224436.348346,329745,33554432,0.000,1.402947,0.018726,-1.014832,0.000000,0.000000,0.000000,0.000000,0.000000,-0.000000
13737657225,1763340336120913504,0.000000000,0.000000000,1,224436.355346,329745,33554432,0.000,1.402955,0.018726,-1.014826,0.000000,0.000000,0.000000,0.000000,0.000000,-0.000000
13744747088,1763340336128003386,0.000000000,0.000000000,1,224436.362346,329745,33554432,0.000,1.402954,0.018724,-1.014817,0.000000,0.000000,0.000000,0.000000,0.000000,-0.000000
13751656971,1763340336134913250,0.000000000,0.000000000,1,224436.369346,329745,33554432,0.000,1.402952,0.018716,-1.014819,0.000000,0.000000,0.000000,0.000000,0.000000,-0.000000
13759563646,1763340336142819888,0.000000000,0.000000000,1,224436.376346,329745,33554432,0.000,1.402955,0.018713,-1.014824,0.000000,0.000000,0.000000,0.000000,0.000000,-0.000000
13765768679,1763340336149024884,0.000000000,0.000000000,1,224436.383346,329745,33554432,0.000,1.402963,0.018711,-1.014825,0.000000,0.000000,0.000000,0.000000,0.000000,-0.000000
13772841265,1763340336156097562,0.000000000,0.000000000,1,224436.390346,329745,33554432,0.000,1.402966,0.018703,-1.014832,0.000000,0.000000,0.000000,0.000000,0.000000,-0.000000
13779767406,1763340336163023685,0.000000000,0.000000000,1,224436.397346,329745,33554432,0.000,1.402969,0.018702,-1.014821,0.000000,0.000000,0.000000,0.000000,0.000000,-0.000000
13786851436,1763340336170107715,0.000000000,0.000000000,1,224436.404346,329745,33554432,0.000,1.402966,0.018707,-1.014817,0.000000,0.000000,0.000000,0.000000,0.000000,-0.000000
13793809800,1763340336177066042,0.000000000,0.000000000,1,224436.411346,329745,33554432,0.000,1.402969,0.018711,-1.014815,0.000000,0.000000,0.000000,0.000000,0.000000,-0.000000
13800659849,1763340336183916128,0.000000000,0.000000000,1,224436.418346,329745,33554432,0.000,1.402967,0.018706,-1.014813,0.000000,0.000000,0.000000,0.000000,0.000000,-0.000000
13807757324,1763340336191013602,0.000000000,0.000000000,1,224436.425346,329745,33554432,0.000,1.402975,0.018707,-1.014811,0.000000,0.000000,0.000000,0.000000,0.000000,-0.000000
13814744261,1763340336198000559,0.000000000,0.000000000,1,224436.432346,329745,33554432,0.000,1.402973,0.018700,-1.014818,0.000000,0.000000,0.000000,0.000000,0.000000,-0.000000
13821824699,1763340336205080885,0.000000000,0.000000000,1,224436.439346,329745,33554432,0.000,1.402978,0.018703,-1.014821,0.000000,0.000000,0.000000,0.000000,0.000000,-0.000000
13828762488,1763340336212018675,0.000000000,0.000000000,1,224436.446346,329745,33554432,0.000,1.402981,0.018696,-1.014813,0.000000,0.000000,0.000000,0.000000,0.000000,-0.000000
13835707019,1763340336218963187,0.000000000,0.000000000,1,224436.453346,329745,33554432,0.000,1.402984,0.018707,-1.014817,0.000000,0.000000,0.000000,0.000000,0.000000,-0.000000
13842800438,1763340336226056605,0.000000000,0.000000000,1,224436.460346,329745,33554432,0.000,1.402985,0.018701,-1.014822,0.000000,0.000000,0.000000,0.000000,0.000000,-0.000000
13849790764,1763340336233047043,0.000000000,0.000000000,1,224436.467346,329745,33554432,0.000,1.402985,0.018701,-1.014813,0.000000,0.000000,0.000000,0.000000,0.000000,-0.000000
13856709406,1763340336239965703,0.000000000,0.000000000,1,224436.474346,329745,33554432,0.000,1.402972,0.018698,-1.014822,0.000000,0.000000,0.000000,0.000000,0.000000,-0.000000
13863668585,1763340336246924697,0.000000000,0.000000000,1,224436.481346,329745,33554432,0.000,1.402968,0.018702,-1.014820,0.000000,0.000000,0.000000,0.000000,0.000000,-0.000000
13870748078,1763340336254004375,0.000000000,0.000000000,1,224436.488346,329745,33554432,0.000,1.402969,0.018700,-1.014814,0.000000,0.000000,0.000000,0.000000,0.000000,-0.000000
13877663108,1763340336260919405,0.000000000,0.000000000,1,224436.495346,329745,33554432,0.000,1.402965,0.018702,-1.014810,0.000000,0.000000,0.000000,0.000000,0.000000,-0.000000
13884729379,1763340336267985676,0.000000000,0.000000000,1,224436.502346,329745,33554432,0.000,1.402962,0.018697,-1.014800,0.000000,0.000000,0.000000,0.000000,0.000000,-0.000000
13891823983,1763340336275080262,0.000000000,0.000000000,1,224436.509346,329745,33554432,0.000,1.402966,0.018701,-1.014792,0.000000,0.000000,0.000000,0.000000,0.000000,-0.000000
13898739273,1763340336281995570,0.000000000,0.000000000,1,224436.516346,329745,33554432,0.000,1.402957,0.018696,-1.014782,0.000000,0.000000,0.000000,0.000000,0.000000,-0.000000
13905648859,1763340336288905138,0.000000000,0.000000000,1,224436.523346,329745,33554432,0.000,1.402948,0.018695,-1.014782,0.000000,0.000000,0.000000,0.000000,0.000000,-0.000000
13912874462,1763340336296130741,0.000000000,0.000000000,1,224436.530346,329745,33554432,0.000,1.402941,0.018701,-1.014779,0.000000,0.000000,0.000000,0.000000,0.000000,-0.000000
13919807474,1763340336303063753,0.000000000,0.000000000,1,224436.537346,329745,33554432,0.000,1.402948,0.018700,-1.014778,0.000000,0.000000,0.000000,0.000000,0.000000,-0.000000
13926736153,1763340336309992395,0.000000000,0.000000000,1,224436.544346,329745,33554432,0.000,1.402939,0.018695,-1.014775,0.000000,0.000000,0.000000,0.000000,0.000000,-0.000000
13933803572,1763340336317059740,0.000000000,0.000000000,1,224436.551346,329745,33554432,0.000,1.402940,0.018691,-1.014771,0.000000,0.000000,0.000000,0.000000,0.000000,-0.000000
13940711954,1763340336323968233,0.000000000,0.000000000,1,224436.558346,329745,33554432,0.000,1.402943,0.018685,-1.014761,0.000000,0.000000,0.000000,0.000000,0.000000,-0.000000
13947646077,1763340336330902375,0.000000000,0.000000000,1,224436.565346,329745,33554432,0.000,1.402940,0.018694,-1.014768,0.000000,0.000000,0.000000,0.000000,0.000000,-0.000000
13954713274,1763340336337969571,0.000000000,0.000000000,1,224436.572346,329745,33554432,0.000,1.402951,0.018695,-1.014768,0.000000,0.000000,0.000000,0.000000,0.000000,-0.000000
13961794119,1763340336345050416,0.000000000,0.000000000,1,224436.579346,329745,33554432,0.000,1.402952,0.018686,-1.014765,0.000000,0.000000,0.000000,0.000000,0.000000,-0.000000
13968755631,1763340336352011928,0.000000000,0.000000000,1,224436.586346,329745,33554432,0.000,1.402955,0.018695,-1.014767,0.000000,0.000000,0.000000,0.000000,0.000000,-0.000000
13975680124,1763340336358936422,0.000000000,0.000000000,1,224436.593346,329745,33554432,0.000,1.402961,0.018699,-1.014766,0.000000,0.000000,0.000000,0.000000,0.000000,-0.000000
13982746599,1763340336366002878,0.000000000,0.000000000,1,224436.600346,329745,33554432,0.000,1.402956,0.018695,-1.014775,0.000000,0.000000,0.000000,0.000000,0.000000,-0.000000
13989695592,1763340336372951834,0.000000000,0.000000000,1,224436.607346,329745,33554432,0.000,1.402954,0.018705,-1.014777,0.000000,0.000000,0.000000,0.000000,0.000000,-0.000000
13996792529,1763340336380048697,0.000000000,0.000000000,1,224436.614346,329745,33554432,0.000,1.402969,0.018703,-1.014780,0.000000,0.000000,0.000000,0.000000,0.000000,-0.000000
14003732264,1763340336386988561,0.000000000,0.000000000,1,224436.621346,329745,33554432,0.000,1.402968,0.018705,-1.014776,0.000000,0.000000,0.000000,0.000000,0.000000,-0.000000
14010799664,1763340336394055943,0.000000000,0.000000000,1,224436.628346,329745,33554432,0.000,1.402972,0.018711,-1.014774,0.000000,0.000000,0.000000,0.000000,0.000000,-0.000000
14017751046,1763340336401007325,0.000000000,0.000000000,1,224436.635346,329745,33554432,0.000,1.402972,0.018719,-1.014780,0.000000,0.000000,0.000000,0.000000,0.000000,-0.000000
14024671669,1763340336407927948,0.000000000,0.000000000,1,224436.642346,329745,33554432,0.000,1.402986,0.018734,-1.014769,0.000000,0.000000,0.000000,0.000000,0.000000,-0.000000
14031809162,1763340336415065441,0.000000000,0.000000000,1,224436.649346,329745,33554432,0.000,1.402986,0.018746,-1.014767,0.000000,0.000000,0.000000,0.000000,0.000000,-0.000000
14038716859,1763340336421973138,0.000000000,0.000000000,1,224436.656346,329745,33554432,0.000,1.402983,0.018742,-1.014770,0.000000,0.000000,0.000000,0.000000,0.000000,-0.000000
14045783130,1763340336429039428,0.000000000,0.000000000,1,224436.663346,329745,33554432,0.000,1.402978,0.018744,-1.014766,0.000000,0.000000,0.000000,0.000000,0.000000,-0.000000
14052849790,1763340336436106069,0.000000000,0.000000000,1,224436.670346,329745,33554432,0.000,1.402984,0.018740,-1.014766,0.000000,0.000000,0.000000,0.000000,0.000000,-0.000000
14059781450,1763340336443037692,0.000000000,0.000000000,1,224436.677346,329745,33554432,0.000,1.402994,0.018743,-1.014763,0.000000,0.000000,0.000000,0.000000,0.000000,-0.000000
14066709406,1763340336449965685,0.000000000,0.000000000,1,224436.684346,329745,33554432,0.000,1.402997,0.018747,-1.014753,0.000000,0.000000,0.000000,0.000000,0.000000,-0.000000
14073775696,1763340336457031993,0.000000000,0.000000000,1,224436.691346,329745,33554432,0.000,1.403001,0.018748,-1.014756,0.000000,0.000000,0.000000,0.000000,0.000000,-0.000000
14080682208,1763340336463938487,0.000000000,0.000000000,1,224436.698346,329745,33554432,0.000,1.403007,0.018744,-1.014753,0.000000,0.000000,0.000000,0.000000,0.000000,-0.000000
14087748979,1763340336471005276,0.000000000,0.000000000,1,224436.705346,329745,33554432,0.000,1.403009,0.018749,-1.014749,0.000000,0.000000,0.000000,0.000000,0.000000,-0.000000
14094681898,1763340336477938177,0.000000000,0.000000000,1,224436.712346,329745,33554432,0.000,1.403011,0.018737,-1.014746,0.000000,0.000000,0.000000,0.000000,0.000000,-0.000000
14101761076,1763340336485017373,0.000000000,0.000000000,1,224436.719346,329745,33554432,0.000,1.403009,0.018743,-1.014743,0.000000,0.000000,0.000000,0.000000,0.000000,-0.000000
14108668773,1763340336491925071,0.000000000,0.000000000,1,224436.726346,329745,33554432,0.000,1.403007,0.018742,-1.014743,0.000000,0.000000,0.000000,0.000000,0.000000,-0.000000
14115734822,1763340336498991119,0.000000000,0.000000000,1,224436.733346,329745,33554432,0.000,1.403010,0.018749,-1.014738,0.000000,0.000000,0.000000,0.000000,0.000000,-0.000000
14122800426,1763340336506056723,0.000000000,0.000000000,1,224436.740346,329745,33554432,0.000,1.403021,0.018748,-1.014744,0.000000,0.000000,0.000000,0.000000,0.000000,-0.000000
14129756549,1763340336513012828,0.000000000,0.000000000,1,224436.747346,329745,33554432,0.000,1.403020,0.018754,-1.014738,0.000000,0.000000,0.000000,0.000000,0.000000,-0.000000
14136664487,1763340336519920784,0.000000000,0.000000000,1,224436.754346,329745,33554432,0.000,1.403016,0.018752,-1.014732,0.000000,0.000000,0.000000,0.000000,0.000000,-0.000000
14143731665,1763340336526987944,0.000000000,0.000000000,1,224436.761346,329745,33554432,0.000,1.403019,0.018752,-1.014733,0.000000,0.000000,0.000000,0.000000,0.000000,-0.000000
14150815806,1763340336534072104,0.000000000,0.000000000,1,224436.768346,329745,33554432,0.000,1.403025,0.018756,-1.014734,0.000000,0.000000,0.000000,0.000000,0.000000,-0.000000
14157731800,1763340336540988079,0.000000000,0.000000000,1,224436.775346,329745,33554432,0.000,1.403019,0.018759,-1.014732,0.000000,0.000000,0.000000,0.000000,0.000000,-0.000000
14164707756,1763340336547964035,0.000000000,0.000000000,1,224436.782346,329745,33554432,0.000,1.403025,0.018760,-1.014729,0.000000,0.000000,0.000000,0.000000,0.000000,-0.000000
14171773768,1763340336555029935,0.000000000,0.000000000,1,224436.789346,329745,33554432,0.000,1.403029,0.018770,-1.014726,0.000000,0.000000,0.000000,0.000000,0.000000,-0.000000
14178686761,1763340336561943059,0.000000000,0.000000000,1,224436.796346,329745,33554432,0.000,1.403031,0.018773,-1.014721,0.000000,0.000000,0.000000,0.000000,0.000000,-0.000000
14185744458,1763340336569000755,0.000000000,0.000000000,1,224436.803346,329745,33554432,0.000,1.403033,0.018772,-1.014714,0.000000,0.000000,0.000000,0.000000,0.000000,-0.000000
14192831951,1763340336576088248,0.000000000,0.000000000,1,224436.810346,329745,33554432,0.000,1.403031,0.018773,-1.014724,0.000000,0.000000,0.000000,0.000000,0.000000,-0.000000
14199839444,1763340336583095686,0.000000000,0.000000000,1,224436.817346,329745,33554432,0.000,1.403028,0.018785,-1.014717,0.000000,0.000000,0.000000,0.000000,0.000000,-0.000000
14206786993,1763340336590043161,0.000000000,0.000000000,1,224436.824346,329745,33554432,0.000,1.403039,0.018791,-1.014707,0.000000,0.000000,0.000000,0.000000,0.000000,-0.000000
14213697986,1763340336596954154,0.000000000,0.000000000,1,224436.831346,329745,33554432,0.000,1.403042,0.018787,-1.014696,0.000000,0.000000,0.000000,0.000000,0.000000,-0.000000
14220706332,1763340336603962629,0.000000000,0.000000000,1,224436.838346,329745,33554432,0.000,1.403033,0.018793,-1.014694,0.000000,0.000000,0.000000,0.000000,0.000000,-0.000000
14227825195,1763340336611081492,0.000000000,0.000000000,1,224436.845346,329745,33554432,0.000,1.403033,0.018791,-1.014701,0.000000,0.000000,0.000000,0.000000,0.000000,-0.000000
14234780021,1763340336618036319,0.000000000,0.000000000,1,224436.852346,329745,33554432,0.000,1.403028,0.018788,-1.014704,0.000000,0.000000,0.000000,0.000000,0.000000,-0.000000
14241688867,1763340336624945164,0.000000000,0.000000000,1,224436.859346,329745,33554432,0.000,1.403025,0.018795,-1.014705,0.000000,0.000000,0.000000,0.000000,0.000000,-0.000000
14248747175,1763340336632003454,0.000000000,0.000000000,1,224436.866346,329745,33554432,0.000,1.403021,0.018787,-1.014706,0.000000,0.000000,0.000000,0.000000,0.000000,-0.000000
14255686983,1763340336638943280,0.000000000,0.000000000,1,224436.873346,329745,33554432,0.000,1.403018,0.018780,-1.014708,0.000000,0.000000,0.000000,0.000000,0.000000,-0.000000
14262744717,1763340336646001014,0.000000000,0.000000000,1,224436.880346,329745,33554432,0.000,1.403018,0.018789,-1.014704,0.000000,0.000000,0.000000,0.000000,0.000000,-0.000000
14269715543,1763340336652971822,0.000000000,0.000000000,1,224436.887346,329745,33554432,0.000,1.403020,0.018795,-1.014697,0.000000,0.000000,0.000000,0.000000,0.000000,-0.000000
14276670981,1763340336659927167,0.000000000,0.000000000,1,224436.894346,329745,33554432,0.000,1.403013,0.018793,-1.014698,0.000000,0.000000,0.000000,0.000000,0.000000,-0.000000
14283728937,1763340336666985235,0.000000000,0.000000000,1,224436.901346,329745,33554432,0.000,1.403008,0.018788,-1.014702,0.000000,0.000000,0.000000,0.000000,0.000000,-0.000000
14290675375,1763340336673931672,0.000000000,0.000000000,1,224436.908346,329745,33554432,0.000,1.403016,0.018794,-1.014696,0.000000,0.000000,0.000000,0.000000,0.000000,-0.000000
14297735387,1763340336680991665,0.000000000,0.000000000,1,224436.915346,329745,33554432,0.000,1.403017,0.018796,-1.014687,0.000000,0.000000,0.000000,0.000000,0.000000,-0.000000
14304792602,1763340336688048881,0.000000000,0.000000000,1,224436.922346,329745,33554432,0.000,1.403014,0.018804,-1.014669,0.000000,0.000000,0.000000,0.000000,0.000000,-0.000000
14311699262,1763340336694955559,0.000000000,0.000000000,1,224436.929346,329745,33554432,0.000,1.403020,0.018801,-1.014670,0.000000,0.000000,0.000000,0.000000,0.000000,-0.000000
14318749311,1763340336702005497,0.000000000,0.000000000,1,224436.936346,329745,33554432,0.000,1.403017,0.018803,-1.014664,0.000000,0.000000,0.000000,0.000000,0.000000,-0.000000
14325818118,1763340336709074101,0.000000000,0.000000000,1,224436.943346,329745,33554432,0.000,1.403026,0.018808,-1.014662,0.000000,0.000000,0.000000,0.000000,0.000000,-0.000000
14332751630,1763340336716007798,0.000000000,0.000000000,1,224436.950346,329745,33554432,0.000,1.403030,0.018811,-1.014662,0.000000,0.000000,0.000000,0.000000,0.000000,-0.000000
14339726994,1763340336722983291,0.000000000,0.000000000,1,224436.957346,329745,33554432,0.000,1.403031,0.018804,-1.014671,0.000000,0.000000,0.000000,0.000000,0.000000,-0.000000
14346791950,1763340336730048247,0.000000000,0.000000000,1,224436.964346,329745,33554432,0.000,1.403014,0.018818,-1.014660,0.000000,0.000000,0.000000,0.000000,0.000000,-0.000000
14353705962,1763340336736962241,0.000000000,0.000000000,1,224436.971346,329745,33554432,0.000,1.403017,0.018828,-1.014665,0.000000,0.000000,0.000000,0.000000,0.000000,-0.000000
14360766900,1763340336744023197,0.000000000,0.000000000,1,224436.978346,329745,33554432,0.000,1.403017,0.018830,-1.014656,0.000000,0.000000,0.000000,0.000000,0.000000,-0.000000
14367744060,1763340336751000357,0.000000000,0.000000000,1,224436.985346,329745,33554432,0.000,1.403021,0.018834,-1.014655,0.000000,0.000000,0.000000,0.000000,0.000000,-0.000000
14374801534,1763340336758057831,0.000000000,0.000000000,1,224436.992346,329745,33554432,0.000,1.403009,0.018822,-1.014661,0.000000,0.000000,0.000000,0.000000,0.000000,-0.000000
14381700602,1763340336764956899,0.000000000,0.000000000,1,224436.999346,329745,33554432,0.000,1.403010,0.018821,-1.014661,0.000000,0.000000,0.000000,0.000000,0.000000,-0.000000
14388770946,1763340336772027225,0.000000000,0.000000000,1,224437.006346,329745,33554432,0.000,1.403017,0.018830,-1.014651,0.000000,0.000000,0.000000,0.000000,0.000000,-0.000000
14395706551,1763340336778962848,0.000000000,0.000000000,1,224437.013346,329745,33554432,0.000,1.403024,0.018838,-1.014651,0.000000,0.000000,0.000000,0.000000,0.000000,-0.000000
14402775914,1763340336786032101,0.000000000,0.000000000,1,224437.020346,329745,33554432,0.000,1.403021,0.018838,-1.014646,0.000000,0.000000,0.000000,0.000000,0.000000,-0.000000
14409789537,1763340336793045816,0.000000000,0.000000000,1,224437.027346,329745,33554432,0.000,1.403018,0.018834,-1.014644,0.000000,0.000000,0.000000,0.000000,0.000000,-0.000000
14416712364,1763340336799968661,0.000000000,0.000000000,1,224437.034346,329745,33554432,0.000,1.403009,0.018835,-1.014636,0.000000,0.000000,0.000000,0.000000,0.000000,-0.000000
14423770153,1763340336807026432,0.000000000,0.000000000,1,224437.041346,329745,33554432,0.000,1.403003,0.018831,-1.014638,0.000000,0.000000,0.000000,0.000000,0.000000,-0.000000
14430734943,1763340336813991240,0.000000000,0.000000000,1,224437.048346,329745,33554432,0.000,1.402994,0.018827,-1.014630,0.000000,0.000000,0.000000,0.000000,0.000000,-0.000000
14437793732,1763340336821050030,0.000000000,0.000000000,1,224437.055346,329745,33554432,0.000,1.402997,0.018828,-1.014623,0.000000,0.000000,0.000000,0.000000,0.000000,-0.000000
14444691319,1763340336827947597,0.000000000,0.000000000,1,224437.062346,329745,33554432,0.000,1.403002,0.018825,-1.014614,0.000000,0.000000,0.000000,0.000000,0.000000,-0.000000
14451756626,1763340336835012924,0.000000000,0.000000000,1,224437.069346,329745,33554432,0.000,1.403003,0.018816,-1.014617,0.000000,0.000000,0.000000,0.000000,0.000000,-0.000000
14458813545,1763340336842069843,0.000000000,0.000000000,1,224437.076346,329745,33554432,0.000,1.403009,0.018820,-1.014612,0.000000,0.000000,0.000000,0.000000,0.000000,-0.000000
14465762298,1763340336849018577,0.000000000,0.000000000,1,224437.083346,329745,33554432,0.000,1.403016,0.018820,-1.014613,0.000000,0.000000,0.000000,0.000000,0.000000,-0.000000
14472820884,1763340336856077181,0.000000000,0.000000000,1,224437.090346,329745,33554432,0.000,1.403013,0.018822,-1.014620,0.000000,0.000000,0.000000,0.000000,0.000000,-0.000000
14479739988,1763340336862996267,0.000000000,0.000000000,1,224437.097346,329745,33554432,0.000,1.403018,0.018828,-1.014613,0.000000,0.000000,0.000000,0.000000,0.000000,-0.000000
14486797370,1763340336870053649,0.000000000,0.000000000,1,224437.104346,329745,33554432,0.000,1.403024,0.018826,-1.014609,0.000000,0.000000,0.000000,0.000000,0.000000,-0.000000
14493725752,1763340336876982031,0.000000000,0.000000000,1,224437.111346,329745,33554432,0.000,1.403023,0.018821,-1.014611,0.000000,0.000000,0.000000,0.000000,0.000000,-0.000000
14500736005,1763340336883992284,0.000000000,0.000000000,1,224437.118346,329745,33554432,0.000,1.403034,0.018799,-1.014608,0.000000,0.000000,0.000000,0.000000,0.000000,-0.000000
14507650702,1763340336890907018,0.000000000,0.000000000,1,224437.125346,329745,33554432,0.000,1.403037,0.018791,-1.014599,0.000000,0.000000,0.000000,0.000000,0.000000,-0.000000
14514716028,1763340336897972196,0.000000000,0.000000000,1,224437.132346,329745,33554432,0.000,1.403049,0.018790,-1.014616,0.000000,0.000000,0.000000,0.000000,0.000000,-0.000000
14521778614,1763340336905034800,0.000000000,0.000000000,1,224437.139346,329745,33554432,0.000,1.403052,0.018789,-1.014618,0.000000,0.000000,0.000000,0.000000,0.000000,-0.000000
14528757070,1763340336912013368,0.000000000,0.000000000,1,224437.146346,329745,33554432,0.000,1.403055,0.018780,-1.014622,0.000000,0.000000,0.000000,0.000000,0.000000,-0.000000
14535658212,1763340336918914528,0.000000000,0.000000000,1,224437.153346,329745,33554432,0.000,1.403051,0.018775,-1.014616,0.000000,0.000000,0.000000,0.000000,0.000000,-0.000000
14542729483,1763340336925985780,0.000000000,0.000000000,1,224437.160346,329745,33554432,0.000,1.403054,0.018770,-1.014606,0.000000,0.000000,0.000000,0.000000,0.000000,-0.000000
14549652550,1763340336932908885,0.000000000,0.000000000,1,224437.167346,329745,33554432,0.000,1.403055,0.018774,-1.014606,0.000000,0.000000,0.000000,0.000000,0.000000,-0.000000
14556707525,1763340336939963822,0.000000000,0.000000000,1,224437.174346,329745,33554432,0.000,1.403051,0.018764,-1.014605,0.000000,0.000000,0.000000,0.000000,0.000000,-0.000000
14563792573,1763340336947048834,0.000000000,0.000000000,1,224437.181346,329745,33554432,0.000,1.403040,0.018757,-1.014608,0.000000,0.000000,0.000000,0.000000,0.000000,-0.000000
14570693104,1763340336953949383,0.000000000,0.000000000,1,224437.188346,329745,33554432,0.000,1.403041,0.018767,-1.014596,0.000000,0.000000,0.000000,0.000000,0.000000,-0.000000
14577751930,1763340336961008209,0.000000000,0.000000000,1,224437.195346,329745,33554432,0.000,1.403044,0.018766,-1.014594,0.000000,0.000000,0.000000,0.000000,0.000000,-0.000000
14584660591,1763340336967916869,0.000000000,0.000000000,1,224437.202346,329745,33554432,0.000,1.403030,0.018767,-1.014587,0.000000,0.000000,0.000000,0.000000,0.000000,-0.000000
14591743565,1763340336974999862,0.000000000,0.000000000,1,224437.209346,329745,33554432,0.000,1.403032,0.018765,-1.014586,0.000000,0.000000,0.000000,0.000000,0.000000,-0.000000
14598664207,1763340336981920523,0.000000000,0.000000000,1,224437.216346,329745,33554432,0.000,1.403032,0.018761,-1.014577,0.000000,0.000000,0.000000,0.000000,0.000000,-0.000000
14605750348,1763340336989006034,0.000000000,0.000000000,1,224437.223346,329745,33554432,0.000,1.403030,0.018766,-1.014574,0.000000,0.000000,0.000000,0.000000,0.000000,-0.000000
14612818470,1763340336996074768,0.000000000,0.000000000,1,224437.230346,329745,33554432,0.000,1.403033,0.018765,-1.014577,0.000000,0.000000,0.000000,0.000000,0.000000,-0.000000
14619747667,1763340337003003965,0.000000000,0.000000000,1,224437.237346,329745,33554432,0.000,1.403032,0.018766,-1.014575,0.000000,0.000000,0.000000,0.000000,0.000000,-0.000000
14626689753,1763340337009946051,0.000000000,0.000000000,1,224437.244346,329745,33554432,0.000,1.403030,0.018771,-1.014575,0.000000,0.000000,0.000000,0.000000,0.000000,-0.000000
14633748172,1763340337017004470,0.000000000,0.000000000,1,224437.251346,329745,33554432,0.000,1.403045,0.018775,-1.014574,0.000000,0.000000,0.000000,0.000000,0.000000,-0.000000
14640805591,1763340337024061870,0.000000000,0.000000000,1,224437.258346,329745,33554432,0.000,1.403058,0.018779,-1.014575,0.000000,0.000000,0.000000,0.000000,0.000000,-0.000000
14647710159,1763340337030966456,0.000000000,0.000000000,1,224437.265346,329745,33554432,0.000,1.403057,0.018783,-1.014576,0.000000,0.000000,0.000000,0.000000,0.000000,-0.000000
14654768930,1763340337038025227,0.000000000,0.000000000,1,224437.272346,329745,33554432,0.000,1.403052,0.018783,-1.014577,0.000000,0.000000,0.000000,0.000000,0.000000,-0.000000
14661668257,1763340337044924536,0.000000000,0.000000000,1,224437.279346,329745,33554432,0.000,1.403054,0.018788,-1.014581,0.000000,0.000000,0.000000,0.000000,0.000000,-0.000000
14668770342,1763340337052026621,0.000000000,0.000000000,1,224437.286346,329745,33554432,0.000,1.403052,0.018789,-1.014575,0.000000,0.000000,0.000000,0.000000,0.000000,-0.000000
14675670225,1763340337058926504,0.000000000,0.000000000,1,224437.293346,329745,33554432,0.000,1.403065,0.018791,-1.014579,0.000000,0.000000,0.000000,0.000000,0.000000,-0.000000
14682728477,1763340337065984774,0.000000000,0.000000000,1,224437.300346,329745,33554432,0.000,1.403063,0.018784,-1.014575,0.000000,0.000000,0.000000,0.000000,0.000000,-0.000000
14689693859,1763340337072950082,0.000000000,0.000000000,1,224437.307346,329745,33554432,0.000,1.403063,0.018794,-1.014573,0.000000,0.000000,0.000000,0.000000,0.000000,-0.000000
14696794574,1763340337080050872,0.000000000,0.000000000,1,224437.314346,329745,33554432,0.000,1.403068,0.018794,-1.014576,0.000000,0.000000,0.000000,0.000000,0.000000,-0.000000
14703695901,1763340337086952199,0.000000000,0.000000000,1,224437.321346,329745,33554432,0.000,1.403068,0.018795,-1.014570,0.000000,0.000000,0.000000,0.000000,0.000000,-0.000000
14710762042,1763340337094018340,0.000000000,0.000000000,1,224437.328346,329745,33554432,0.000,1.403063,0.018785,-1.014570,0.000000,0.000000,0.000000,0.000000,0.000000,-0.000000
14717673240,1763340337100929407,0.000000000,0.000000000,1,224437.335346,329745,33554432,0.000,1.403059,0.018787,-1.014570,0.000000,0.000000,0.000000,0.000000,0.000000,-0.000000
14724762047,1763340337108018326,0.000000000,0.000000000,1,224437.342346,329745,33554432,0.000,1.403066,0.018779,-1.014560,0.000000,0.000000,0.000000,0.000000,0.000000,-0.000000
14731710430,1763340337114966708,0.000000000,0.000000000,1,224437.349346,329745,33554432,0.000,1.403065,0.018777,-1.014566,0.000000,0.000000,0.000000,0.000000,0.000000,-0.000000
14738790793,1763340337122047090,0.000000000,0.000000000,1,224437.356346,329745,33554432,0.000,1.403060,0.018775,-1.014573,0.000000,0.000000,0.000000,0.000000,0.000000,-0.000000
14745691453,1763340337128947751,0.000000000,0.000000000,1,224437.363346,329745,33554432,0.000,1.403059,0.018780,-1.014569,0.000000,0.000000,0.000000,0.000000,0.000000,-0.000000
14752778668,1763340337136034966,0.000000000,0.000000000,1,224437.370346,329745,33554432,0.000,1.403051,0.018777,-1.014578,0.000000,0.000000,0.000000,0.000000,0.000000,-0.000000
14759713791,1763340337142970070,0.000000000,0.000000000,1,224437.377346,329745,33554432,0.000,1.403059,0.018775,-1.014575,0.000000,0.000000,0.000000,0.000000,0.000000,-0.000000
14767551893,1763340337150808153,0.000000000,0.000000000,1,224437.384346,329745,33554432,0.000,1.403061,0.018760,-1.014576,0.000000,0.000000,0.000000,0.000000,0.000000,-0.000000
14773675685,1763340337156931483,0.000000000,0.000000000,1,224437.391346,329745,33554432,0.000,1.403063,0.018758,-1.014579,0.000000,0.000000,0.000000,0.000000,0.000000,-0.000000
14780658012,1763340337163914161,0.000000000,0.000000000,1,224437.398346,329745,33554432,0.000,1.403066,0.018754,-1.014569,0.000000,0.000000,0.000000,0.000000,0.000000,-0.000000
14787754375,1763340337171010654,0.000000000,0.000000000,1,224437.405346,329745,33554432,0.000,1.403076,0.018750,-1.014573,0.000000,0.000000,0.000000,0.000000,0.000000,-0.000000
14794771868,1763340337178027962,0.000000000,0.000000000,1,224437.412346,329745,33554432,0.000,1.403077,0.018750,-1.014579,0.000000,0.000000,0.000000,0.000000,0.000000,-0.000000
14801739417,1763340337184995585,0.000000000,0.000000000,1,224437.419346,329745,33554432,0.000,1.403078,0.018744,-1.014577,0.000000,0.000000,0.000000,0.000000,0.000000,-0.000000
14808801095,1763340337192057393,0.000000000,0.000000000,1,224437.426346,329745,33554432,0.000,1.403070,0.018726,-1.014584,0.000000,0.000000,0.000000,0.000000,0.000000,-0.000000
14815714089,1763340337198970386,0.000000000,0.000000000,1,224437.433346,329745,33554432,0.000,1.403074,0.018719,-1.014592,0.000000,0.000000,0.000000,0.000000,0.000000,-0.000000
14822678138,1763340337205934306,0.000000000,0.000000000,1,224437.440346,329745,33554432,0.000,1.403070,0.018715,-1.014587,0.000000,0.000000,0.000000,0.000000,0.000000,-0.000000
14829676668,1763340337212932836,0.000000000,0.000000000,1,224437.447346,329745,33554432,0.000,1.403066,0.018722,-1.014585,0.000000,0.000000,0.000000,0.000000,0.000000,-0.000000
14836732995,1763340337219989273,0.000000000,0.000000000,1,224437.454346,329745,33554432,0.000,1.403073,0.018722,-1.014584,0.000000,0.000000,0.000000,0.000000,0.000000,-0.000000
14843677507,1763340337226933804,0.000000000,0.000000000,1,224437.461346,329745,33554432,0.000,1.403074,0.018719,-1.014586,0.000000,0.000000,0.000000,0.000000,0.000000,-0.000000
14850747148,1763340337234003426,0.000000000,0.000000000,1,224437.468346,329745,33554432,0.000,1.403070,0.018717,-1.014581,0.000000,0.000000,0.000000,0.000000,0.000000,-0.000000
14857805196,1763340337241061494,0.000000000,0.000000000,1,224437.475346,329745,33554432,0.000,1.403077,0.018717,-1.014587,0.000000,0.000000,0.000000,0.000000,0.000000,-0.000000
14864783393,1763340337248039691,0.000000000,0.000000000,1,224437.482346,329745,33554432,0.000,1.403072,0.018715,-1.014577,0.000000,0.000000,0.000000,0.000000,0.000000,-0.000000
14871682702,1763340337254938999,0.000000000,0.000000000,1,224437.489346,329745,33554432,0.000,1.403065,0.018717,-1.014568,0.000000,0.000000,0.000000,0.000000,0.000000,-0.000000
14878741732,1763340337261998011,0.000000000,0.000000000,1,224437.496346,329745,33554432,0.000,1.403075,0.018707,-1.014575,0.000000,0.000000,0.000000,0.000000,0.000000,-0.000000
14885798651,1763340337269054948,0.000000000,0.000000000,1,224437.503346,329745,33554432,0.000,1.403072,0.018704,-1.014584,0.000000,0.000000,0.000000,0.000000,0.000000,-0.000000
14892734811,1763340337275991090,0.000000000,0.000000000,1,224437.510346,329745,33554432,0.000,1.403077,0.018712,-1.014583,0.000000,0.000000,0.000000,0.000000,0.000000,-0.000000
14899805211,1763340337283061508,0.000000000,0.000000000,1,224437.517346,329745,33554432,0.000,1.403075,0.018707,-1.014585,0.000000,0.000000,0.000000,0.000000,0.000000,-0.000000
14906704853,1763340337289961150,0.000000000,0.000000000,1,224437.524346,329745,33554432,0.000,1.403069,0.018712,-1.014575,0.000000,0.000000,0.000000,0.000000,0.000000,-0.000000
14913765179,1763340337297021477,0.000000000,0.000000000,1,224437.531346,329745,33554432,0.000,1.403073,0.018706,-1.014585,0.000000,0.000000,0.000000,0.000000,0.000000,-0.000000
14920663617,1763340337303919915,0.000000000,0.000000000,1,224437.538346,329745,33554432,0.000,1.403067,0.018702,-1.014575,0.000000,0.000000,0.000000,0.000000,0.000000,-0.000000
14927752592,1763340337311008889,0.000000000,0.000000000,1,224437.545346,329745,33554432,0.000,1.403063,0.018705,-1.014574,0.000000,0.000000,0.000000,0.000000,0.000000,-0.000000
14934685844,1763340337317942012,0.000000000,0.000000000,1,224437.552346,329745,33554432,0.000,1.403072,0.018702,-1.014569,0.000000,0.000000,0.000000,0.000000,0.000000,-0.000000
14941749615,1763340337325005912,0.000000000,0.000000000,1,224437.559346,329745,33554432,0.000,1.403069,0.018700,-1.014571,0.000000,0.000000,0.000000,0.000000,0.000000,-0.000000
14948663053,1763340337331919332,0.000000000,0.000000000,1,224437.566346,329745,33554432,0.000,1.403065,0.018705,-1.014577,0.000000,0.000000,0.000000,0.000000,0.000000,-0.000000
14955720157,1763340337338976455,0.000000000,0.000000000,1,224437.573346,329745,33554432,0.000,1.403072,0.018700,-1.014575,0.000000,0.000000,0.000000,0.000000,0.000000,-0.000000
14962787058,1763340337346043355,0.000000000,0.000000000,1,224437.580346,329745,33554432,0.000,1.403071,0.018698,-1.014573,0.000000,0.000000,0.000000,0.000000,0.000000,-0.000000
14969753218,1763340337353009496,0.000000000,0.000000000,1,224437.587346,329745,33554432,0.000,1.403074,0.018701,-1.014565,0.000000,0.000000,0.000000,0.000000,0.000000,-0.000000
14976652674,1763340337359908972,0.000000000,0.000000000,1,224437.594346,329745,33554432,0.000,1.403084,0.018700,-1.014559,0.000000,0.000000,0.000000,0.000000,0.000000,-0.000000
14983709130,1763340337366965409,0.000000000,0.000000000,1,224437.601346,329745,33554432,0.000,1.403083,0.018701,-1.014558,0.000000,0.000000,0.000000,0.000000,0.000000,-0.000000
14990799123,1763340337374055420,0.000000000,0.000000000,1,224437.608346,329745,33554432,0.000,1.403085,0.018706,-1.014545,0.000000,0.000000,0.000000,0.000000,0.000000,-0.000000
14997698098,1763340337380954396,0.000000000,0.000000000,1,224437.615346,329745,33554432,0.000,1.403080,0.018707,-1.014545,0.000000,0.000000,0.000000,0.000000,0.000000,-0.000000
15004675758,1763340337387931926,0.000000000,0.000000000,1,224437.622346,329745,33554432,0.000,1.403093,0.018712,-1.014537,0.000000,0.000000,0.000000,0.000000,0.000000,-0.000000
15011733344,1763340337394989641,0.000000000,0.000000000,1,224437.629346,329745,33554432,0.000,1.403095,0.018709,-1.014541,0.000000,0.000000,0.000000,0.000000,0.000000,-0.000000
15018791707,1763340337402047986,0.000000000,0.000000000,1,224437.636346,329745,33554432,0.000,1.403105,0.018714,-1.014539,0.000000,0.000000,0.000000,0.000000,0.000000,-0.000000
15025716145,1763340337408972424,0.000000000,0.000000000,1,224437.643346,329745,33554432,0.000,1.403119,0.018721,-1.014545,0.000000,0.000000,0.000000,0.000000,0.000000,-0.000000
15032838638,1763340337416094935,0.000000000,0.000000000,1,224437.650346,329745,33554432,0.000,1.403113,0.018713,-1.014551,0.000000,0.000000,0.000000,0.000000,0.000000,-0.000000
15039749446,1763340337423005744,0.000000000,0.000000000,1,224437.657346,329745,33554432,0.000,1.403117,0.018711,-1.014549,0.000000,0.000000,0.000000,0.000000,0.000000,-0.000000
15046807087,1763340337430063385,0.000000000,0.000000000,1,224437.664346,329745,33554432,0.000,1.403102,0.018707,-1.014550,0.000000,0.000000,0.000000,0.000000,0.000000,-0.000000
15053710229,1763340337436966526,0.000000000,0.000000000,1,224437.671346,329745,33554432,0.000,1.403103,0.018710,-1.014554,0.000000,0.000000,0.000000,0.000000,0.000000,-0.000000
15060767796,1763340337444024094,0.000000000,0.000000000,1,224437.678346,329745,33554432,0.000,1.403110,0.018707,-1.014547,0.000000,0.000000,0.000000,0.000000,0.000000,-0.000000
15067685382,1763340337450941680,0.000000000,0.000000000,1,224437.685346,329745,33554432,0.000,1.403116,0.018705,-1.014556,0.000000,0.000000,0.000000,0.000000,0.000000,-0.000000
15074753635,1763340337458009932,0.000000000,0.000000000,1,224437.692346,329745,33554432,0.000,1.403124,0.018714,-1.014562,0.000000,0.000000,0.000000,0.000000,0.000000,-0.000000
15081811109,1763340337465067388,0.000000000,0.000000000,1,224437.699346,329745,33554432,0.000,1.403123,0.018717,-1.014562,0.000000,0.000000,0.000000,0.000000,0.000000,-0.000000
15088722177,1763340337471978474,0.000000000,0.000000000,1,224437.706346,329745,33554432,0.000,1.403127,0.018719,-1.014557,0.000000,0.000000,0.000000,0.000000,0.000000,-0.000000
15095660670,1763340337478916967,0.000000000,0.000000000,1,224437.713346,329745,33554432,0.000,1.403124,0.018720,-1.014552,0.000000,0.000000,0.000000,0.000000,0.000000,-0.000000
15102718978,1763340337485975257,0.000000000,0.000000000,1,224437.720346,329745,33554432,0.000,1.403127,0.018720,-1.014554,0.000000,0.000000,0.000000,0.000000,0.000000,-0.000000
15109659008,1763340337492915306,0.000000000,0.000000000,1,224437.727346,329745,33554432,0.000,1.403127,0.018720,-1.014548,0.000000,0.000000,0.000000,0.000000,0.000000,-0.000000
15116716446,1763340337499972614,0.000000000,0.000000000,1,224437.734346,329745,33554432,0.000,1.403126,0.018721,-1.014544,0.000000,0.000000,0.000000,0.000000,0.000000,-0.000000
15123783161,1763340337507039440,0.000000000,0.000000000,1,224437.741346,329745,33554432,0.000,1.403136,0.018718,-1.014541,0.000000,0.000000,0.000000,0.000000,0.000000,-0.000000
15130707543,1763340337513963841,0.000000000,0.000000000,1,224437.748346,329745,33554432,0.000,1.403136,0.018709,-1.014536,0.000000,0.000000,0.000000,0.000000,0.000000,-0.000000
15137764092,1763340337521020371,0.000000000,0.000000000,1,224437.755346,329745,33554432,0.000,1.403135,0.018713,-1.014537,0.000000,0.000000,0.000000,0.000000,0.000000,-0.000000
15144674808,1763340337527931105,0.000000000,0.000000000,1,224437.762346,329745,33554432,0.000,1.403131,0.018706,-1.014528,0.000000,0.000000,0.000000,0.000000,0.000000,-0.000000
15151732542,1763340337534988839,0.000000000,0.000000000,1,224437.769346,329745,33554432,0.000,1.403128,0.018710,-1.014531,0.000000,0.000000,0.000000,0.000000,0.000000,-0.000000
15158661905,1763340337541918203,0.000000000,0.000000000,1,224437.776346,329745,33554432,0.000,1.403123,0.018703,-1.014534,0.000000,0.000000,0.000000,0.000000,0.000000,-0.000000
15165759343,1763340337549015640,0.000000000,0.000000000,1,224437.783346,329745,33554432,0.000,1.403122,0.018705,-1.014531,0.000000,0.000000,0.000000,0.000000,0.000000,-0.000000
15172829484,1763340337556085781,0.000000000,0.000000000,1,224437.790346,329745,33554432,0.000,1.403125,0.018702,-1.014535,0.000000,0.000000,0.000000,0.000000,0.000000,-0.000000
15179749848,1763340337563006127,0.000000000,0.000000000,1,224437.797346,329745,33554432,0.000,1.403130,0.018709,-1.014540,0.000000,0.000000,0.000000,0.000000,0.000000,-0.000000
15186660212,1763340337569916491,0.000000000,0.000000000,1,224437.804346,329745,33554432,0.000,1.403116,0.018709,-1.014546,0.000000,0.000000,0.000000,0.000000,0.000000,-0.000000
15193749297,1763340337577005595,0.000000000,0.000000000,1,224437.811346,329745,33554432,0.000,1.403120,0.018703,-1.014547,0.000000,0.000000,0.000000,0.000000,0.000000,-0.000000
15200668587,1763340337583924866,0.000000000,0.000000000,1,224437.818346,329745,33554432,0.000,1.403122,0.018698,-1.014542,0.000000,0.000000,0.000000,0.000000,0.000000,-0.000000
15207755691,1763340337591011988,0.000000000,0.000000000,1,224437.825346,329745,33554432,0.000,1.403121,0.018696,-1.014538,0.000000,0.000000,0.000000,0.000000,0.000000,-0.000000
15214676203,1763340337597932482,0.000000000,0.000000000,1,224437.832346,329745,33554432,0.000,1.403122,0.018694,-1.014530,0.000000,0.000000,0.000000,0.000000,0.000000,-0.000000
15221755233,1763340337605011530,0.000000000,0.000000000,1,224437.839346,329745,33554432,0.000,1.403124,0.018691,-1.014535,0.000000,0.000000,0.000000,0.000000,0.000000,-0.000000
15228728152,1763340337611984450,0.000000000,0.000000000,1,224437.846346,329745,33554432,0.000,1.403114,0.018691,-1.014521,0.000000,0.000000,0.000000,0.000000,0.000000,-0.000000
15235657794,1763340337618914073,0.000000000,0.000000000,1,224437.853346,329745,33554432,0.000,1.403119,0.018691,-1.014531,0.000000,0.000000,0.000000,0.000000,0.000000,-0.000000
15242726861,1763340337625983158,0.000000000,0.000000000,1,224437.860346,329745,33554432,0.000,1.403110,0.018702,-1.014527,0.000000,0.000000,0.000000,0.000000,0.000000,-0.000000
15249800558,1763340337633056855,0.000000000,0.000000000,1,224437.867346,329745,33554432,0.000,1.403113,0.018704,-1.014526,0.000000,0.000000,0.000000,0.000000,0.000000,-0.000000
15256726884,1763340337639983052,0.000000000,0.000000000,1,224437.874346,329745,33554432,0.000,1.403111,0.018708,-1.014524,0.000000,0.000000,0.000000,0.000000,0.000000,-0.000000
15263773766,1763340337647029545,0.000000000,0.000000000,1,224437.881346,329745,33554432,0.000,1.403105,0.018720,-1.014527,0.000000,0.000000,0.000000,0.000000,0.000000,-0.000000
15270717371,1763340337653973650,0.000000000,0.000000000,1,224437.888346,329745,33554432,0.000,1.403111,0.018720,-1.014517,0.000000,0.000000,0.000000,0.000000,0.000000,-0.000000
15277797123,1763340337661053291,0.000000000,0.000000000,1,224437.895346,329745,33554432,0.000,1.403115,0.018710,-1.014525,0.000000,0.000000,0.000000,0.000000,0.000000,-0.000000
15284697320,1763340337667953618,0.000000000,0.000000000,1,224437.902346,329745,33554432,0.000,1.403117,0.018717,-1.014525,0.000000,0.000000,0.000000,0.000000,0.000000,-0.000000
15291664425,1763340337674920704,0.000000000,0.000000000,1,224437.909346,329745,33554432,0.000,1.403125,0.018715,-1.014515,0.000000,0.000000,0.000000,0.000000,0.000000,-0.000000
15298725733,1763340337681982030,0.000000000,0.000000000,1,224437.916346,329745,33554432,0.000,1.403131,0.018721,-1.014503,0.000000,0.000000,0.000000,0.000000,0.000000,-0.000000
15305795022,1763340337689051319,0.000000000,0.000000000,1,224437.923346,329745,33554432,0.000,1.403133,0.018718,-1.014499,0.000000,0.000000,0.000000,0.000000,0.000000,-0.000000
15312731089,1763340337695987091,0.000000000,0.000000000,1,224437.930346,329745,33554432,0.000,1.403136,0.018728,-1.014491,0.000000,0.000000,0.000000,0.000000,0.000000,-0.000000
15319733342,1763340337702989528,0.000000000,0.000000000,1,224437.937346,329745,33554432,0.000,1.403151,0.018728,-1.014488,0.000000,0.000000,0.000000,0.000000,0.000000,-0.000000
15327057501,1763340337710312909,0.000000000,0.000000000,1,224437.944346,329745,33554432,0.000,1.403148,0.018726,-1.014484,0.000000,0.000000,0.000000,0.000000,0.000000,-0.000000
15333684051,1763340337716940219,0.000000000,0.000000000,1,224437.951346,329745,33554432,0.000,1.403146,0.018720,-1.014483,0.000000,0.000000,0.000000,0.000000,0.000000,-0.000000
15340680377,1763340337723936656,0.000000000,0.000000000,1,224437.958346,329745,33554432,0.000,1.403137,0.018718,-1.014476,0.000000,0.000000,0.000000,0.000000,0.000000,-0.000000
15347737778,1763340337730994057,0.000000000,0.000000000,1,224437.965346,329745,33554432,0.000,1.403132,0.018713,-1.014472,0.000000,0.000000,0.000000,0.000000,0.000000,-0.000000
15354804289,1763340337738060587,0.000000000,0.000000000,1,224437.972346,329745,33554432,0.000,1.403135,0.018710,-1.014470,0.000000,0.000000,0.000000,0.000000,0.000000,-0.000000
15361726579,1763340337744982858,0.000000000,0.000000000,1,224437.979346,329745,33554432,0.000,1.403134,0.018716,-1.014468,0.000000,0.000000,0.000000,0.000000,0.000000,-0.000000
15368692665,1763340337751948944,0.000000000,0.000000000,1,224437.986346,329745,33554432,0.000,1.403144,0.018718,-1.014474,0.000000,0.000000,0.000000,0.000000,0.000000,-0.000000
15375750528,1763340337759006826,0.000000000,0.000000000,1,224437.993346,329745,33554432,0.000,1.403144,0.018713,-1.014472,0.000000,0.000000,0.000000,0.000000,0.000000,-0.000000
15382806799,1763340337766063097,0.000000000,0.000000000,1,224438.000346,329745,33554432,0.000,1.403158,0.018710,-1.014474,0.000000,0.000000,0.000000,0.000000,0.000000,-0.000000
15389742885,1763340337772999127,0.000000000,0.000000000,1,224438.007346,329745,33554432,0.000,1.403159,0.018704,-1.014480,0.000000,0.000000,0.000000,0.000000,0.000000,-0.000000
15396801193,1763340337780057490,0.000000000,0.000000000,1,224438.014346,329745,33554432,0.000,1.403144,0.018708,-1.014479,0.000000,0.000000,0.000000,0.000000,0.000000,-0.000000
15403719261,1763340337786975447,0.000000000,0.000000000,1,224438.021346,329745,33554432,0.000,1.403143,0.018709,-1.014484,0.000000,0.000000,0.000000,0.000000,0.000000,-0.000000
15410779013,1763340337794035310,0.000000000,0.000000000,1,224438.028346,329745,33554432,0.000,1.403149,0.018708,-1.014479,0.000000,0.000000,0.000000,0.000000,0.000000,-0.000000
15417690395,1763340337800946582,0.000000000,0.000000000,1,224438.035346,329745,33554432,0.000,1.403155,0.018707,-1.014480,0.000000,0.000000,0.000000,0.000000,0.000000,-0.000000
15424766092,1763340337808022389,0.000000000,0.000000000,1,224438.042346,329745,33554432,0.000,1.403149,0.018704,-1.014468,0.000000,0.000000,0.000000,0.000000,0.000000,-0.000000
15431722048,1763340337814978327,0.000000000,0.000000000,1,224438.049346,329745,33554432,0.000,1.403145,0.018704,-1.014474,0.000000,0.000000,0.000000,0.000000,0.000000,-0.000000
15438778875,1763340337822035172,0.000000000,0.000000000,1,224438.056346,329745,33554432,0.000,1.403136,0.018697,-1.014463,0.000000,0.000000,0.000000,0.000000,0.000000,-0.000000
15445687887,1763340337828944184,0.000000000,0.000000000,1,224438.063346,329745,33554432,0.000,1.403139,0.018702,-1.014464,0.000000,0.000000,0.000000,0.000000,0.000000,-0.000000
15452750843,1763340337836007140,0.000000000,0.000000000,1,224438.070346,329745,33554432,0.000,1.403135,0.018690,-1.014460,0.000000,0.000000,0.000000,0.000000,0.000000,-0.000000
15459689521,1763340337842945819,0.000000000,0.000000000,1,224438.077346,329745,33554432,0.000,1.403137,0.018689,-1.014457,0.000000,0.000000,0.000000,0.000000,0.000000,-0.000000
15466790255,1763340337850046552,0.000000000,0.000000000,1,224438.084346,329745,33554432,0.000,1.403133,0.018691,-1.014452,0.000000,0.000000,0.000000,0.000000,0.000000,-0.000000
15473690138,1763340337856946435,0.000000000,0.000000000,1,224438.091346,329745,33554432,0.000,1.403140,0.018692,-1.014461,0.000000,0.000000,0.000000,0.000000,0.000000,-0.000000
15480757668,1763340337864013965,0.000000000,0.000000000,1,224438.098346,329745,33554432,0.000,1.403138,0.018697,-1.014453,0.000000,0.000000,0.000000,0.000000,0.000000,-0.000000
15487815568,1763340337871071865,0.000000000,0.000000000,1,224438.105346,329745,33554432,0.000,1.403141,0.018696,-1.014453,0.000000,0.000000,0.000000,0.000000,0.000000,-0.000000
15494734024,1763340337877990303,0.000000000,0.000000000,1,224438.112346,329745,33554432,0.000,1.403141,0.018699,-1.014439,0.000000,0.000000,0.000000,0.000000,0.000000,-0.000000
15501810147,1763340337885066333,0.000000000,0.000000000,1,224438.119346,329745,33554432,0.000,1.403146,0.018699,-1.014445,0.000000,0.000000,0.000000,0.000000,0.000000,-0.000000
15508729511,1763340337891985679,0.000000000,0.000000000,1,224438.126346,329745,33554432,0.000,1.403137,0.018705,-1.014436,0.000000,0.000000,0.000000,0.000000,0.000000,-0.000000
15515826152,1763340337899082320,0.000000000,0.000000000,1,224438.133346,329745,33554432,0.000,1.403137,0.018719,-1.014434,0.000000,0.000000,0.000000,0.000000,0.000000,-0.000000
15522725386,1763340337905981684,0.000000000,0.000000000,1,224438.140346,329745,33554432,0.000,1.403139,0.018714,-1.014430,0.000000,0.000000,0.000000,0.000000,0.000000,-0.000000
15529701954,1763340337912958251,0.000000000,0.000000000,1,224438.147346,329745,33554432,0.000,1.403132,0.018714,-1.014431,0.000000,0.000000,0.000000,0.000000,0.000000,-0.000000
15536765595,1763340337920021892,0.000000000,0.000000000,1,224438.154346,329745,33554432,0.000,1.403122,0.018706,-1.014439,0.000000,0.000000,0.000000,0.000000,0.000000,-0.000000
15543823180,1763340337927079459,0.000000000,0.000000000,1,224438.161346,329745,33554432,0.000,1.403126,0.018714,-1.014438,0.000000,0.000000,0.000000,0.000000,0.000000,-0.000000
15550721600,1763340337933977879,0.000000000,0.000000000,1,224438.168346,329745,33554432,0.000,1.403116,0.018715,-1.014431,0.000000,0.000000,0.000000,0.000000,0.000000,-0.000000
15557790574,1763340337941046853,0.000000000,0.000000000,1,224438.175346,329745,33554432,0.000,1.403108,0.018716,-1.014437,0.000000,0.000000,0.000000,0.000000,0.000000,-0.000000
15564725975,1763340337947982273,0.000000000,0.000000000,1,224438.182346,329745,33554432,0.000,1.403105,0.018706,-1.014441,0.000000,0.000000,0.000000,0.000000,0.000000,-0.000000
15571799042,1763340337955055321,0.000000000,0.000000000,1,224438.189346,329745,33554432,0.000,1.403097,0.018703,-1.014439,0.000000,0.000000,0.000000,0.000000,0.000000,-0.000000
15578709017,1763340337961965315,0.000000000,0.000000000,1,224438.196346,329745,33554432,0.000,1.403092,0.018711,-1.014435,0.000000,0.000000,0.000000,0.000000,0.000000,-0.000000
15585765844,1763340337969022123,0.000000000,0.000000000,1,224438.203346,329745,33554432,0.000,1.403078,0.018723,-1.014429,0.000000,0.000000,0.000000,0.000000,0.000000,-0.000000
15592833707,1763340337976089986,0.000000000,0.000000000,1,224438.210346,329745,33554432,0.000,1.403073,0.018720,-1.014426,0.000000,0.000000,0.000000,0.000000,0.000000,-0.000000
15599751515,1763340337983007813,0.000000000,0.000000000,1,224438.217346,329745,33554432,0.000,1.403074,0.018720,-1.014427,0.000000,0.000000,0.000000,0.000000,0.000000,-0.000000
15606809249,1763340337990065528,0.000000000,0.000000000,1,224438.224346,329745,33554432,0.000,1.403068,0.018723,-1.014418,0.000000,0.000000,0.000000,0.000000,0.000000,-0.000000
15613722224,1763340337996978503,0.000000000,0.000000000,1,224438.231346,329745,33554432,0.000,1.403060,0.018722,-1.014420,0.000000,0.000000,0.000000,0.000000,0.000000,-0.000000
15620792310,1763340338004048589,0.000000000,0.000000000,1,224438.238346,329745,33554432,0.000,1.403057,0.018720,-1.014414,0.000000,0.000000,0.000000,0.000000,0.000000,-0.000000
15627724599,1763340338010980897,0.000000000,0.000000000,1,224438.245346,329745,33554432,0.000,1.403061,0.018725,-1.014408,0.000000,0.000000,0.000000,0.000000,0.000000,-0.000000
15634792629,1763340338018048927,0.000000000,0.000000000,1,224438.252346,329745,33554432,0.000,1.403076,0.018720,-1.014412,0.000000,0.000000,0.000000,0.000000,0.000000,-0.000000
15641849734,1763340338025106031,0.000000000,0.000000000,1,224438.259346,329745,33554432,0.000,1.403077,0.018732,-1.014406,0.000000,0.000000,0.000000,0.000000,0.000000,-0.000000
15648764431,1763340338032020728,0.000000000,0.000000000,1,224438.266346,329745,33554432,0.000,1.403070,0.018740,-1.014407,0.000000,0.000000,0.000000,0.000000,0.000000,-0.000000
15655823757,1763340338039080055,0.000000000,0.000000000,1,224438.273346,329745,33554432,0.000,1.403074,0.018739,-1.014403,0.000000,0.000000,0.000000,0.000000,0.000000,-0.000000
15662722195,1763340338045978474,0.000000000,0.000000000,1,224438.280346,329745,33554432,0.000,1.403076,0.018742,-1.014409,0.000000,0.000000,0.000000,0.000000,0.000000,-0.000000
15669820892,1763340338053077189,0.000000000,0.000000000,1,224438.287346,329745,33554432,0.000,1.403080,0.018746,-1.014418,0.000000,0.000000,0.000000,0.000000,0.000000,-0.000000
15676720904,1763340338059977183,0.000000000,0.000000000,1,224438.294346,329745,33554432,0.000,1.403068,0.018742,-1.014420,0.000000,0.000000,0.000000,0.000000,0.000000,-0.000000
15683802749,1763340338067059065,0.000000000,0.000000000,1,224438.301346,329745,33554432,0.000,1.403074,0.018737,-1.014423,0.000000,0.000000,0.000000,0.000000,0.000000,-0.000000
15690734427,1763340338073990706,0.000000000,0.000000000,1,224438.308346,329745,33554432,0.000,1.403072,0.018735,-1.014411,0.000000,0.000000,0.000000,0.000000,0.000000,-0.000000
15697793031,1763340338081049310,0.000000000,0.000000000,1,224438.315346,329745,33554432,0.000,1.403067,0.018732,-1.014410,0.000000,0.000000,0.000000,0.000000,0.000000,-0.000000
15704853210,1763340338088109489,0.000000000,0.000000000,1,224438.322346,329745,33554432,0.000,1.403064,0.018718,-1.014413,0.000000,0.000000,0.000000,0.000000,0.000000,-0.000000
15711727574,1763340338094983741,0.000000000,0.000000000,1,224438.329346,329745,33554432,0.000,1.403064,0.018727,-1.014413,0.000000,0.000000,0.000000,0.000000,0.000000,-0.000000
15718985344,1763340338102241530,0.000000000,0.000000000,1,224438.336346,329745,33554432,0.000,1.403065,0.018727,-1.014419,0.000000,0.000000,0.000000,0.000000,0.000000,-0.000000
15725755430,1763340338109011728,0.000000000,0.000000000,1,224438.343346,329745,33554432,0.000,1.403057,0.018730,-1.014420,0.000000,0.000000,0.000000,0.000000,0.000000,-0.000000
15732848923,1763340338116105221,0.000000000,0.000000000,1,224438.350346,329745,33554432,0.000,1.403061,0.018733,-1.014418,0.000000,0.000000,0.000000,0.000000,0.000000,-0.000000
15739798602,1763340338123054807,0.000000000,0.000000000,1,224438.357346,329745,33554432,0.000,1.403062,0.018735,-1.014423,0.000000,0.000000,0.000000,0.000000,0.000000,-0.000000
15746869336,1763340338130125633,0.000000000,0.000000000,1,224438.364346,329745,33554432,0.000,1.403058,0.018732,-1.014413,0.000000,0.000000,0.000000,0.000000,0.000000,-0.000000
15753767626,1763340338137023904,0.000000000,0.000000000,1,224438.371346,329745,33554432,0.000,1.403054,0.018727,-1.014415,0.000000,0.000000,0.000000,0.000000,0.000000,-0.000000
15760826767,1763340338144083064,0.000000000,0.000000000,1,224438.378346,329745,33554432,0.000,1.403056,0.018708,-1.014399,0.000000,0.000000,0.000000,0.000000,0.000000,-0.000000
15767865075,1763340338151121298,0.000000000,0.000000000,1,224438.385346,329745,33554432,0.000,1.403053,0.018701,-1.014406,0.000000,0.000000,0.000000,0.000000,0.000000,-0.000000
15774796642,1763340338158052921,0.000000000,0.000000000,1,224438.392346,329745,33554432,0.000,1.403060,0.018697,-1.014409,0.000000,0.000000,0.000000,0.000000,0.000000,-0.000000
15782030653,1763340338165286839,0.000000000,0.000000000,1,224438.399346,329745,33554432,0.000,1.403052,0.018692,-1.014403,0.000000,0.000000,0.000000,0.000000,0.000000,-0.000000
15788966165,1763340338172222462,0.000000000,0.000000000,1,224438.406346,329745,33554432,0.000,1.403056,0.018687,-1.014400,0.000000,0.000000,0.000000,0.000000,0.000000,-0.000000
15795800400,1763340338179056697,0.000000000,0.000000000,1,224438.413346,329745,33554432,0.000,1.403054,0.018700,-1.014407,0.000000,0.000000,0.000000,0.000000,0.000000,-0.000000
15802879263,1763340338186135449,0.000000000,0.000000000,1,224438.420346,329745,33554432,0.000,1.403036,0.018694,-1.014397,0.000000,0.000000,0.000000,0.000000,0.000000,-0.000000
15809986126,1763340338193242405,0.000000000,0.000000000,1,224438.427346,329745,33554432,0.000,1.403033,0.018700,-1.014389,0.000000,0.000000,0.000000,0.000000,0.000000,-0.000000
15816761991,1763340338200018288,0.000000000,0.000000000,1,224438.434346,329745,33554432,0.000,1.403033,0.018691,-1.014383,0.000000,0.000000,0.000000,0.000000,0.000000,-0.000000
15823828909,1763340338207085077,0.000000000,0.000000000,1,224438.441346,329745,33554432,0.000,1.403042,0.018693,-1.014386,0.000000,0.000000,0.000000,0.000000,0.000000,-0.000000
15830734588,1763340338213990386,0.000000000,0.000000000,1,224438.448346,329745,33554432,0.000,1.403033,0.018705,-1.014377,0.000000,0.000000,0.000000,0.000000,0.000000,-0.000000
15837809100,1763340338221065267,0.000000000,0.000000000,1,224438.455346,329745,33554432,0.000,1.403032,0.018703,-1.014380,0.000000,0.000000,0.000000,0.000000,0.000000,-0.000000
15844680834,1763340338227937131,0.000000000,0.000000000,1,224438.462346,329745,33554432,0.000,1.403037,0.018707,-1.014352,0.000000,0.000000,0.000000,0.000000,0.000000,-0.000000
15851760346,1763340338235016643,0.000000000,0.000000000,1,224438.469346,329745,33554432,0.000,1.403041,0.018706,-1.014352,0.000000,0.000000,0.000000,0.000000,0.000000,-0.000000
15858688691,1763340338241944988,0.000000000,0.000000000,1,224438.476346,329745,33554432,0.000,1.403039,0.018696,-1.014341,0.000000,0.000000,0.000000,0.000000,0.000000,-0.000000
15865818406,1763340338249074685,0.000000000,0.000000000,1,224438.483346,329745,33554432,0.000,1.403034,0.018701,-1.014336,0.000000,0.000000,0.000000,0.000000,0.000000,-0.000000
15872876010,1763340338256132307,0.000000000,0.000000000,1,224438.490346,329745,33554432,0.000,1.403032,0.018690,-1.014326,0.000000,0.000000,0.000000,0.000000,0.000000,-0.000000
15879819948,1763340338263076208,0.000000000,0.000000000,1,224438.497346,329745,33554432,0.000,1.403038,0.018684,-1.014323,0.000000,0.000000,0.000000,0.000000,0.000000,-0.000000
15886720256,1763340338269976554,0.000000000,0.000000000,1,224438.504346,329745,33554432,0.000,1.403029,0.018690,-1.014323,0.000000,0.000000,0.000000,0.000000,0.000000,-0.000000
15893838601,1763340338277094898,0.000000000,0.000000000,1,224438.511346,329745,33554432,0.000,1.403023,0.018695,-1.014335,0.000000,0.000000,0.000000,0.000000,0.000000,-0.000000
15900758909,1763340338284015207,0.000000000,0.000000000,1,224438.518346,329745,33554432,0.000,1.403026,0.018685,-1.014332,0.000000,0.000000,0.000000,0.000000,0.000000,-0.000000
15907683236,1763340338290939533,0.000000000,0.000000000,1,224438.525346,329745,33554432,0.000,1.403027,0.018692,-1.014331,0.000000,0.000000,0.000000,0.000000,0.000000,-0.000000
15914949821,1763340338298206081,0.000000000,0.000000000,1,224438.532346,329745,33554432,0.000,1.403028,0.018698,-1.014322,0.000000,0.000000,0.000000,0.000000,0.000000,-0.000000
15921753852,1763340338305010131,0.000000000,0.000000000,1,224438.539346,329745,33554432,0.000,1.403024,0.018699,-1.014314,0.000000,0.000000,0.000000,0.000000,0.000000,-0.000000
15928720901,1763340338311977198,0.000000000,0.000000000,1,224438.546346,329745,33554432,0.000,1.403028,0.018700,-1.014301,0.000000,0.000000,0.000000,0.000000,0.000000,-0.000000
15935761172,1763340338319017469,0.000000000,0.000000000,1,224438.553346,329745,33554432,0.000,1.403036,0.018694,-1.014303,0.000000,0.000000,0.000000,0.000000,0.000000,-0.000000
15942680443,1763340338325936740,0.000000000,0.000000000,1,224438.560346,329745,33554432,0.000,1.403034,0.018687,-1.014314,0.000000,0.000000,0.000000,0.000000,0.000000,-0.000000
15949779658,1763340338333035937,0.000000000,0.000000000,1,224438.567346,329745,33554432,0.000,1.403033,0.018687,-1.014318,0.000000,0.000000,0.000000,0.000000,0.000000,-0.000000
15956692522,1763340338339948801,0.000000000,0.000000000,1,224438.574346,329745,33554432,0.000,1.403031,0.018690,-1.014322,0.000000,0.000000,0.000000,0.000000,0.000000,-0.000000
15963772311,1763340338347028553,0.000000000,0.000000000,1,224438.581346,329745,33554432,0.000,1.403030,0.018690,-1.014322,0.000000,0.000000,0.000000,0.000000,0.000000,-0.000000
15970752453,1763340338354008750,0.000000000,0.000000000,1,224438.588346,329745,33554432,0.000,1.403015,0.018685,-1.014316,0.000000,0.000000,0.000000,0.000000,0.000000,-0.000000
15977754594,1763340338361010873,0.000000000,0.000000000,1,224438.595346,329745,33554432,0.000,1.403013,0.018695,-1.014320,0.000000,0.000000,0.000000,0.000000,0.000000,-0.000000
15984815717,1763340338368071995,0.000000000,0.000000000,1,224438.602346,329745,33554432,0.000,1.402993,0.018698,-1.014310,0.000000,0.000000,0.000000,0.000000,0.000000,-0.000000
15991759266,1763340338375015544,0.000000000,0.000000000,1,224438.609346,329745,33554432,0.000,1.402996,0.018699,-1.014318,0.000000,0.000000,0.000000,0.000000,0.000000,-0.000000
15998736444,1763340338381992741,0.000000000,0.000000000,1,224438.616346,329745,33554432,0.000,1.402982,0.018695,-1.014314,0.000000,0.000000,0.000000,0.000000,0.000000,-0.000000
16005808622,1763340338389064920,0.000000000,0.000000000,1,224438.623346,329745,33554432,0.000,1.402985,0.018689,-1.014312,0.000000,0.000000,0.000000,0.000000,0.000000,-0.000000
16012880356,1763340338396136653,0.000000000,0.000000000,1,224438.630346,329745,33554432,0.000,1.402992,0.018684,-1.014316,0.000000,0.000000,0.000000,0.000000,0.000000,-0.000000
16019833035,1763340338403089202,0.000000000,0.000000000,1,224438.637346,329745,33554432,0.000,1.402985,0.018689,-1.014317,0.000000,0.000000,0.000000,0.000000,0.000000,-0.000000
16026790546,1763340338410046455,0.000000000,0.000000000,1,224438.644346,329745,33554432,0.000,1.402985,0.018694,-1.014312,0.000000,0.000000,0.000000,0.000000,0.000000,-0.000000
16033691910,1763340338416948189,0.000000000,0.000000000,1,224438.651346,329745,33554432,0.000,1.402986,0.018696,-1.014314,0.000000,0.000000,0.000000,0.000000,0.000000,-0.000000
16040764940,1763340338424021238,0.000000000,0.000000000,1,224438.658346,329745,33554432,0.000,1.402989,0.018688,-1.014317,0.000000,0.000000,0.000000,0.000000,0.000000,-0.000000
16047834970,1763340338431091249,0.000000000,0.000000000,1,224438.665346,329745,33554432,0.000,1.402989,0.018689,-1.014319,0.000000,0.000000,0.000000,0.000000,0.000000,-0.000000
16054736223,1763340338437992502,0.000000000,0.000000000,1,224438.672346,329745,33554432,0.000,1.403001,0.018684,-1.014323,0.000000,0.000000,0.000000,0.000000,0.000000,-0.000000
16061804050,1763340338445060347,0.000000000,0.000000000,1,224438.679346,329745,33554432,0.000,1.403005,0.018681,-1.014326,0.000000,0.000000,0.000000,0.000000,0.000000,-0.000000
16068725488,1763340338451981766,0.000000000,0.000000000,1,224438.686346,329745,33554432,0.000,1.403007,0.018675,-1.014322,0.000000,0.000000,0.000000,0.000000,0.000000,-0.000000
16075781740,1763340338459037982,0.000000000,0.000000000,1,224438.693346,329745,33554432,0.000,1.403002,0.018672,-1.014326,0.000000,0.000000,0.000000,0.000000,0.000000,-0.000000
16082845085,1763340338466101382,0.000000000,0.000000000,1,224438.700346,329745,33554432,0.000,1.403010,0.018669,-1.014335,0.000000,0.000000,0.000000,0.000000,0.000000,-0.000000
16089779097,1763340338473035338,0.000000000,0.000000000,1,224438.707346,329745,33554432,0.000,1.403009,0.018671,-1.014334,0.000000,0.000000,0.000000,0.000000,0.000000,-0.000000
16096837404,1763340338480093683,0.000000000,0.000000000,1,224438.714346,329745,33554432,0.000,1.403008,0.018671,-1.014336,0.000000,0.000000,0.000000,0.000000,0.000000,-0.000000
16103752176,1763340338487008455,0.000000000,0.000000000,1,224438.721346,329745,33554432,0.000,1.403001,0.018660,-1.014350,0.000000,0.000000,0.000000,0.000000,0.000000,-0.000000
16110809539,1763340338494065837,0.000000000,0.000000000,1,224438.728346,329745,33554432,0.000,1.403002,0.018654,-1.014340,0.000000,0.000000,0.000000,0.000000,0.000000,-0.000000
16117720570,1763340338500976867,0.000000000,0.000000000,1,224438.735346,329745,33554432,0.000,1.403002,0.018659,-1.014340,0.000000,0.000000,0.000000,0.000000,0.000000,-0.000000
16124790415,1763340338508046712,0.000000000,0.000000000,1,224438.742346,329745,33554432,0.000,1.402992,0.018652,-1.014335,0.000000,0.000000,0.000000,0.000000,0.000000,-0.000000
16131718834,1763340338514975113,0.000000000,0.000000000,1,224438.749346,329745,33554432,0.000,1.402990,0.018659,-1.014340,0.000000,0.000000,0.000000,0.000000,0.000000,-0.000000
16138775938,1763340338522032235,0.000000000,0.000000000,1,224438.756346,329745,33554432,0.000,1.402995,0.018660,-1.014338,0.000000,0.000000,0.000000,0.000000,0.000000,-0.000000
16145834598,1763340338529090895,0.000000000,0.000000000,1,224438.763346,329745,33554432,0.000,1.403003,0.018666,-1.014334,0.000000,0.000000,0.000000,0.000000,0.000000,-0.000000
16152891591,1763340338536147888,0.000000000,0.000000000,1,224438.770346,329745,33554432,0.000,1.402998,0.018667,-1.014327,0.000000,0.000000,0.000000,0.000000,0.000000,-0.000000
16159833066,1763340338543089345,0.000000000,0.000000000,1,224438.777346,329745,33554432,0.000,1.402990,0.018669,-1.014330,0.000000,0.000000,0.000000,0.000000,0.000000,-0.000000
16166761652,1763340338550017949,0.000000000,0.000000000,1,224438.784346,329745,33554432,0.000,1.402994,0.018669,-1.014315,0.000000,0.000000,0.000000,0.000000,0.000000,-0.000000
16173819200,1763340338557075479,0.000000000,0.000000000,1,224438.791346,329745,33554432,0.000,1.402990,0.018670,-1.014322,0.000000,0.000000,0.000000,0.000000,0.000000,-0.000000
16180718879,1763340338563975177,0.000000000,0.000000000,1,224438.798346,329745,33554432,0.000,1.403010,0.018666,-1.014304,0.000000,0.000000,0.000000,0.000000,0.000000,-0.000000
16187802965,1763340338571059244,0.000000000,0.000000000,1,224438.805346,329745,33554432,0.000,1.403003,0.018672,-1.014311,0.000000,0.000000,0.000000,0.000000,0.000000,-0.000000
16194754921,1763340338578011163,0.000000000,0.000000000,1,224438.812346,329745,33554432,0.000,1.403010,0.018669,-1.014314,0.000000,0.000000,0.000000,0.000000,0.000000,-0.000000
16201827544,1763340338585083711,0.000000000,0.000000000,1,224438.819346,329745,33554432,0.000,1.403008,0.018668,-1.014310,0.000000,0.000000,0.000000,0.000000,0.000000,-0.000000
16208853352,1763340338592109538,0.000000000,0.000000000,1,224438.826346,329745,33554432,0.000,1.403002,0.018684,-1.014288,0.000000,0.000000,0.000000,0.000000,0.000000,-0.000000
16215771382,1763340338599027550,0.000000000,0.000000000,1,224438.833346,329745,33554432,0.000,1.402989,0.018691,-1.014301,0.000000,0.000000,0.000000,0.000000,0.000000,-0.000000
16222852616,1763340338606108784,0.000000000,0.000000000,1,224438.840346,329745,33554432,0.000,1.402997,0.018699,-1.014293,0.000000,0.000000,0.000000,0.000000,0.000000,-0.000000
16229799850,1763340338613056129,0.000000000,0.000000000,1,224438.847346,329745,33554432,0.000,1.403006,0.018703,-1.014290,0.000000,0.000000,0.000000,0.000000,0.000000,-0.000000
16236866954,1763340338620123251,0.000000000,0.000000000,1,224438.854346,329745,33554432,0.000,1.403011,0.018687,-1.014290,0.000000,0.000000,0.000000,0.000000,0.000000,-0.000000
16243767225,1763340338627023523,0.000000000,0.000000000,1,224438.861346,329745,33554432,0.000,1.403008,0.018686,-1.014287,0.000000,0.000000,0.000000,0.000000,0.000000,-0.000000
16250833330,1763340338634089608,0.000000000,0.000000000,1,224438.868346,329745,33554432,0.000,1.403004,0.018683,-1.014282,0.000000,0.000000,0.000000,0.000000,0.000000,-0.000000
16257732564,1763340338640988843,0.000000000,0.000000000,1,224438.875346,329745,33554432,0.000,1.403012,0.018683,-1.014275,0.000000,0.000000,0.000000,0.000000,0.000000,-0.000000
16264744520,1763340338648000799,0.000000000,0.000000000,1,224438.882346,329745,33554432,0.000,1.403010,0.018693,-1.014252,0.000000,0.000000,0.000000,0.000000,0.000000,-0.000000
16271821476,1763340338655077644,0.000000000,0.000000000,1,224438.889346,329745,33554432,0.000,1.403026,0.018691,-1.014242,0.000000,0.000000,0.000000,0.000000,0.000000,-0.000000
16278730618,1763340338661986915,0.000000000,0.000000000,1,224438.896346,329745,33554432,0.000,1.403022,0.018683,-1.014231,0.000000,0.000000,0.000000,0.000000,0.000000,-0.000000
16285789351,1763340338669045630,0.000000000,0.000000000,1,224438.903346,329745,33554432,0.000,1.403026,0.018685,-1.014235,0.000000,0.000000,0.000000,0.000000,0.000000,-0.000000
16292875566,1763340338676131864,0.000000000,0.000000000,1,224438.910346,329745,33554432,0.000,1.403034,0.018686,-1.014229,0.000000,0.000000,0.000000,0.000000,0.000000,-0.000000
16299813930,1763340338683070209,0.000000000,0.000000000,1,224438.917346,329745,33554432,0.000,1.403035,0.018674,-1.014233,0.000000,0.000000,0.000000,0.000000,0.000000,-0.000000
16306713016,1763340338689969314,0.000000000,0.000000000,1,224438.924346,329745,33554432,0.000,1.403030,0.018675,-1.014225,0.000000,0.000000,0.000000,0.000000,0.000000,-0.000000
16313772528,1763340338697028696,0.000000000,0.000000000,1,224438.931346,329745,33554432,0.000,1.403030,0.018675,-1.014222,0.000000,0.000000,0.000000,0.000000,0.000000,-0.000000
16320848410,1763340338704104596,0.000000000,0.000000000,1,224438.938346,329745,33554432,0.000,1.403030,0.018672,-1.014225,0.000000,0.000000,0.000000,0.000000,0.000000,-0.000000
16327665570,1763340338710921812,0.000000000,0.000000000,1,224438.945346,329745,33554432,0.000,1.403019,0.018668,-1.014221,0.000000,0.000000,0.000000,0.000000,0.000000,-0.000000
16334738045,1763340338717994213,0.000000000,0.000000000,1,224438.952346,329745,33554432,0.000,1.403021,0.018673,-1.014228,0.000000,0.000000,0.000000,0.000000,0.000000,-0.000000
16341662427,1763340338724918595,0.000000000,0.000000000,1,224438.959346,329745,33554432,0.000,1.403021,0.018679,-1.014236,0.000000,0.000000,0.000000,0.000000,0.000000,-0.000000
16348794087,1763340338732050384,0.000000000,0.000000000,1,224438.966346,329745,33554432,0.000,1.403027,0.018682,-1.014244,0.000000,0.000000,0.000000,0.000000,0.000000,-0.000000
16355698543,1763340338738954822,0.000000000,0.000000000,1,224438.973346,329745,33554432,0.000,1.403027,0.018682,-1.014244,0.000000,0.000000,0.000000,0.000000,0.000000,-0.000000
16362762073,1763340338746018371,0.000000000,0.000000000,1,224438.980346,329745,33554432,0.000,1.403023,0.018679,-1.014243,0.000000,0.000000,0.000000,0.000000,0.000000,-0.000000
16369756566,1763340338753012845,0.000000000,0.000000000,1,224438.987346,329745,33554432,0.000,1.403028,0.018681,-1.014250,0.000000,0.000000,0.000000,0.000000,0.000000,-0.000000
16376655560,1763340338759911857,0.000000000,0.000000000,1,224438.994346,329745,33554432,0.000,1.403036,0.018683,-1.014255,0.000000,0.000000,0.000000,0.000000,0.000000,-0.000000
16383723146,1763340338766979424,0.000000000,0.000000000,1,224439.001346,329745,33554432,0.000,1.403049,0.018678,-1.014252,0.000000,0.000000,0.000000,0.000000,0.000000,-0.000000
16390806139,1763340338774062417,0.000000000,0.000000000,1,224439.008346,329745,33554432,0.000,1.403061,0.018668,-1.014256,0.000000,0.000000,0.000000,0.000000,0.000000,-0.000000
16397717651,1763340338780973892,0.000000000,0.000000000,1,224439.015346,329745,33554432,0.000,1.403064,0.018669,-1.014251,0.000000,0.000000,0.000000,0.000000,0.000000,-0.000000
16404661051,1763340338787917219,0.000000000,0.000000000,1,224439.022346,329745,33554432,0.000,1.403049,0.018667,-1.014249,0.000000,0.000000,0.000000,0.000000,0.000000,-0.000000
16411718822,1763340338794974990,0.000000000,0.000000000,1,224439.029346,329745,33554432,0.000,1.403038,0.018669,-1.014251,0.000000,0.000000,0.000000,0.000000,0.000000,-0.000000
16418790760,1763340338802046946,0.000000000,0.000000000,1,224439.036346,329745,33554432,0.000,1.403034,0.018667,-1.014241,0.000000,0.000000,0.000000,0.000000,0.000000,-0.000000
16425690253,1763340338808946551,0.000000000,0.000000000,1,224439.043346,329745,33554432,0.000,1.403041,0.018656,-1.014246,0.000000,0.000000,0.000000,0.000000,0.000000,-0.000000
16432807913,1763340338816064210,0.000000000,0.000000000,1,224439.050346,329745,33554432,0.000,1.403044,0.018664,-1.014232,0.000000,0.000000,0.000000,0.000000,0.000000,-0.000000
16439730517,1763340338822986815,0.000000000,0.000000000,1,224439.057346,329745,33554432,0.000,1.403045,0.018662,-1.014243,0.000000,0.000000,0.000000,0.000000,0.000000,-0.000000
16446787510,1763340338830043808,0.000000000,0.000000000,1,224439.064346,329745,33554432,0.000,1.403035,0.018669,-1.014248,0.000000,0.000000,0.000000,0.000000,0.000000,-0.000000
16453844003,1763340338837100282,0.000000000,0.000000000,1,224439.071346,329745,33554432,0.000,1.403031,0.018669,-1.014251,0.000000,0.000000,0.000000,0.000000,0.000000,-0.000000
16460762682,1763340338844018979,0.000000000,0.000000000,1,224439.078346,329745,33554432,0.000,1.403037,0.018669,-1.014232,0.000000,0.000000,0.000000,0.000000,0.000000,-0.000000
16467685157,1763340338850941436,0.000000000,0.000000000,1,224439.085346,329745,33554432,0.000,1.403034,0.018670,-1.014234,0.000000,0.000000,0.000000,0.000000,0.000000,-0.000000
16474742298,1763340338857998577,0.000000000,0.000000000,1,224439.092346,329745,33554432,0.000,1.403034,0.018666,-1.014230,0.000000,0.000000,0.000000,0.000000,0.000000,-0.000000
16481663421,1763340338864919700,0.000000000,0.000000000,1,224439.099346,329745,33554432,0.000,1.403034,0.018666,-1.014227,0.000000,0.000000,0.000000,0.000000,0.000000,-0.000000
16488721451,1763340338871977730,0.000000000,0.000000000,1,224439.106346,329745,33554432,0.000,1.403031,0.018662,-1.014219,0.000000,0.000000,0.000000,0.000000,0.000000,-0.000000
16495656278,1763340338878912576,0.000000000,0.000000000,1,224439.113346,329745,33554432,0.000,1.403033,0.018663,-1.014236,0.000000,0.000000,0.000000,0.000000,0.000000,-0.000000
16502752530,1763340338886008698,0.000000000,0.000000000,1,224439.120346,329745,33554432,0.000,1.403039,0.018655,-1.014229,0.000000,0.000000,0.000000,0.000000,0.000000,-0.000000
16509690005,1763340338892946284,0.000000000,0.000000000,1,224439.127346,329745,33554432,0.000,1.403036,0.018657,-1.014223,0.000000,0.000000,0.000000,0.000000,0.000000,-0.000000
16516770035,1763340338900026203,0.000000000,0.000000000,1,224439.134346,329745,33554432,0.000,1.403053,0.018656,-1.014222,0.000000,0.000000,0.000000,0.000000,0.000000,-0.000000
16523668603,1763340338906924900,0.000000000,0.000000000,1,224439.141346,329745,33554432,0.000,1.403052,0.018663,-1.014220,0.000000,0.000000,0.000000,0.000000,0.000000,-0.000000
16530765966,1763340338914022245,0.000000000,0.000000000,1,224439.148346,329745,33554432,0.000,1.403042,0.018661,-1.014218,0.000000,0.000000,0.000000,0.000000,0.000000,-0.000000
16537664663,1763340338920920961,0.000000000,0.000000000,1,224439.155346,329745,33554432,0.000,1.403043,0.018663,-1.014207,0.000000,0.000000,0.000000,0.000000,0.000000,-0.000000
16544721027,1763340338927977306,0.000000000,0.000000000,1,224439.162346,329745,33554432,0.000,1.403038,0.018661,-1.014199,0.000000,0.000000,0.000000,0.000000,0.000000,-0.000000
16551799335,1763340338935055613,0.000000000,0.000000000,1,224439.169346,329745,33554432,0.000,1.403031,0.018660,-1.014199,0.000000,0.000000,0.000000,0.000000,0.000000,-0.000000
16558709939,1763340338941966218,0.000000000,0.000000000,1,224439.176346,329745,33554432,0.000,1.403041,0.018668,-1.014187,0.000000,0.000000,0.000000,0.000000,0.000000,-0.000000
16565665266,1763340338948921545,0.000000000,0.000000000,1,224439.183346,329745,33554432,0.000,1.403040,0.018668,-1.014184,0.000000,0.000000,0.000000,0.000000,0.000000,-0.000000
16572880870,1763340338956137148,0.000000000,0.000000000,1,224439.190346,329745,33554432,0.000,1.403052,0.018656,-1.014179,0.000000,0.000000,0.000000,0.000000,0.000000,-0.000000
16579806048,1763340338963062346,0.000000000,0.000000000,1,224439.197346,329745,33554432,0.000,1.403062,0.018659,-1.014176,0.000000,0.000000,0.000000,0.000000,0.000000,-0.000000
16586713412,1763340338969969710,0.000000000,0.000000000,1,224439.204346,329745,33554432,0.000,1.403060,0.018672,-1.014177,0.000000,0.000000,0.000000,0.000000,0.000000,-0.000000
16593788164,1763340338977044462,0.000000000,0.000000000,1,224439.211346,329745,33554432,0.000,1.403057,0.018669,-1.014178,0.000000,0.000000,0.000000,0.000000,0.000000,-0.000000
16600686843,1763340338983943141,0.000000000,0.000000000,1,224439.218346,329745,33554432,0.000,1.403043,0.018659,-1.014157,0.000000,0.000000,0.000000,0.000000,0.000000,-0.000000
16607745799,1763340338991001967,0.000000000,0.000000000,1,224439.225346,329745,33554432,0.000,1.403046,0.018666,-1.014151,0.000000,0.000000,0.000000,0.000000,0.000000,-0.000000
16614802496,1763340338998058793,0.000000000,0.000000000,1,224439.232346,329745,33554432,0.000,1.403053,0.018662,-1.014160,0.000000,0.000000,0.000000,0.000000,0.000000,-0.000000
16621721138,1763340339004977416,0.000000000,0.000000000,1,224439.239346,329745,33554432,0.000,1.403057,0.018658,-1.014159,0.000000,0.000000,0.000000,0.000000,0.000000,-0.000000
16628670594,1763340339011926762,0.000000000,0.000000000,1,224439.246346,329745,33554432,0.000,1.403052,0.018659,-1.014160,0.000000,0.000000,0.000000,0.000000,0.000000,-0.000000
16635727809,1763340339018984107,0.000000000,0.000000000,1,224439.253346,329745,33554432,0.000,1.403057,0.018651,-1.014159,0.000000,0.000000,0.000000,0.000000,0.000000,-0.000000
16642787784,1763340339026044063,0.000000000,0.000000000,1,224439.260346,329745,33554432,0.000,1.403067,0.018666,-1.014173,0.000000,0.000000,0.000000,0.000000,0.000000,-0.000000
16649810184,1763340339033066445,0.000000000,0.000000000,1,224439.267346,329745,33554432,0.000,1.403060,0.018663,-1.014175,0.000000,0.000000,0.000000,0.000000,0.000000,-0.000000
16656728456,1763340339039984753,0.000000000,0.000000000,1,224439.274346,329745,33554432,0.000,1.403069,0.018660,-1.014175,0.000000,0.000000,0.000000,0.000000,0.000000,-0.000000
16663701523,1763340339046957635,0.000000000,0.000000000,1,224439.281346,329745,33554432,0.000,1.403078,0.018666,-1.014175,0.000000,0.000000,0.000000,0.000000,0.000000,-0.000000
16670759497,1763340339054015795,0.000000000,0.000000000,1,224439.288346,329745,33554432,0.000,1.403082,0.018652,-1.014177,0.000000,0.000000,0.000000,0.000000,0.000000,-0.000000
16677682232,1763340339060938510,0.000000000,0.000000000,1,224439.295346,329745,33554432,0.000,1.403093,0.018651,-1.014170,0.000000,0.000000,0.000000,0.000000,0.000000,-0.000000
16684740762,1763340339067997041,0.000000000,0.000000000,1,224439.302346,329745,33554432,0.000,1.403084,0.018652,-1.014178,0.000000,0.000000,0.000000,0.000000,0.000000,-0.000000
16691732033,1763340339074988330,0.000000000,0.000000000,1,224439.309346,329745,33554432,0.000,1.403081,0.018651,-1.014175,0.000000,0.000000,0.000000,0.000000,0.000000,-0.000000
16698789285,1763340339082045564,0.000000000,0.000000000,1,224439.316346,329745,33554432,0.000,1.403087,0.018649,-1.014170,0.000000,0.000000,0.000000,0.000000,0.000000,-0.000000
16705690797,1763340339088947094,0.000000000,0.000000000,1,224439.323346,329745,33554432,0.000,1.403089,0.018644,-1.014166,0.000000,0.000000,0.000000,0.000000,0.000000,-0.000000
16712813716,1763340339096070013,0.000000000,0.000000000,1,224439.330346,329745,33554432,0.000,1.403077,0.018626,-1.014172,0.000000,0.000000,0.000000,0.000000,0.000000,-0.000000
16719763913,1763340339103020155,0.000000000,0.000000000,1,224439.337346,329745,33554432,0.000,1.403078,0.018623,-1.014162,0.000000,0.000000,0.000000,0.000000,0.000000,-0.000000
16726722814,1763340339109978926,0.000000000,0.000000000,1,224439.344346,329745,33554432,0.000,1.403068,0.018620,-1.014158,0.000000,0.000000,0.000000,0.000000,0.000000,-0.000000
16733795066,1763340339117051363,0.000000000,0.000000000,1,224439.351346,329745,33554432,0.000,1.403071,0.018632,-1.014145,0.000000,0.000000,0.000000,0.000000,0.000000,-0.000000
16740695652,1763340339123951949,0.000000000,0.000000000,1,224439.358346,329745,33554432,0.000,1.403066,0.018631,-1.014142,0.000000,0.000000,0.000000,0.000000,0.000000,-0.000000
16747765941,1763340339131022239,0.000000000,0.000000000,1,224439.365346,329745,33554432,0.000,1.403073,0.018639,-1.014141,0.000000,0.000000,0.000000,0.000000,0.000000,-0.000000
16754697676,1763340339137953973,0.000000000,0.000000000,1,224439.372346,329745,33554432,0.000,1.403074,0.018635,-1.014140,0.000000,0.000000,0.000000,0.000000,0.000000,-0.000000
16763534736,1763340339146790552,0.000000000,0.000000000,1,224439.379346,329745,33554432,0.000,1.403080,0.018637,-1.014138,0.000000,0.000000,0.000000,0.000000,0.000000,-0.000000
16768765773,1763340339152022052,0.000000000,0.000000000,1,224439.386346,329745,33554432,0.000,1.403071,0.018637,-1.014143,0.000000,0.000000,0.000000,0.000000,0.000000,-0.000000
16775689674,1763340339158945842,0.000000000,0.000000000,1,224439.393346,329745,33554432,0.000,1.403068,0.018638,-1.014149,0.000000,0.000000,0.000000,0.000000,0.000000,-0.000000
16782754222,1763340339166010520,0.000000000,0.000000000,1,224439.400346,329745,33554432,0.000,1.403064,0.018632,-1.014162,0.000000,0.000000,0.000000,0.000000,0.000000,-0.000000
16789764716,1763340339173020846,0.000000000,0.000000000,1,224439.407346,329745,33554432,0.000,1.403059,0.018638,-1.014163,0.000000,0.000000,0.000000,0.000000,0.000000,-0.000000
16796670320,1763340339179926599,0.000000000,0.000000000,1,224439.414346,329745,33554432,0.000,1.403057,0.018639,-1.014164,0.000000,0.000000,0.000000,0.000000,0.000000,-0.000000
16803729795,1763340339186985962,0.000000000,0.000000000,1,224439.421346,329745,33554432,0.000,1.403059,0.018644,-1.014158,0.000000,0.000000,0.000000,0.000000,0.000000,-0.000000
16810796103,1763340339194052400,0.000000000,0.000000000,1,224439.428346,329745,33554432,0.000,1.403062,0.018649,-1.014158,0.000000,0.000000,0.000000,0.000000,0.000000,-0.000000
16817696170,1763340339200952319,0.000000000,0.000000000,1,224439.435346,329745,33554432,0.000,1.403062,0.018649,-1.014160,0.000000,0.000000,0.000000,0.000000,0.000000,-0.000000
16824693589,1763340339207949831,0.000000000,0.000000000,1,224439.442346,329745,33554432,0.000,1.403052,0.018653,-1.014159,0.000000,0.000000,0.000000,0.000000,0.000000,-0.000000
16831744508,1763340339215000639,0.000000000,0.000000000,1,224439.449346,329745,33554432,0.000,1.403051,0.018656,-1.014154,0.000000,0.000000,0.000000,0.000000,0.000000,-0.000000
16838698317,1763340339221954614,0.000000000,0.000000000,1,224439.456346,329745,33554432,0.000,1.403058,0.018654,-1.014159,0.000000,0.000000,0.000000,0.000000,0.000000,-0.000000
16845768476,1763340339229024644,0.000000000,0.000000000,1,224439.463346,329745,33554432,0.000,1.403064,0.018655,-1.014167,0.000000,0.000000,0.000000,0.000000,0.000000,-0.000000
16852833765,1763340339236089933,0.000000000,0.000000000,1,224439.470346,329745,33554432,0.000,1.403064,0.018662,-1.014155,0.000000,0.000000,0.000000,0.000000,0.000000,-0.000000
16859813944,1763340339243070223,0.000000000,0.000000000,1,224439.477346,329745,33554432,0.000,1.403061,0.018661,-1.014151,0.000000,0.000000,0.000000,0.000000,0.000000,-0.000000
16866758734,1763340339250015013,0.000000000,0.000000000,1,224439.484346,329745,33554432,0.000,1.403063,0.018666,-1.014153,0.000000,0.000000,0.000000,0.000000,0.000000,-0.000000
16873816079,1763340339257072376,0.000000000,0.000000000,1,224439.491346,329745,33554432,0.000,1.403062,0.018672,-1.014152,0.000000,0.000000,0.000000,0.000000,0.000000,-0.000000
16880714072,1763340339263970369,0.000000000,0.000000000,1,224439.498346,329745,33554432,0.000,1.403060,0.018673,-1.014147,0.000000,0.000000,0.000000,0.000000,0.000000,-0.000000
16887771287,1763340339271027585,0.000000000,0.000000000,1,224439.505346,329745,33554432,0.000,1.403069,0.018666,-1.014145,0.000000,0.000000,0.000000,0.000000,0.000000,-0.000000
16894710040,1763340339277966337,0.000000000,0.000000000,1,224439.512346,329745,33554432,0.000,1.403087,0.018667,-1.014145,0.000000,0.000000,0.000000,0.000000,0.000000,-0.000000
16901769237,1763340339285025516,0.000000000,0.000000000,1,224439.519346,329745,33554432,0.000,1.403102,0.018671,-1.014143,0.000000,0.000000,0.000000,0.000000,0.000000,-0.000000
16908658193,1763340339291914361,0.000000000,0.000000000,1,224439.526346,329745,33554432,0.000,1.403095,0.018661,-1.014133,0.000000,0.000000,0.000000,0.000000,0.000000,-0.000000
16915730334,1763340339298986632,0.000000000,0.000000000,1,224439.533346,329745,33554432,0.000,1.403099,0.018662,-1.014133,0.000000,0.000000,0.000000,0.000000,0.000000,-0.000000
16922795161,1763340339306051440,0.000000000,0.000000000,1,224439.540346,329745,33554432,0.000,1.403088,0.018667,-1.014128,0.000000,0.000000,0.000000,0.000000,0.000000,-0.000000
16929771024,1763340339313027303,0.000000000,0.000000000,1,224439.547346,329745,33554432,0.000,1.403086,0.018671,-1.014133,0.000000,0.000000,0.000000,0.000000,0.000000,-0.000000
16936670314,1763340339319926612,0.000000000,0.000000000,1,224439.554346,329745,33554432,0.000,1.403073,0.018666,-1.014134,0.000000,0.000000,0.000000,0.000000,0.000000,-0.000000
16943726900,1763340339326983179,0.000000000,0.000000000,1,224439.561346,329745,33554432,0.000,1.403070,0.018666,-1.014133,0.000000,0.000000,0.000000,0.000000,0.000000,-0.000000
16950804374,1763340339334060672,0.000000000,0.000000000,1,224439.568346,329745,33554432,0.000,1.403074,0.018664,-1.014134,0.000000,0.000000,0.000000,0.000000,0.000000,-0.000000
16957721775,1763340339340978073,0.000000000,0.000000000,1,224439.575346,329745,33554432,0.000,1.403062,0.018661,-1.014131,0.000000,0.000000,0.000000,0.000000,0.000000,-0.000000
16964814842,1763340339348071121,0.000000000,0.000000000,1,224439.582346,329745,33554432,0.000,1.403064,0.018674,-1.014109,0.000000,0.000000,0.000000,0.000000,0.000000,-0.000000
16971714410,1763340339354970707,0.000000000,0.000000000,1,224439.589346,329745,33554432,0.000,1.403056,0.018674,-1.014115,0.000000,0.000000,0.000000,0.000000,0.000000,-0.000000
16978771847,1763340339362028126,0.000000000,0.000000000,1,224439.596346,329745,33554432,0.000,1.403068,0.018667,-1.014111,0.000000,0.000000,0.000000,0.000000,0.000000,-0.000000
16985671582,1763340339368927861,0.000000000,0.000000000,1,224439.603346,329745,33554432,0.000,1.403074,0.018671,-1.014110,0.000000,0.000000,0.000000,0.000000,0.000000,-0.000000
16992758834,1763340339376015113,0.000000000,0.000000000,1,224439.610346,329745,33554432,0.000,1.403069,0.018668,-1.014110,0.000000,0.000000,0.000000,0.000000,0.000000,-0.000000
16999697272,1763340339382953162,0.000000000,0.000000000,1,224439.617346,329745,33554432,0.000,1.403078,0.018665,-1.014104,0.000000,0.000000,0.000000,0.000000,0.000000,-0.000000
17006758228,1763340339390014396,0.000000000,0.000000000,1,224439.624346,329745,33554432,0.000,1.403078,0.018662,-1.014112,0.000000,0.000000,0.000000,0.000000,0.000000,-0.000000
17013816665,1763340339397072833,0.000000000,0.000000000,1,224439.631346,329745,33554432,0.000,1.403066,0.018663,-1.014118,0.000000,0.000000,0.000000,0.000000,0.000000,-0.000000
17020724863,1763340339403981141,0.000000000,0.000000000,1,224439.638346,329745,33554432,0.000,1.403067,0.018658,-1.014095,0.000000,0.000000,0.000000,0.000000,0.000000,-0.000000
17027680300,1763340339410936598,0.000000000,0.000000000,1,224439.645346,329745,33554432,0.000,1.403060,0.018662,-1.014097,0.000000,0.000000,0.000000,0.000000,0.000000,-0.000000
17034737108,1763340339417993406,0.000000000,0.000000000,1,224439.652346,329745,33554432,0.000,1.403056,0.018659,-1.014092,0.000000,0.000000,0.000000,0.000000,0.000000,-0.000000
17041793768,1763340339425050047,0.000000000,0.000000000,1,224439.659346,329745,33554432,0.000,1.403060,0.018659,-1.014091,0.000000,0.000000,0.000000,0.000000,0.000000,-0.000000
17048691669,1763340339431947948,0.000000000,0.000000000,1,224439.666346,329745,33554432,0.000,1.403061,0.018650,-1.014085,0.000000,0.000000,0.000000,0.000000,0.000000,-0.000000
17055748495,1763340339439004774,0.000000000,0.000000000,1,224439.673346,329745,33554432,0.000,1.403068,0.018650,-1.014084,0.000000,0.000000,0.000000,0.000000,0.000000,-0.000000
17062804766,1763340339446061063,0.000000000,0.000000000,1,224439.680346,329745,33554432,0.000,1.403067,0.018656,-1.014078,0.000000,0.000000,0.000000,0.000000,0.000000,-0.000000
17069735834,1763340339452992001,0.000000000,0.000000000,1,224439.687346,329745,33554432,0.000,1.403065,0.018653,-1.014070,0.000000,0.000000,0.000000,0.000000,0.000000,-0.000000
17076793623,1763340339460049920,0.000000000,0.000000000,1,224439.694346,329745,33554432,0.000,1.403062,0.018656,-1.014065,0.000000,0.000000,0.000000,0.000000,0.000000,-0.000000
17083698431,1763340339466954729,0.000000000,0.000000000,1,224439.701346,329745,33554432,0.000,1.403067,0.018656,-1.014060,0.000000,0.000000,0.000000,0.000000,0.000000,-0.000000
17090792757,1763340339474049055,0.000000000,0.000000000,1,224439.708346,329745,33554432,0.000,1.403067,0.018659,-1.014038,0.000000,0.000000,0.000000,0.000000,0.000000,-0.000000
17097692584,1763340339480948882,0.000000000,0.000000000,1,224439.715346,329745,33554432,0.000,1.403063,0.018657,-1.014028,0.000000,0.000000,0.000000,0.000000,0.000000,-0.000000
17104762096,1763340339488018393,0.000000000,0.000000000,1,224439.722346,329745,33554432,0.000,1.403068,0.018652,-1.014018,0.000000,0.000000,0.000000,0.000000,0.000000,-0.000000
17111670015,1763340339494926313,0.000000000,0.000000000,1,224439.729346,329745,33554432,0.000,1.403071,0.018645,-1.014019,0.000000,0.000000,0.000000,0.000000,0.000000,-0.000000
17118727860,1763340339501984139,0.000000000,0.000000000,1,224439.736346,329745,33554432,0.000,1.403072,0.018637,-1.014005,0.000000,0.000000,0.000000,0.000000,0.000000,-0.000000
17125785372,1763340339509041669,0.000000000,0.000000000,1,224439.743346,329745,33554432,0.000,1.403075,0.018640,-1.014005,0.000000,0.000000,0.000000,0.000000,0.000000,-0.000000
17132727513,1763340339515983792,0.000000000,0.000000000,1,224439.750346,329745,33554432,0.000,1.403064,0.018649,-1.014006,0.000000,0.000000,0.000000,0.000000,0.000000,-0.000000
17139800840,1763340339523057119,0.000000000,0.000000000,1,224439.757346,329745,33554432,0.000,1.403074,0.018655,-1.014010,0.000000,0.000000,0.000000,0.000000,0.000000,-0.000000
17146806370,1763340339530062538,0.000000000,0.000000000,1,224439.764346,329745,33554432,0.000,1.403070,0.018657,-1.014011,0.000000,0.000000,0.000000,0.000000,0.000000,-0.000000
17153730623,1763340339536986902,0.000000000,0.000000000,1,224439.771346,329745,33554432,0.000,1.403072,0.018659,-1.014011,0.000000,0.000000,0.000000,0.000000,0.000000,-0.000000
17160805819,1763340339544062098,0.000000000,0.000000000,1,224439.778346,329745,33554432,0.000,1.403071,0.018662,-1.014004,0.000000,0.000000,0.000000,0.000000,0.000000,-0.000000
17167805387,1763340339551061684,0.000000000,0.000000000,1,224439.785346,329745,33554432,0.000,1.403074,0.018656,-1.014001,0.000000,0.000000,0.000000,0.000000,0.000000,-0.000000
17174720065,1763340339557976344,0.000000000,0.000000000,1,224439.792346,329745,33554432,0.000,1.403070,0.018652,-1.014015,0.000000,0.000000,0.000000,0.000000,0.000000,-0.000000
17181779947,1763340339565036226,0.000000000,0.000000000,1,224439.799346,329745,33554432,0.000,1.403067,0.018651,-1.014023,0.000000,0.000000,0.000000,0.000000,0.000000,-0.000000
17188681737,1763340339571938034,0.000000000,0.000000000,1,224439.806346,329745,33554432,0.000,1.403070,0.018664,-1.014030,0.000000,0.000000,0.000000,0.000000,0.000000,-0.000000
17195783952,1763340339579040101,0.000000000,0.000000000,1,224439.813346,329745,33554432,0.000,1.403083,0.018669,-1.014028,0.000000,0.000000,0.000000,0.000000,0.000000,-0.000000
17202717260,1763340339585973539,0.000000000,0.000000000,1,224439.820346,329745,33554432,0.000,1.403070,0.018666,-1.014030,0.000000,0.000000,0.000000,0.000000,0.000000,-0.000000
17209790994,1763340339593047273,0.000000000,0.000000000,1,224439.827346,329745,33554432,0.000,1.403067,0.018669,-1.014041,0.000000,0.000000,0.000000,0.000000,0.000000,-0.000000
17216695858,1763340339599952155,0.000000000,0.000000000,1,224439.834346,329745,33554432,0.000,1.403056,0.018674,-1.014044,0.000000,0.000000,0.000000,0.000000,0.000000,-0.000000
17223754833,1763340339607011130,0.000000000,0.000000000,1,224439.841346,329745,33554432,0.000,1.403059,0.018679,-1.014049,0.000000,0.000000,0.000000,0.000000,0.000000,-0.000000
17230715752,1763340339613972031,0.000000000,0.000000000,1,224439.848346,329745,33554432,0.000,1.403057,0.018681,-1.014031,0.000000,0.000000,0.000000,0.000000,0.000000,-0.000000
17237775300,1763340339621031579,0.000000000,0.000000000,1,224439.855346,329745,33554432,0.000,1.403052,0.018683,-1.014033,0.000000,0.000000,0.000000,0.000000,0.000000,-0.000000
17244696794,1763340339627953073,0.000000000,0.000000000,1,224439.862346,329745,33554432,0.000,1.403063,0.018698,-1.014025,0.000000,0.000000,0.000000,0.000000,0.000000,-0.000000
17251776324,1763340339635032621,0.000000000,0.000000000,1,224439.869346,329745,33554432,0.000,1.403067,0.018693,-1.014026,0.000000,0.000000,0.000000,0.000000,0.000000,-0.000000
17258694317,1763340339641950596,0.000000000,0.000000000,1,224439.876346,329745,33554432,0.000,1.403068,0.018701,-1.014021,0.000000,0.000000,0.000000,0.000000,0.000000,-0.000000
17267550897,1763340339650807212,0.000000000,0.000000000,1,224439.883346,329745,33554432,0.000,1.403071,0.018699,-1.014031,0.000000,0.000000,0.000000,0.000000,0.000000,-0.000000
17272884137,1763340339656140286,0.000000000,0.000000000,1,224439.890346,329745,33554432,0.000,1.403071,0.018691,-1.014030,0.000000,0.000000,0.000000,0.000000,0.000000,-0.000000
17279742204,1763340339662998354,0.000000000,0.000000000,1,224439.897346,329745,33554432,0.000,1.403067,0.018694,-1.014036,0.000000,0.000000,0.000000,0.000000,0.000000,-0.000000
17286808234,1763340339670064402,0.000000000,0.000000000,1,224439.904346,329745,33554432,0.000,1.403062,0.018683,-1.014024,0.000000,0.000000,0.000000,0.000000,0.000000,-0.000000
17293742283,1763340339676998618,0.000000000,0.000000000,1,224439.911346,329745,33554432,0.000,1.403068,0.018677,-1.014025,0.000000,0.000000,0.000000,0.000000,0.000000,-0.000000
17300799295,1763340339684055592,0.000000000,0.000000000,1,224439.918346,329745,33554432,0.000,1.403072,0.018680,-1.014015,0.000000,0.000000,0.000000,0.000000,0.000000,-0.000000
17307732770,1763340339690989049,0.000000000,0.000000000,1,224439.925346,329745,33554432,0.000,1.403074,0.018681,-1.014015,0.000000,0.000000,0.000000,0.000000,0.000000,-0.000000
17314804670,1763340339698060949,0.000000000,0.000000000,1,224439.932346,329745,33554432,0.000,1.403065,0.018681,-1.014016,0.000000,0.000000,0.000000,0.000000,0.000000,-0.000000
17321689701,1763340339704945869,0.000000000,0.000000000,1,224439.939346,329745,33554432,0.000,1.403070,0.018679,-1.014025,0.000000,0.000000,0.000000,0.000000,0.000000,-0.000000
17328802842,1763340339712059121,0.000000000,0.000000000,1,224439.946346,329745,33554432,0.000,1.403069,0.018692,-1.014022,0.000000,0.000000,0.000000,0.000000,0.000000,-0.000000
17335808391,1763340339719064670,0.000000000,0.000000000,1,224439.953346,329745,33554432,0.000,1.403066,0.018688,-1.014026,0.000000,0.000000,0.000000,0.000000,0.000000,-0.000000
17342764569,1763340339726020737,0.000000000,0.000000000,1,224439.960346,329745,33554432,0.000,1.403069,0.018675,-1.014008,0.000000,0.000000,0.000000,0.000000,0.000000,-0.000000
17349721303,1763340339732977582,0.000000000,0.000000000,1,224439.967346,329745,33554432,0.000,1.403071,0.018670,-1.014010,0.000000,0.000000,0.000000,0.000000,0.000000,-0.000000
17356669593,1763340339739925650,0.000000000,0.000000000,1,224439.974346,329745,33554432,0.000,1.403067,0.018662,-1.014006,0.000000,0.000000,0.000000,0.000000,0.000000,-0.000000
17363789530,1763340339747045550,0.000000000,0.000000000,1,224439.981346,329745,33554432,0.000,1.403064,0.018660,-1.014010,0.000000,0.000000,0.000000,0.000000,0.000000,-0.000000
17370690802,1763340339753947081,0.000000000,0.000000000,1,224439.988346,329745,33554432,0.000,1.403057,0.018676,-1.014012,0.000000,0.000000,0.000000,0.000000,0.000000,-0.000000
17377755850,1763340339761012129,0.000000000,0.000000000,1,224439.995346,329745,33554432,0.000,1.403060,0.018671,-1.014008,0.000000,0.000000,0.000000,0.000000,0.000000,-0.000000
17384665548,1763340339767921826,0.000000000,0.000000000,1,224440.002346,329745,33554432,0.000,1.403065,0.018663,-1.013993,0.000000,0.000000,0.000000,0.000000,0.000000,-0.000000
17391751652,1763340339775007949,0.000000000,0.000000000,1,224440.009346,329745,33554432,0.000,1.403062,0.018665,-1.013985,0.000000,0.000000,0.000000,0.000000,0.000000,-0.000000
17398695867,1763340339781952053,0.000000000,0.000000000,1,224440.016346,329745,33554432,0.000,1.403076,0.018666,-1.013978,0.000000,0.000000,0.000000,0.000000,0.000000,-0.000000
17405771471,1763340339789027658,0.000000000,0.000000000,1,224440.023346,329745,33554432,0.000,1.403083,0.018663,-1.013980,0.000000,0.000000,0.000000,0.000000,0.000000,-0.000000
17412829075,1763340339796085373,0.000000000,0.000000000,1,224440.030346,329745,33554432,0.000,1.403082,0.018666,-1.013978,0.000000,0.000000,0.000000,0.000000,0.000000,-0.000000
17419809698,1763340339803065866,0.000000000,0.000000000,1,224440.037346,329745,33554432,0.000,1.403070,0.018664,-1.013977,0.000000,0.000000,0.000000,0.000000,0.000000,-0.000000
17426756877,1763340339810012989,0.000000000,0.000000000,1,224440.044346,329745,33554432,0.000,1.403055,0.018674,-1.013978,0.000000,0.000000,0.000000,0.000000,0.000000,-0.000000
17433815555,1763340339817071852,0.000000000,0.000000000,1,224440.051346,329745,33554432,0.000,1.403062,0.018682,-1.013963,0.000000,0.000000,0.000000,0.000000,0.000000,-0.000000
17440715475,1763340339823971753,0.000000000,0.000000000,1,224440.058346,329745,33554432,0.000,1.403062,0.018673,-1.013957,0.000000,0.000000,0.000000,0.000000,0.000000,-0.000000
17447772171,1763340339831028450,0.000000000,0.000000000,1,224440.065346,329745,33554432,0.000,1.403055,0.018673,-1.013957,0.000000,0.000000,0.000000,0.000000,0.000000,-0.000000
17454836053,1763340339838092332,0.000000000,0.000000000,1,224440.072346,329745,33554432,0.000,1.403058,0.018673,-1.013953,0.000000,0.000000,0.000000,0.000000,0.000000,-0.000000
17461741028,1763340339844997307,0.000000000,0.000000000,1,224440.079346,329745,33554432,0.000,1.403059,0.018667,-1.013957,0.000000,0.000000,0.000000,0.000000,0.000000,-0.000000
17468682522,1763340339851938801,0.000000000,0.000000000,1,224440.086346,329745,33554432,0.000,1.403067,0.018668,-1.013964,0.000000,0.000000,0.000000,0.000000,0.000000,-0.000000
17475752904,1763340339859009182,0.000000000,0.000000000,1,224440.093346,329745,33554432,0.000,1.403076,0.018678,-1.013967,0.000000,0.000000,0.000000,0.000000,0.000000,-0.000000
17482663101,1763340339865919380,0.000000000,0.000000000,1,224440.100346,329745,33554432,0.000,1.403075,0.018684,-1.013965,0.000000,0.000000,0.000000,0.000000,0.000000,-0.000000
17489755409,1763340339873011669,0.000000000,0.000000000,1,224440.107346,329745,33554432,0.000,1.403089,0.018689,-1.013961,0.000000,0.000000,0.000000,0.000000,0.000000,-0.000000
17496814179,1763340339880070458,0.000000000,0.000000000,1,224440.114346,329745,33554432,0.000,1.403082,0.018687,-1.013960,0.000000,0.000000,0.000000,0.000000,0.000000,-0.000000
17503674988,1763340339886931137,0.000000000,0.000000000,1,224440.121346,329745,33554432,0.000,1.403088,0.018690,-1.013958,0.000000,0.000000,0.000000,0.000000,0.000000,-0.000000
17510732277,1763340339893988556,0.000000000,0.000000000,1,224440.128346,329745,33554432,0.000,1.403084,0.018692,-1.013962,0.000000,0.000000,0.000000,0.000000,0.000000,-0.000000
17517791215,1763340339901047512,0.000000000,0.000000000,1,224440.135346,329745,33554432,0.000,1.403085,0.018700,-1.013963,0.000000,0.000000,0.000000,0.000000,0.000000,-0.000000
17524689745,1763340339907946043,0.000000000,0.000000000,1,224440.142346,329745,33554432,0.000,1.403072,0.018706,-1.013957,0.000000,0.000000,0.000000,0.000000,0.000000,-0.000000
17531807479,1763340339915063758,0.000000000,0.000000000,1,224440.149346,329745,33554432,0.000,1.403077,0.018709,-1.013949,0.000000,0.000000,0.000000,0.000000,0.000000,-0.000000
17538717009,1763340339921973307,0.000000000,0.000000000,1,224440.156346,329745,33554432,0.000,1.403061,0.018710,-1.013948,0.000000,0.000000,0.000000,0.000000,0.000000,-0.000000
17545774002,1763340339929030300,0.000000000,0.000000000,1,224440.163346,329745,33554432,0.000,1.403058,0.018713,-1.013953,0.000000,0.000000,0.000000,0.000000,0.000000,-0.000000
17552838125,1763340339936094404,0.000000000,0.000000000,1,224440.170346,329745,33554432,0.000,1.403044,0.018703,-1.013956,0.000000,0.000000,0.000000,0.000000,0.000000,-0.000000
17559776785,1763340339943033064,0.000000000,0.000000000,1,224440.177346,329745,33554432,0.000,1.403048,0.018702,-1.013952,0.000000,0.000000,0.000000,0.000000,0.000000,-0.000000
17566718205,1763340339949974483,0.000000000,0.000000000,1,224440.184346,329745,33554432,0.000,1.403037,0.018702,-1.013957,0.000000,0.000000,0.000000,0.000000,0.000000,-0.000000
17573806716,1763340339957062921,0.000000000,0.000000000,1,224440.191346,329745,33554432,0.000,1.403038,0.018704,-1.013958,0.000000,0.000000,0.000000,0.000000,0.000000,-0.000000
17580717043,1763340339963973340,0.000000000,0.000000000,1,224440.198346,329745,33554432,0.000,1.403044,0.018705,-1.013950,0.000000,0.000000,0.000000,0.000000,0.000000,-0.000000
17587795517,1763340339971051574,0.000000000,0.000000000,1,224440.205346,329745,33554432,0.000,1.403045,0.018709,-1.013945,0.000000,0.000000,0.000000,0.000000,0.000000,-0.000000
17594749270,1763340339978005549,0.000000000,0.000000000,1,224440.212346,329745,33554432,0.000,1.403045,0.018714,-1.013950,0.000000,0.000000,0.000000,0.000000,0.000000,-0.000000
17601807967,1763340339985064245,0.000000000,0.000000000,1,224440.219346,329745,33554432,0.000,1.403046,0.018714,-1.013940,0.000000,0.000000,0.000000,0.000000,0.000000,-0.000000
17608718460,1763340339991974739,0.000000000,0.000000000,1,224440.226346,329745,33554432,0.000,1.403057,0.018706,-1.013942,0.000000,0.000000,0.000000,0.000000,0.000000,-0.000000
17615776305,1763340339999032584,0.000000000,0.000000000,1,224440.233346,329745,33554432,0.000,1.403054,0.018705,-1.013934,0.000000,0.000000,0.000000,0.000000,0.000000,-0.000000
17622683058,1763340340005939337,0.000000000,0.000000000,1,224440.240346,329745,33554432,0.000,1.403054,0.018715,-1.013928,0.000000,0.000000,0.000000,0.000000,0.000000,-0.000000
17629791884,1763340340013048181,0.000000000,0.000000000,1,224440.247346,329745,33554432,0.000,1.403061,0.018716,-1.013931,0.000000,0.000000,0.000000,0.000000,0.000000,-0.000000
17636689952,1763340340019946249,0.000000000,0.000000000,1,224440.254346,329745,33554432,0.000,1.403074,0.018717,-1.013929,0.000000,0.000000,0.000000,0.000000,0.000000,-0.000000
17643759093,1763340340027015390,0.000000000,0.000000000,1,224440.261346,329745,33554432,0.000,1.403071,0.018721,-1.013927,0.000000,0.000000,0.000000,0.000000,0.000000,-0.000000
17650678753,1763340340033935032,0.000000000,0.000000000,1,224440.268346,329745,33554432,0.000,1.403061,0.018730,-1.013919,0.000000,0.000000,0.000000,0.000000,0.000000,-0.000000
17657752264,1763340340041008451,0.000000000,0.000000000,1,224440.275346,329745,33554432,0.000,1.403060,0.018727,-1.013918,0.000000,0.000000,0.000000,0.000000,0.000000,-0.000000
17664687517,1763340340047943815,0.000000000,0.000000000,1,224440.282346,329745,33554432,0.000,1.403083,0.018725,-1.013917,0.000000,0.000000,0.000000,0.000000,0.000000,-0.000000
17671765788,1763340340055022085,0.000000000,0.000000000,1,224440.289346,329745,33554432,0.000,1.403092,0.018717,-1.013924,0.000000,0.000000,0.000000,0.000000,0.000000,-0.000000
17678683263,1763340340061939542,0.000000000,0.000000000,1,224440.296346,329745,33554432,0.000,1.403093,0.018719,-1.013912,0.000000,0.000000,0.000000,0.000000,0.000000,-0.000000
17685755756,1763340340069012053,0.000000000,0.000000000,1,224440.303346,329745,33554432,0.000,1.403085,0.018719,-1.013914,0.000000,0.000000,0.000000,0.000000,0.000000,-0.000000
17692839101,1763340340076095398,0.000000000,0.000000000,1,224440.310346,329745,33554432,0.000,1.403097,0.018730,-1.013909,0.000000,0.000000,0.000000,0.000000,0.000000,-0.000000
17699751242,1763340340083007540,0.000000000,0.000000000,1,224440.317346,329745,33554432,0.000,1.403094,0.018733,-1.013911,0.000000,0.000000,0.000000,0.000000,0.000000,-0.000000
17706782384,1763340340090038551,0.000000000,0.000000000,1,224440.324346,329745,33554432,0.000,1.403104,0.018732,-1.013909,0.000000,0.000000,0.000000,0.000000,0.000000,-0.000000
17713685988,1763340340096942267,0.000000000,0.000000000,1,224440.331346,329745,33554432,0.000,1.403103,0.018735,-1.013905,0.000000,0.000000,0.000000,0.000000,0.000000,-0.000000
17720765852,1763340340104022130,0.000000000,0.000000000,1,224440.338346,329745,33554432,0.000,1.403115,0.018727,-1.013901,0.000000,0.000000,0.000000,0.000000,0.000000,-0.000000
17727712364,1763340340110968550,0.000000000,0.000000000,1,224440.345346,329745,33554432,0.000,1.403116,0.018738,-1.013899,0.000000,0.000000,0.000000,0.000000,0.000000,-0.000000
17734770745,1763340340118027024,0.000000000,0.000000000,1,224440.352346,329745,33554432,0.000,1.403125,0.018738,-1.013896,0.000000,0.000000,0.000000,0.000000,0.000000,-0.000000
17741683758,1763340340124940055,0.000000000,0.000000000,1,224440.359346,329745,33554432,0.000,1.403123,0.018739,-1.013905,0.000000,0.000000,0.000000,0.000000,0.000000,-0.000000
17748809917,1763340340132066177,0.000000000,0.000000000,1,224440.366346,329745,33554432,0.000,1.403119,0.018741,-1.013903,0.000000,0.000000,0.000000,0.000000,0.000000,-0.000000
17755712577,1763340340138968875,0.000000000,0.000000000,1,224440.373346,329745,33554432,0.000,1.403125,0.018751,-1.013904,0.000000,0.000000,0.000000,0.000000,0.000000,-0.000000
17762770533,1763340340146026831,0.000000000,0.000000000,1,224440.380346,329745,33554432,0.000,1.403123,0.018744,-1.013910,0.000000,0.000000,0.000000,0.000000,0.000000,-0.000000
17769763082,1763340340153019324,0.000000000,0.000000000,1,224440.387346,329745,33554432,0.000,1.403130,0.018742,-1.013904,0.000000,0.000000,0.000000,0.000000,0.000000,-0.000000
17776688464,1763340340159944743,0.000000000,0.000000000,1,224440.394346,329745,33554432,0.000,1.403125,0.018745,-1.013902,0.000000,0.000000,0.000000,0.000000,0.000000,-0.000000
17783778679,1763340340167034847,0.000000000,0.000000000,1,224440.401346,329745,33554432,0.000,1.403132,0.018742,-1.013898,0.000000,0.000000,0.000000,0.000000,0.000000,-0.000000
17790777154,1763340340174033489,0.000000000,0.000000000,1,224440.408346,329745,33554432,0.000,1.403119,0.018741,-1.013907,0.000000,0.000000,0.000000,0.000000,0.000000,-0.000000
17797783481,1763340340181039834,0.000000000,0.000000000,1,224440.415346,329745,33554432,0.000,1.403122,0.018746,-1.013898,0.000000,0.000000,0.000000,0.000000,0.000000,-0.000000
17804688141,1763340340187944309,0.000000000,0.000000000,1,224440.422346,329745,33554432,0.000,1.403125,0.018750,-1.013884,0.000000,0.000000,0.000000,0.000000,0.000000,-0.000000
17811714671,1763340340194970969,0.000000000,0.000000000,1,224440.429346,329745,33554432,0.000,1.403124,0.018749,-1.013889,0.000000,0.000000,0.000000,0.000000,0.000000,-0.000000
17818780016,1763340340202036295,0.000000000,0.000000000,1,224440.436346,329745,33554432,0.000,1.403117,0.018752,-1.013879,0.000000,0.000000,0.000000,0.000000,0.000000,-0.000000
17825692324,1763340340208948492,0.000000000,0.000000000,1,224440.443346,329745,33554432,0.000,1.403113,0.018749,-1.013881,0.000000,0.000000,0.000000,0.000000,0.000000,-0.000000
17832766373,1763340340216022467,0.000000000,0.000000000,1,224440.450346,329745,33554432,0.000,1.403110,0.018741,-1.013876,0.000000,0.000000,0.000000,0.000000,0.000000,-0.000000
17839709903,1763340340222966071,0.000000000,0.000000000,1,224440.457346,329745,33554432,0.000,1.403104,0.018742,-1.013873,0.000000,0.000000,0.000000,0.000000,0.000000,-0.000000
17846767989,1763340340230024286,0.000000000,0.000000000,1,224440.464346,329745,33554432,0.000,1.403103,0.018742,-1.013875,0.000000,0.000000,0.000000,0.000000,0.000000,-0.000000
17853823778,1763340340237080076,0.000000000,0.000000000,1,224440.471346,329745,33554432,0.000,1.403108,0.018734,-1.013872,0.000000,0.000000,0.000000,0.000000,0.000000,-0.000000
17860679976,1763340340243936273,0.000000000,0.000000000,1,224440.478346,329745,33554432,0.000,1.403109,0.018734,-1.013859,0.000000,0.000000,0.000000,0.000000,0.000000,-0.000000
17867662654,1763340340250918933,0.000000000,0.000000000,1,224440.485346,329745,33554432,0.000,1.403103,0.018734,-1.013859,0.000000,0.000000,0.000000,0.000000,0.000000,-0.000000
17874720258,1763340340257976537,0.000000000,0.000000000,1,224440.492346,329745,33554432,0.000,1.403104,0.018732,-1.013862,0.000000,0.000000,0.000000,0.000000,0.000000,-0.000000
17881788288,1763340340265044586,0.000000000,0.000000000,1,224440.499346,329745,33554432,0.000,1.403111,0.018738,-1.013856,0.000000,0.000000,0.000000,0.000000,0.000000,-0.000000
17888686560,1763340340271942857,0.000000000,0.000000000,1,224440.506346,329745,33554432,0.000,1.403110,0.018735,-1.013860,0.000000,0.000000,0.000000,0.000000,0.000000,-0.000000
17895770127,1763340340279026406,0.000000000,0.000000000,1,224440.513346,329745,33554432,0.000,1.403106,0.018734,-1.013859,0.000000,0.000000,0.000000,0.000000,0.000000,-0.000000
17902681824,1763340340285938066,0.000000000,0.000000000,1,224440.520346,329745,33554432,0.000,1.403102,0.018737,-1.013860,0.000000,0.000000,0.000000,0.000000,0.000000,-0.000000
17909765465,1763340340293021744,0.000000000,0.000000000,1,224440.527346,329745,33554432,0.000,1.403111,0.018745,-1.013854,0.000000,0.000000,0.000000,0.000000,0.000000,-0.000000
17916822606,1763340340300078904,0.000000000,0.000000000,1,224440.534346,329745,33554432,0.000,1.403107,0.018750,-1.013864,0.000000,0.000000,0.000000,0.000000,0.000000,-0.000000
17923722137,1763340340306978416,0.000000000,0.000000000,1,224440.541346,329745,33554432,0.000,1.403111,0.018756,-1.013866,0.000000,0.000000,0.000000,0.000000,0.000000,-0.000000
17930803945,1763340340314060223,0.000000000,0.000000000,1,224440.548346,329745,33554432,0.000,1.403111,0.018765,-1.013865,0.000000,0.000000,0.000000,0.000000,0.000000,-0.000000
17937726475,1763340340320982772,0.000000000,0.000000000,1,224440.555346,329745,33554432,0.000,1.403105,0.018769,-1.013862,0.000000,0.000000,0.000000,0.000000,0.000000,-0.000000
17944695524,1763340340327951692,0.000000000,0.000000000,1,224440.562346,329745,33554432,0.000,1.403103,0.018767,-1.013855,0.000000,0.000000,0.000000,0.000000,0.000000,-0.000000
17951773554,1763340340335029851,0.000000000,0.000000000,1,224440.569346,329745,33554432,0.000,1.403111,0.018770,-1.013848,0.000000,0.000000,0.000000,0.000000,0.000000,-0.000000
17958841325,1763340340342097622,0.000000000,0.000000000,1,224440.576346,329745,33554432,0.000,1.403115,0.018763,-1.013844,0.000000,0.000000,0.000000,0.000000,0.000000,-0.000000
17965771892,1763340340349028171,0.000000000,0.000000000,1,224440.583346,329745,33554432,0.000,1.403118,0.018759,-1.013844,0.000000,0.000000,0.000000,0.000000,0.000000,-0.000000
17972838478,1763340340356094775,0.000000000,0.000000000,1,224440.590346,329745,33554432,0.000,1.403126,0.018753,-1.013847,0.000000,0.000000,0.000000,0.000000,0.000000,-0.000000
17979763471,1763340340363019769,0.000000000,0.000000000,1,224440.597346,329745,33554432,0.000,1.403122,0.018757,-1.013843,0.000000,0.000000,0.000000,0.000000,0.000000,-0.000000
17986662724,1763340340369919022,0.000000000,0.000000000,1,224440.604346,329745,33554432,0.000,1.403111,0.018751,-1.013835,0.000000,0.000000,0.000000,0.000000,0.000000,-0.000000
17993765402,1763340340377021681,0.000000000,0.000000000,1,224440.611346,329745,33554432,0.000,1.403111,0.018746,-1.013835,0.000000,0.000000,0.000000,0.000000,0.000000,-0.000000
18000824414,1763340340384080730,0.000000000,0.000000000,1,224440.618346,329745,33554432,0.000,1.403108,0.018744,-1.013821,0.000000,0.000000,0.000000,0.000000,0.000000,-0.000000
18007723555,1763340340390979594,0.000000000,0.000000000,1,224440.625346,329745,33554432,0.000,1.403112,0.018742,-1.013827,0.000000,0.000000,0.000000,0.000000,0.000000,-0.000000
18014801160,1763340340398057327,0.000000000,0.000000000,1,224440.632346,329745,33554432,0.000,1.403117,0.018743,-1.013829,0.000000,0.000000,0.000000,0.000000,0.000000,-0.000000
18021732690,1763340340404988710,0.000000000,0.000000000,1,224440.639346,329745,33554432,0.000,1.403118,0.018743,-1.013826,0.000000,0.000000,0.000000,0.000000,0.000000,-0.000000
18028699869,1763340340411956166,0.000000000,0.000000000,1,224440.646346,329745,33554432,0.000,1.403126,0.018739,-1.013822,0.000000,0.000000,0.000000,0.000000,0.000000,-0.000000
18035771713,1763340340419028011,0.000000000,0.000000000,1,224440.653346,329745,33554432,0.000,1.403127,0.018738,-1.013822,0.000000,0.000000,0.000000,0.000000,0.000000,-0.000000
18042833873,1763340340426090152,0.000000000,0.000000000,1,224440.660346,329745,33554432,0.000,1.403123,0.018729,-1.013816,0.000000,0.000000,0.000000,0.000000,0.000000,-0.000000
18049755867,1763340340433012145,0.000000000,0.000000000,1,224440.667346,329745,33554432,0.000,1.403130,0.018726,-1.013814,0.000000,0.000000,0.000000,0.000000,0.000000,-0.000000
18056668805,1763340340439925102,0.000000000,0.000000000,1,224440.674346,329745,33554432,0.000,1.403131,0.018726,-1.013809,0.000000,0.000000,0.000000,0.000000,0.000000,-0.000000
18063745760,1763340340447002002,0.000000000,0.000000000,1,224440.681346,329745,33554432,0.000,1.403136,0.018722,-1.013817,0.000000,0.000000,0.000000,0.000000,0.000000,-0.000000
18070813328,1763340340454069643,0.000000000,0.000000000,1,224440.688346,329745,33554432,0.000,1.403138,0.018713,-1.013814,0.000000,0.000000,0.000000,0.000000,0.000000,-0.000000
18077720858,1763340340460977137,0.000000000,0.000000000,1,224440.695346,329745,33554432,0.000,1.403135,0.018711,-1.013815,0.000000,0.000000,0.000000,0.000000,0.000000,-0.000000
18084789203,1763340340468045500,0.000000000,0.000000000,1,224440.702346,329745,33554432,0.000,1.403111,0.018709,-1.013805,0.000000,0.000000,0.000000,0.000000,0.000000,-0.000000
18091703456,1763340340474959753,0.000000000,0.000000000,1,224440.709346,329745,33554432,0.000,1.403118,0.018717,-1.013808,0.000000,0.000000,0.000000,0.000000,0.000000,-0.000000
18098760412,1763340340482016709,0.000000000,0.000000000,1,224440.716346,329745,33554432,0.000,1.403121,0.018717,-1.013813,0.000000,0.000000,0.000000,0.000000,0.000000,-0.000000
18105832682,1763340340489088961,0.000000000,0.000000000,1,224440.723346,329745,33554432,0.000,1.403122,0.018713,-1.013812,0.000000,0.000000,0.000000,0.000000,0.000000,-0.000000
18112731380,1763340340495987677,0.000000000,0.000000000,1,224440.730346,329745,33554432,0.000,1.403106,0.018707,-1.013816,0.000000,0.000000,0.000000,0.000000,0.000000,-0.000000
18119666355,1763340340502922634,0.000000000,0.000000000,1,224440.737346,329745,33554432,0.000,1.403116,0.018712,-1.013817,0.000000,0.000000,0.000000,0.000000,0.000000,-0.000000
18126773051,1763340340510029089,0.000000000,0.000000000,1,224440.744346,329745,33554432,0.000,1.403107,0.018712,-1.013822,0.000000,0.000000,0.000000,0.000000,0.000000,-0.000000
18133696174,1763340340516952453,0.000000000,0.000000000,1,224440.751346,329745,33554432,0.000,1.403106,0.018721,-1.013817,0.000000,0.000000,0.000000,0.000000,0.000000,-0.000000
18140760353,1763340340524016631,0.000000000,0.000000000,1,224440.758346,329745,33554432,0.000,1.403112,0.018727,-1.013810,0.000000,0.000000,0.000000,0.000000,0.000000,-0.000000
18147822346,1763340340531078643,0.000000000,0.000000000,1,224440.765346,329745,33554432,0.000,1.403121,0.018732,-1.013809,0.000000,0.000000,0.000000,0.000000,0.000000,-0.000000
18154746376,1763340340538002655,0.000000000,0.000000000,1,224440.772346,329745,33554432,0.000,1.403117,0.018724,-1.013809,0.000000,0.000000,0.000000,0.000000,0.000000,-0.000000
18161805054,1763340340545061352,0.000000000,0.000000000,1,224440.779346,329745,33554432,0.000,1.403114,0.018725,-1.013809,0.000000,0.000000,0.000000,0.000000,0.000000,-0.000000
18168761659,1763340340552017938,0.000000000,0.000000000,1,224440.786346,329745,33554432,0.000,1.403110,0.018723,-1.013801,0.000000,0.000000,0.000000,0.000000,0.000000,-0.000000
18175672912,1763340340558929209,0.000000000,0.000000000,1,224440.793346,329745,33554432,0.000,1.403112,0.018722,-1.013805,0.000000,0.000000,0.000000,0.000000,0.000000,-0.000000
18182731368,1763340340565987665,0.000000000,0.000000000,1,224440.800346,329745,33554432,0.000,1.403107,0.018725,-1.013791,0.000000,0.000000,0.000000,0.000000,0.000000,-0.000000
18189831509,1763340340573087750,0.000000000,0.000000000,1,224440.807346,329745,33554432,0.000,1.403100,0.018732,-1.013781,0.000000,0.000000,0.000000,0.000000,0.000000,-0.000000
18196779817,1763340340580035985,0.000000000,0.000000000,1,224440.814346,329745,33554432,0.000,1.403097,0.018738,-1.013785,0.000000,0.000000,0.000000,0.000000,0.000000,-0.000000
18203682922,1763340340586939200,0.000000000,0.000000000,1,224440.821346,329745,33554432,0.000,1.403100,0.018738,-1.013779,0.000000,0.000000,0.000000,0.000000,0.000000,-0.000000
18210760748,1763340340594016916,0.000000000,0.000000000,1,224440.828346,329745,33554432,0.000,1.403096,0.018726,-1.013776,0.000000,0.000000,0.000000,0.000000,0.000000,-0.000000
18217676927,1763340340600933113,0.000000000,0.000000000,1,224440.835346,329745,33554432,0.000,1.403093,0.018717,-1.013775,0.000000,0.000000,0.000000,0.000000,0.000000,-0.000000
18224737512,1763340340607993809,0.000000000,0.000000000,1,224440.842346,329745,33554432,0.000,1.403090,0.018719,-1.013769,0.000000,0.000000,0.000000,0.000000,0.000000,-0.000000
18231840949,1763340340615097080,0.000000000,0.000000000,1,224440.849346,329745,33554432,0.000,1.403080,0.018712,-1.013772,0.000000,0.000000,0.000000,0.000000,0.000000,-0.000000
18238754350,1763340340622010629,0.000000000,0.000000000,1,224440.856346,329745,33554432,0.000,1.403071,0.018720,-1.013769,0.000000,0.000000,0.000000,0.000000,0.000000,-0.000000
18245811806,1763340340629068085,0.000000000,0.000000000,1,224440.863346,329745,33554432,0.000,1.403067,0.018722,-1.013767,0.000000,0.000000,0.000000,0.000000,0.000000,-0.000000
18252744207,1763340340636000505,0.000000000,0.000000000,1,224440.870346,329745,33554432,0.000,1.403052,0.018727,-1.013758,0.000000,0.000000,0.000000,0.000000,0.000000,-0.000000
18259821422,1763340340643077701,0.000000000,0.000000000,1,224440.877346,329745,33554432,0.000,1.403057,0.018725,-1.013755,0.000000,0.000000,0.000000,0.000000,0.000000,-0.000000
18266686324,1763340340649942510,0.000000000,0.000000000,1,224440.884346,329745,33554432,0.000,1.403065,0.018727,-1.013763,0.000000,0.000000,0.000000,0.000000,0.000000,-0.000000
18273788261,1763340340657044447,0.000000000,0.000000000,1,224440.891346,329745,33554432,0.000,1.403057,0.018724,-1.013766,0.000000,0.000000,0.000000,0.000000,0.000000,-0.000000
18280687754,1763340340663943941,0.000000000,0.000000000,1,224440.898346,329745,33554432,0.000,1.403056,0.018718,-1.013772,0.000000,0.000000,0.000000,0.000000,0.000000,-0.000000
18287764877,1763340340671021174,0.000000000,0.000000000,1,224440.905346,329745,33554432,0.000,1.403067,0.018718,-1.013768,0.000000,0.000000,0.000000,0.000000,0.000000,-0.000000
18294717204,1763340340677973427,0.000000000,0.000000000,1,224440.912346,329745,33554432,0.000,1.403064,0.018724,-1.013779,0.000000,0.000000,0.000000,0.000000,0.000000,-0.000000
18301790011,1763340340685046309,0.000000000,0.000000000,1,224440.919346,329745,33554432,0.000,1.403055,0.018728,-1.013775,0.000000,0.000000,0.000000,0.000000,0.000000,-0.000000
18308689950,1763340340691946247,0.000000000,0.000000000,1,224440.926346,329745,33554432,0.000,1.403062,0.018735,-1.013780,0.000000,0.000000,0.000000,0.000000,0.000000,-0.000000
18315747683,1763340340699003962,0.000000000,0.000000000,1,224440.933346,329745,33554432,0.000,1.403068,0.018738,-1.013778,0.000000,0.000000,0.000000,0.000000,0.000000,-0.000000
18322757843,1763340340706014122,0.000000000,0.000000000,1,224440.940346,329745,33554432,0.000,1.403062,0.018737,-1.013762,0.000000,0.000000,0.000000,0.000000,0.000000,-0.000000
18329903336,1763340340713159596,0.000000000,0.000000000,1,224440.947346,329745,33554432,0.000,1.403064,0.018735,-1.013767,0.000000,0.000000,0.000000,0.000000,0.000000,-0.000000
18336796570,1763340340720052738,0.000000000,0.000000000,1,224440.954346,329745,33554432,0.000,1.403059,0.018726,-1.013765,0.000000,0.000000,0.000000,0.000000,0.000000,-0.000000
18343802063,1763340340727058250,0.000000000,0.000000000,1,224440.961346,329745,33554432,0.000,1.403059,0.018725,-1.013768,0.000000,0.000000,0.000000,0.000000,0.000000,-0.000000
18350715594,1763340340733971891,0.000000000,0.000000000,1,224440.968346,329745,33554432,0.000,1.403059,0.018727,-1.013765,0.000000,0.000000,0.000000,0.000000,0.000000,-0.000000
18357800142,1763340340741056440,0.000000000,0.000000000,1,224440.975346,329745,33554432,0.000,1.403058,0.018730,-1.013765,0.000000,0.000000,0.000000,0.000000,0.000000,-0.000000
18364772691,1763340340748028970,0.000000000,0.000000000,1,224440.982346,329745,33554432,0.000,1.403058,0.018724,-1.013769,0.000000,0.000000,0.000000,0.000000,0.000000,-0.000000
18371673648,1763340340754929927,0.000000000,0.000000000,1,224440.989346,329745,33554432,0.000,1.403057,0.018725,-1.013770,0.000000,0.000000,0.000000,0.000000,0.000000,-0.000000
18378731400,1763340340761987679,0.000000000,0.000000000,1,224440.996346,329745,33554432,0.000,1.403053,0.018729,-1.013756,0.000000,0.000000,0.000000,0.000000,0.000000,-0.000000
18385788467,1763340340769044765,0.000000000,0.000000000,1,224441.003346,329745,33554432,0.000,1.403063,0.018729,-1.013755,0.000000,0.000000,0.000000,0.000000,0.000000,-0.000000
18392872516,1763340340776128795,0.000000000,0.000000000,1,224441.010346,329745,33554432,0.000,1.403063,0.018727,-1.013762,0.000000,0.000000,0.000000,0.000000,0.000000,-0.000000
18399801046,1763340340783057344,0.000000000,0.000000000,1,224441.017346,329745,33554432,0.000,1.403063,0.018730,-1.013761,0.000000,0.000000,0.000000,0.000000,0.000000,-0.000000
18406768632,1763340340790024652,0.000000000,0.000000000,1,224441.024346,329745,33554432,0.000,1.403069,0.018728,-1.013761,0.000000,0.000000,0.000000,0.000000,0.000000,-0.000000
18413980014,1763340340797236181,0.000000000,0.000000000,1,224441.031346,329745,33554432,0.000,1.403068,0.018731,-1.013768,0.000000,0.000000,0.000000,0.000000,0.000000,-0.000000
18420729026,1763340340803985194,0.000000000,0.000000000,1,224441.038346,329745,33554432,0.000,1.403074,0.018729,-1.013757,0.000000,0.000000,0.000000,0.000000,0.000000,-0.000000
18427709705,1763340340810966002,0.000000000,0.000000000,1,224441.045346,329745,33554432,0.000,1.403078,0.018730,-1.013757,0.000000,0.000000,0.000000,0.000000,0.000000,-0.000000
18434766661,1763340340818022939,0.000000000,0.000000000,1,224441.052346,329745,33554432,0.000,1.403068,0.018718,-1.013764,0.000000,0.000000,0.000000,0.000000,0.000000,-0.000000
18441675099,1763340340824931396,0.000000000,0.000000000,1,224441.059346,329745,33554432,0.000,1.403075,0.018722,-1.013755,0.000000,0.000000,0.000000,0.000000,0.000000,-0.000000
18448732481,1763340340831988759,0.000000000,0.000000000,1,224441.066346,329745,33554432,0.000,1.403082,0.018727,-1.013752,0.000000,0.000000,0.000000,0.000000,0.000000,-0.000000
18455810196,1763340340839066475,0.000000000,0.000000000,1,224441.073346,329745,33554432,0.000,1.403088,0.018729,-1.013743,0.000000,0.000000,0.000000,0.000000,0.000000,-0.000000
18462727374,1763340340845983653,0.000000000,0.000000000,1,224441.080346,329745,33554432,0.000,1.403090,0.018727,-1.013749,0.000000,0.000000,0.000000,0.000000,0.000000,-0.000000
18469671757,1763340340852928036,0.000000000,0.000000000,1,224441.087346,329745,33554432,0.000,1.403084,0.018733,-1.013748,0.000000,0.000000,0.000000,0.000000,0.000000,-0.000000
18476727916,1763340340859984214,0.000000000,0.000000000,1,224441.094346,329745,33554432,0.000,1.403087,0.018732,-1.013753,0.000000,0.000000,0.000000,0.000000,0.000000,-0.000000
18483799632,1763340340867055929,0.000000000,0.000000000,1,224441.101346,329745,33554432,0.000,1.403087,0.018737,-1.013749,0.000000,0.000000,0.000000,0.000000,0.000000,-0.000000
18490733736,1763340340873990015,0.000000000,0.000000000,1,224441.108346,329745,33554432,0.000,1.403102,0.018737,-1.013731,0.000000,0.000000,0.000000,0.000000,0.000000,-0.000000
18497791674,1763340340881047971,0.000000000,0.000000000,1,224441.115346,329745,33554432,0.000,1.403105,0.018735,-1.013726,0.000000,0.000000,0.000000,0.000000,0.000000,-0.000000
18504691408,1763340340887947687,0.000000000,0.000000000,1,224441.122346,329745,33554432,0.000,1.403106,0.018725,-1.013724,0.000000,0.000000,0.000000,0.000000,0.000000,-0.000000
18511767771,1763340340895024050,0.000000000,0.000000000,1,224441.129346,329745,33554432,0.000,1.403114,0.018724,-1.013722,0.000000,0.000000,0.000000,0.000000,0.000000,-0.000000
18518689191,1763340340901945358,0.000000000,0.000000000,1,224441.136346,329745,33554432,0.000,1.403119,0.018725,-1.013720,0.000000,0.000000,0.000000,0.000000,0.000000,-0.000000
18525759424,1763340340909015703,0.000000000,0.000000000,1,224441.143346,329745,33554432,0.000,1.403123,0.018724,-1.013721,0.000000,0.000000,0.000000,0.000000,0.000000,-0.000000
18532729362,1763340340915985641,0.000000000,0.000000000,1,224441.150346,329745,33554432,0.000,1.403132,0.018714,-1.013726,0.000000,0.000000,0.000000,0.000000,0.000000,-0.000000
18539809911,1763340340923066190,0.000000000,0.000000000,1,224441.157346,329745,33554432,0.000,1.403138,0.018710,-1.013720,0.000000,0.000000,0.000000,0.000000,0.000000,-0.000000
18546707423,1763340340929963702,0.000000000,0.000000000,1,224441.164346,329745,33554432,0.000,1.403147,0.018705,-1.013715,0.000000,0.000000,0.000000,0.000000,0.000000,-0.000000
18553763897,1763340340937020195,0.000000000,0.000000000,1,224441.171346,329745,33554432,0.000,1.403150,0.018714,-1.013718,0.000000,0.000000,0.000000,0.000000,0.000000,-0.000000
18560673780,1763340340943930077,0.000000000,0.000000000,1,224441.178346,329745,33554432,0.000,1.403153,0.018705,-1.013707,0.000000,0.000000,0.000000,0.000000,0.000000,-0.000000
18567749828,1763340340951006126,0.000000000,0.000000000,1,224441.185346,329745,33554432,0.000,1.403155,0.018720,-1.013704,0.000000,0.000000,0.000000,0.000000,0.000000,-0.000000
18574660933,1763340340957917230,0.000000000,0.000000000,1,224441.192346,329745,33554432,0.000,1.403151,0.018714,-1.013711,0.000000,0.000000,0.000000,0.000000,0.000000,-0.000000
18581726167,1763340340964982464,0.000000000,0.000000000,1,224441.199346,329745,33554432,0.000,1.403155,0.018728,-1.013709,0.000000,0.000000,0.000000,0.000000,0.000000,-0.000000
18588795863,1763340340972052142,0.000000000,0.000000000,1,224441.206346,329745,33554432,0.000,1.403166,0.018735,-1.013699,0.000000,0.000000,0.000000,0.000000,0.000000,-0.000000
18595705172,1763340340978961469,0.000000000,0.000000000,1,224441.213346,329745,33554432,0.000,1.403181,0.018733,-1.013708,0.000000,0.000000,0.000000,0.000000,0.000000,-0.000000
18602762146,1763340340986018444,0.000000000,0.000000000,1,224441.220346,329745,33554432,0.000,1.403176,0.018729,-1.013704,0.000000,0.000000,0.000000,0.000000,0.000000,-0.000000
18609675695,1763340340992931974,0.000000000,0.000000000,1,224441.227346,329745,33554432,0.000,1.403179,0.018724,-1.013707,0.000000,0.000000,0.000000,0.000000,0.000000,-0.000000
18616733707,1763340340999989986,0.000000000,0.000000000,1,224441.234346,329745,33554432,0.000,1.403161,0.018708,-1.013710,0.000000,0.000000,0.000000,0.000000,0.000000,-0.000000
18623803348,1763340341007059645,0.000000000,0.000000000,1,224441.241346,329745,33554432,0.000,1.403167,0.018705,-1.013712,0.000000,0.000000,0.000000,0.000000,0.000000,-0.000000
18630746415,1763340341014002713,0.000000000,0.000000000,1,224441.248346,329745,33554432,0.000,1.403161,0.018711,-1.013710,0.000000,0.000000,0.000000,0.000000,0.000000,-0.000000
18637663224,1763340341020919503,0.000000000,0.000000000,1,224441.255346,329745,33554432,0.000,1.403171,0.018708,-1.013708,0.000000,0.000000,0.000000,0.000000,0.000000,-0.000000
18644724069,1763340341027980366,0.000000000,0.000000000,1,224441.262346,329745,33554432,0.000,1.403164,0.018707,-1.013694,0.000000,0.000000,0.000000,0.000000,0.000000,-0.000000
18651668303,1763340341034924600,0.000000000,0.000000000,1,224441.269346,329745,33554432,0.000,1.403165,0.018710,-1.013694,0.000000,0.000000,0.000000,0.000000,0.000000,-0.000000
18658727037,1763340341041983334,0.000000000,0.000000000,1,224441.276346,329745,33554432,0.000,1.403175,0.018709,-1.013696,0.000000,0.000000,0.000000,0.000000,0.000000,-0.000000
18665689363,1763340341048945642,0.000000000,0.000000000,1,224441.283346,329745,33554432,0.000,1.403182,0.018707,-1.013696,0.000000,0.000000,0.000000,0.000000,0.000000,-0.000000
18672765301,1763340341056021598,0.000000000,0.000000000,1,224441.290346,329745,33554432,0.000,1.403179,0.018704,-1.013694,0.000000,0.000000,0.000000,0.000000,0.000000,-0.000000
18679687516,1763340341062943795,0.000000000,0.000000000,1,224441.297346,329745,33554432,0.000,1.403183,0.018708,-1.013697,0.000000,0.000000,0.000000,0.000000,0.000000,-0.000000
18686745084,1763340341070001381,0.000000000,0.000000000,1,224441.304346,329745,33554432,0.000,1.403188,0.018704,-1.013696,0.000000,0.000000,0.000000,0.000000,0.000000,-0.000000
18693828836,1763340341077085115,0.000000000,0.000000000,1,224441.311346,329745,33554432,0.000,1.403194,0.018702,-1.013700,0.000000,0.000000,0.000000,0.000000,0.000000,-0.000000
18700708422,1763340341083964756,0.000000000,0.000000000,1,224441.318346,329745,33554432,0.000,1.403199,0.018717,-1.013700,0.000000,0.000000,0.000000,0.000000,0.000000,-0.000000
18707770582,1763340341091026749,0.000000000,0.000000000,1,224441.325346,329745,33554432,0.000,1.403189,0.018728,-1.013689,0.000000,0.000000,0.000000,0.000000,0.000000,-0.000000
18714724482,1763340341097980761,0.000000000,0.000000000,1,224441.332346,329745,33554432,0.000,1.403179,0.018729,-1.013694,0.000000,0.000000,0.000000,0.000000,0.000000,-0.000000
18721809216,1763340341105065495,0.000000000,0.000000000,1,224441.339346,329745,33554432,0.000,1.403179,0.018720,-1.013695,0.000000,0.000000,0.000000,0.000000,0.000000,-0.000000
18728767246,1763340341112023544,0.000000000,0.000000000,1,224441.346346,329745,33554432,0.000,1.403179,0.018717,-1.013690,0.000000,0.000000,0.000000,0.000000,0.000000,-0.000000
18735675314,1763340341118931611,0.000000000,0.000000000,1,224441.353346,329745,33554432,0.000,1.403175,0.018716,-1.013698,0.000000,0.000000,0.000000,0.000000,0.000000,-0.000000
18742735048,1763340341125991345,0.000000000,0.000000000,1,224441.360346,329745,33554432,0.000,1.403181,0.018710,-1.013699,0.000000,0.000000,0.000000,0.000000,0.000000,-0.000000
18749666023,1763340341132922320,0.000000000,0.000000000,1,224441.367346,329745,33554432,0.000,1.403184,0.018709,-1.013698,0.000000,0.000000,0.000000,0.000000,0.000000,-0.000000
18756735942,1763340341139992221,0.000000000,0.000000000,1,224441.374346,329745,33554432,0.000,1.403184,0.018718,-1.013688,0.000000,0.000000,0.000000,0.000000,0.000000,-0.000000
18763766990,1763340341147022991,0.000000000,0.000000000,1,224441.381346,329745,33554432,0.000,1.403186,0.018718,-1.013687,0.000000,0.000000,0.000000,0.000000,0.000000,-0.000000
18770692928,1763340341153949170,0.000000000,0.000000000,1,224441.388346,329745,33554432,0.000,1.403191,0.018721,-1.013674,0.000000,0.000000,0.000000,0.000000,0.000000,-0.000000
18777930513,1763340341161186755,0.000000000,0.000000000,1,224441.395346,329745,33554432,0.000,1.403193,0.018723,-1.013685,0.000000,0.000000,0.000000,0.000000,0.000000,-0.000000
18784674100,1763340341167930397,0.000000000,0.000000000,1,224441.402346,329745,33554432,0.000,1.403188,0.018731,-1.013673,0.000000,0.000000,0.000000,0.000000,0.000000,-0.000000
18791677297,1763340341174933594,0.000000000,0.000000000,1,224441.409346,329745,33554432,0.000,1.403182,0.018724,-1.013674,0.000000,0.000000,0.000000,0.000000,0.000000,-0.000000
18798739327,1763340341181995495,0.000000000,0.000000000,1,224441.416346,329745,33554432,0.000,1.403180,0.018724,-1.013661,0.000000,0.000000,0.000000,0.000000,0.000000,-0.000000
18805796727,1763340341189052895,0.000000000,0.000000000,1,224441.423346,329745,33554432,0.000,1.403173,0.018727,-1.013665,0.000000,0.000000,0.000000,0.000000,0.000000,-0.000000
18812857832,1763340341196113981,0.000000000,0.000000000,1,224441.430346,329745,33554432,0.000,1.403171,0.018728,-1.013652,0.000000,0.000000,0.000000,0.000000,0.000000,-0.000000
18819806529,1763340341203062826,0.000000000,0.000000000,1,224441.437346,329745,33554432,0.000,1.403169,0.018733,-1.013652,0.000000,0.000000,0.000000,0.000000,0.000000,-0.000000
18826781059,1763340341210036727,0.000000000,0.000000000,1,224441.444346,329745,33554432,0.000,1.403174,0.018729,-1.013640,0.000000,0.000000,0.000000,0.000000,0.000000,-0.000000
18833724978,1763340341216980924,0.000000000,0.000000000,1,224441.451346,329745,33554432,0.000,1.403170,0.018727,-1.013642,0.000000,0.000000,0.000000,0.000000,0.000000,-0.000000
18840699472,1763340341223955639,0.000000000,0.000000000,1,224441.458346,329745,33554432,0.000,1.403165,0.018714,-1.013632,0.000000,0.000000,0.000000,0.000000,0.000000,-0.000000
18847757039,1763340341231013336,0.000000000,0.000000000,1,224441.465346,329745,33554432,0.000,1.403164,0.018719,-1.013638,0.000000,0.000000,0.000000,0.000000,0.000000,-0.000000
18854697106,1763340341237953385,0.000000000,0.000000000,1,224441.472346,329745,33554432,0.000,1.403164,0.018731,-1.013632,0.000000,0.000000,0.000000,0.000000,0.000000,-0.000000
18861682914,1763340341244939193,0.000000000,0.000000000,1,224441.479346,329745,33554432,0.000,1.403164,0.018737,-1.013639,0.000000,0.000000,0.000000,0.000000,0.000000,-0.000000
18868675371,1763340341251931612,0.000000000,0.000000000,1,224441.486346,329745,33554432,0.000,1.403172,0.018733,-1.013641,0.000000,0.000000,0.000000,0.000000,0.000000,-0.000000
18875732530,1763340341258988809,0.000000000,0.000000000,1,224441.493346,329745,33554432,0.000,1.403187,0.018723,-1.013646,0.000000,0.000000,0.000000,0.000000,0.000000,-0.000000
18882789301,1763340341266045580,0.000000000,0.000000000,1,224441.500346,329745,33554432,0.000,1.403210,0.018716,-1.013638,0.000000,0.000000,0.000000,0.000000,0.000000,-0.000000
18889741165,1763340341272997407,0.000000000,0.000000000,1,224441.507346,329745,33554432,0.000,1.403208,0.018717,-1.013644,0.000000,0.000000,0.000000,0.000000,0.000000,-0.000000
18896799510,1763340341280055789,0.000000000,0.000000000,1,224441.514346,329745,33554432,0.000,1.403211,0.018714,-1.013652,0.000000,0.000000,0.000000,0.000000,0.000000,-0.000000
18903700707,1763340341286956986,0.000000000,0.000000000,1,224441.521346,329745,33554432,0.000,1.403216,0.018712,-1.013653,0.000000,0.000000,0.000000,0.000000,0.000000,-0.000000
18910757570,1763340341294013738,0.000000000,0.000000000,1,224441.528346,329745,33554432,0.000,1.403205,0.018713,-1.013646,0.000000,0.000000,0.000000,0.000000,0.000000,-0.000000
18917815434,1763340341301071731,0.000000000,0.000000000,1,224441.535346,329745,33554432,0.000,1.403203,0.018705,-1.013640,0.000000,0.000000,0.000000,0.000000,0.000000,-0.000000
18924722446,1763340341307978743,0.000000000,0.000000000,1,224441.542346,329745,33554432,0.000,1.403183,0.018709,-1.013630,0.000000,0.000000,0.000000,0.000000,0.000000,-0.000000
18931809217,1763340341315065514,0.000000000,0.000000000,1,224441.549346,329745,33554432,0.000,1.403176,0.018709,-1.013639,0.000000,0.000000,0.000000,0.000000,0.000000,-0.000000
18938723858,1763340341321980156,0.000000000,0.000000000,1,224441.556346,329745,33554432,0.000,1.403174,0.018717,-1.013636,0.000000,0.000000,0.000000,0.000000,0.000000,-0.000000
18945781536,1763340341329037834,0.000000000,0.000000000,1,224441.563346,329745,33554432,0.000,1.403173,0.018714,-1.013642,0.000000,0.000000,0.000000,0.000000,0.000000,-0.000000
18952840233,1763340341336096512,0.000000000,0.000000000,1,224441.570346,329745,33554432,0.000,1.403179,0.018712,-1.013643,0.000000,0.000000,0.000000,0.000000,0.000000,-0.000000
18959765375,1763340341343021672,0.000000000,0.000000000,1,224441.577346,329745,33554432,0.000,1.403175,0.018710,-1.013641,0.000000,0.000000,0.000000,0.000000,0.000000,-0.000000
18966688331,1763340341349944629,0.000000000,0.000000000,1,224441.584346,329745,33554432,0.000,1.403158,0.018715,-1.013625,0.000000,0.000000,0.000000,0.000000,0.000000,-0.000000
18973746639,1763340341357002936,0.000000000,0.000000000,1,224441.591346,329745,33554432,0.000,1.403157,0.018719,-1.013620,0.000000,0.000000,0.000000,0.000000,0.000000,-0.000000
18980803614,1763340341364059892,0.000000000,0.000000000,1,224441.598346,329745,33554432,0.000,1.403152,0.018713,-1.013620,0.000000,0.000000,0.000000,0.000000,0.000000,-0.000000
18987713459,1763340341370969738,0.000000000,0.000000000,1,224441.605346,329745,33554432,0.000,1.403154,0.018711,-1.013624,0.000000,0.000000,0.000000,0.000000,0.000000,-0.000000
18994793545,1763340341378049842,0.000000000,0.000000000,1,224441.612346,329745,33554432,0.000,1.403158,0.018709,-1.013626,0.000000,0.000000,0.000000,0.000000,0.000000,-0.000000
19001692297,1763340341384948595,0.000000000,0.000000000,1,224441.619346,329745,33554432,0.000,1.403165,0.018706,-1.013628,0.000000,0.000000,0.000000,0.000000,0.000000,-0.000000
19008768457,1763340341392024736,0.000000000,0.000000000,1,224441.626346,329745,33554432,0.000,1.403169,0.018713,-1.013606,0.000000,0.000000,0.000000,0.000000,0.000000,-0.000000
19015705950,1763340341398962229,0.000000000,0.000000000,1,224441.633346,329745,33554432,0.000,1.403168,0.018707,-1.013612,0.000000,0.000000,0.000000,0.000000,0.000000,-0.000000
19022767573,1763340341406023870,0.000000000,0.000000000,1,224441.640346,329745,33554432,0.000,1.403170,0.018705,-1.013603,0.000000,0.000000,0.000000,0.000000,0.000000,-0.000000
19029767122,1763340341413023419,0.000000000,0.000000000,1,224441.647346,329745,33554432,0.000,1.403166,0.018711,-1.013600,0.000000,0.000000,0.000000,0.000000,0.000000,-0.000000
19036667319,1763340341419923617,0.000000000,0.000000000,1,224441.654346,329745,33554432,0.000,1.403162,0.018706,-1.013594,0.000000,0.000000,0.000000,0.000000,0.000000,-0.000000
19043723405,1763340341426979684,0.000000000,0.000000000,1,224441.661346,329745,33554432,0.000,1.403163,0.018708,-1.013597,0.000000,0.000000,0.000000,0.000000,0.000000,-0.000000
19050790935,1763340341434047232,0.000000000,0.000000000,1,224441.668346,329745,33554432,0.000,1.403160,0.018712,-1.013596,0.000000,0.000000,0.000000,0.000000,0.000000,-0.000000
19057689262,1763340341440945578,0.000000000,0.000000000,1,224441.675346,329745,33554432,0.000,1.403156,0.018704,-1.013586,0.000000,0.000000,0.000000,0.000000,0.000000,-0.000000
19064811736,1763340341448068015,0.000000000,0.000000000,1,224441.682346,329745,33554432,0.000,1.403152,0.018705,-1.013582,0.000000,0.000000,0.000000,0.000000,0.000000,-0.000000
19071710230,1763340341454966527,0.000000000,0.000000000,1,224441.689346,329745,33554432,0.000,1.403146,0.018698,-1.013594,0.000000,0.000000,0.000000,0.000000,0.000000,-0.000000
19078766111,1763340341462022409,0.000000000,0.000000000,1,224441.696346,329745,33554432,0.000,1.403138,0.018693,-1.013599,0.000000,0.000000,0.000000,0.000000,0.000000,-0.000000
19085677031,1763340341468933328,0.000000000,0.000000000,1,224441.703346,329745,33554432,0.000,1.403143,0.018706,-1.013593,0.000000,0.000000,0.000000,0.000000,0.000000,-0.000000
19092758561,1763340341476014840,0.000000000,0.000000000,1,224441.710346,329745,33554432,0.000,1.403146,0.018707,-1.013600,0.000000,0.000000,0.000000,0.000000,0.000000,-0.000000
19099678017,1763340341482934315,0.000000000,0.000000000,1,224441.717346,329745,33554432,0.000,1.403147,0.018710,-1.013596,0.000000,0.000000,0.000000,0.000000,0.000000,-0.000000
19106735010,1763340341489991308,0.000000000,0.000000000,1,224441.724346,329745,33554432,0.000,1.403133,0.018715,-1.013600,0.000000,0.000000,0.000000,0.000000,0.000000,-0.000000
19113793244,1763340341497049523,0.000000000,0.000000000,1,224441.731346,329745,33554432,0.000,1.403132,0.018714,-1.013597,0.000000,0.000000,0.000000,0.000000,0.000000,-0.000000
19120693108,1763340341503949406,0.000000000,0.000000000,1,224441.738346,329745,33554432,0.000,1.403132,0.018716,-1.013602,0.000000,0.000000,0.000000,0.000000,0.000000,-0.000000
19127801008,1763340341511057250,0.000000000,0.000000000,1,224441.745346,329745,33554432,0.000,1.403135,0.018714,-1.013600,0.000000,0.000000,0.000000,0.000000,0.000000,-0.000000
19134713446,1763340341517969744,0.000000000,0.000000000,1,224441.752346,329745,33554432,0.000,1.403137,0.018719,-1.013591,0.000000,0.000000,0.000000,0.000000,0.000000,-0.000000
19141772921,1763340341525029218,0.000000000,0.000000000,1,224441.759346,329745,33554432,0.000,1.403127,0.018716,-1.013587,0.000000,0.000000,0.000000,0.000000,0.000000,-0.000000
19148681803,1763340341531938101,0.000000000,0.000000000,1,224441.766346,329745,33554432,0.000,1.403116,0.018711,-1.013578,0.000000,0.000000,0.000000,0.000000,0.000000,-0.000000
19155741000,1763340341538997279,0.000000000,0.000000000,1,224441.773346,329745,33554432,0.000,1.403121,0.018712,-1.013579,0.000000,0.000000,0.000000,0.000000,0.000000,-0.000000
19162800808,1763340341546057105,0.000000000,0.000000000,1,224441.780346,329745,33554432,0.000,1.403123,0.018703,-1.013579,0.000000,0.000000,0.000000,0.000000,0.000000,-0.000000
19169769412,1763340341553025691,0.000000000,0.000000000,1,224441.787346,329745,33554432,0.000,1.403125,0.018701,-1.013580,0.000000,0.000000,0.000000,0.000000,0.000000,-0.000000
19176684832,1763340341559941111,0.000000000,0.000000000,1,224441.794346,329745,33554432,0.000,1.403132,0.018695,-1.013569,0.000000,0.000000,0.000000,0.000000,0.000000,-0.000000
19183743584,1763340341566999881,0.000000000,0.000000000,1,224441.801346,329745,33554432,0.000,1.403137,0.018692,-1.013563,0.000000,0.000000,0.000000,0.000000,0.000000,-0.000000
19190690448,1763340341573946727,0.000000000,0.000000000,1,224441.808346,329745,33554432,0.000,1.403133,0.018693,-1.013558,0.000000,0.000000,0.000000,0.000000,0.000000,-0.000000
19197798144,1763340341581054294,0.000000000,0.000000000,1,224441.815346,329745,33554432,0.000,1.403137,0.018690,-1.013560,0.000000,0.000000,0.000000,0.000000,0.000000,-0.000000
19204701527,1763340341587957806,0.000000000,0.000000000,1,224441.822346,329745,33554432,0.000,1.403118,0.018677,-1.013570,0.000000,0.000000,0.000000,0.000000,0.000000,-0.000000
19211768353,1763340341595024521,0.000000000,0.000000000,1,224441.829346,329745,33554432,0.000,1.403123,0.018680,-1.013565,0.000000,0.000000,0.000000,0.000000,0.000000,-0.000000
19218687384,1763340341601943551,0.000000000,0.000000000,1,224441.836346,329745,33554432,0.000,1.403113,0.018683,-1.013577,0.000000,0.000000,0.000000,0.000000,0.000000,-0.000000
19225757469,1763340341609013748,0.000000000,0.000000000,1,224441.843346,329745,33554432,0.000,1.403113,0.018681,-1.013577,0.000000,0.000000,0.000000,0.000000,0.000000,-0.000000
19232862129,1763340341616118408,0.000000000,0.000000000,1,224441.850346,329745,33554432,0.000,1.403114,0.018682,-1.013582,0.000000,0.000000,0.000000,0.000000,0.000000,-0.000000
19239772326,1763340341623028605,0.000000000,0.000000000,1,224441.857346,329745,33554432,0.000,1.403116,0.018679,-1.013588,0.000000,0.000000,0.000000,0.000000,0.000000,-0.000000
19246683301,1763340341629939580,0.000000000,0.000000000,1,224441.864346,329745,33554432,0.000,1.403130,0.018695,-1.013588,0.000000,0.000000,0.000000,0.000000,0.000000,-0.000000
19253757572,1763340341637013851,0.000000000,0.000000000,1,224441.871346,329745,33554432,0.000,1.403134,0.018702,-1.013590,0.000000,0.000000,0.000000,0.000000,0.000000,-0.000000
19260811380,1763340341644067658,0.000000000,0.000000000,1,224441.878346,329745,33554432,0.000,1.403132,0.018692,-1.013571,0.000000,0.000000,0.000000,0.000000,0.000000,-0.000000
19271533989,1763340341654790009,0.000000000,0.000000000,1,224441.885346,329745,33554432,0.000,1.403140,0.018696,-1.013564,0.000000,0.000000,0.000000,0.000000,0.000000,-0.000000
19274796477,1763340341658052738,0.000000000,0.000000000,1,224441.892346,329745,33554432,0.000,1.403145,0.018692,-1.013563,0.000000,0.000000,0.000000,0.000000,0.000000,-0.000000
19281718267,1763340341664973842,0.000000000,0.000000000,1,224441.899346,329745,33554432,0.000,1.403141,0.018684,-1.013562,0.000000,0.000000,0.000000,0.000000,0.000000,-0.000000
19288774130,1763340341672030409,0.000000000,0.000000000,1,224441.906346,329745,33554432,0.000,1.403147,0.018682,-1.013552,0.000000,0.000000,0.000000,0.000000,0.000000,-0.000000
19295703661,1763340341678959940,0.000000000,0.000000000,1,224441.913346,329745,33554432,0.000,1.403139,0.018673,-1.013552,0.000000,0.000000,0.000000,0.000000,0.000000,-0.000000
19302756006,1763340341686012266,0.000000000,0.000000000,1,224441.920346,329745,33554432,0.000,1.403145,0.018667,-1.013534,0.000000,0.000000,0.000000,0.000000,0.000000,-0.000000
19309675314,1763340341692931593,0.000000000,0.000000000,1,224441.927346,329745,33554432,0.000,1.403131,0.018677,-1.013525,0.000000,0.000000,0.000000,0.000000,0.000000,-0.000000
19316728085,1763340341699984364,0.000000000,0.000000000,1,224441.934346,329745,33554432,0.000,1.403122,0.018674,-1.013525,0.000000,0.000000,0.000000,0.000000,0.000000,-0.000000
19323809967,1763340341707066246,0.000000000,0.000000000,1,224441.941346,329745,33554432,0.000,1.403125,0.018674,-1.013520,0.000000,0.000000,0.000000,0.000000,0.000000,-0.000000
19330735460,1763340341713991628,0.000000000,0.000000000,1,224441.948346,329745,33554432,0.000,1.403129,0.018685,-1.013523,0.000000,0.000000,0.000000,0.000000,0.000000,-0.000000
19337672972,1763340341720928899,0.000000000,0.000000000,1,224441.955346,329745,33554432,0.000,1.403130,0.018687,-1.013521,0.000000,0.000000,0.000000,0.000000,0.000000,-0.000000
19344745576,1763340341728001726,0.000000000,0.000000000,1,224441.962346,329745,33554432,0.000,1.403140,0.018679,-1.013513,0.000000,0.000000,0.000000,0.000000,0.000000,-0.000000
19351802106,1763340341735058385,0.000000000,0.000000000,1,224441.969346,329745,33554432,0.000,1.403133,0.018679,-1.013508,0.000000,0.000000,0.000000,0.000000,0.000000,-0.000000
19358754692,1763340341742010971,0.000000000,0.000000000,1,224441.976346,329745,33554432,0.000,1.403129,0.018684,-1.013491,0.000000,0.000000,0.000000,0.000000,0.000000,-0.000000
19365720056,1763340341748976335,0.000000000,0.000000000,1,224441.983346,329745,33554432,0.000,1.403134,0.018689,-1.013482,0.000000,0.000000,0.000000,0.000000,0.000000,-0.000000
19372774105,1763340341756030384,0.000000000,0.000000000,1,224441.990346,329745,33554432,0.000,1.403125,0.018689,-1.013480,0.000000,0.000000,0.000000,0.000000,0.000000,-0.000000
19379693228,1763340341762949507,0.000000000,0.000000000,1,224441.997346,329745,33554432,0.000,1.403128,0.018688,-1.013482,0.000000,0.000000,0.000000,0.000000,0.000000,-0.000000
19386755813,1763340341770012092,0.000000000,0.000000000,1,224442.004346,329745,33554432,0.000,1.403127,0.018677,-1.013471,0.000000,0.000000,0.000000,0.000000,0.000000,-0.000000
19393681659,1763340341776937919,0.000000000,0.000000000,1,224442.011346,329745,33554432,0.000,1.403113,0.018674,-1.013469,0.000000,0.000000,0.000000,0.000000,0.000000,-0.000000
19400734744,1763340341783991005,0.000000000,0.000000000,1,224442.018346,329745,33554432,0.000,1.403121,0.018677,-1.013456,0.000000,0.000000,0.000000,0.000000,0.000000,-0.000000
19407718386,1763340341790974665,0.000000000,0.000000000,1,224442.025346,329745,33554432,0.000,1.403112,0.018679,-1.013465,0.000000,0.000000,0.000000,0.000000,0.000000,-0.000000
19414784453,1763340341798040732,0.000000000,0.000000000,1,224442.032346,329745,33554432,0.000,1.403107,0.018682,-1.013469,0.000000,0.000000,0.000000,0.000000,0.000000,-0.000000
19421680576,1763340341804936855,0.000000000,0.000000000,1,224442.039346,329745,33554432,0.000,1.403104,0.018680,-1.013473,0.000000,0.000000,0.000000,0.000000,0.000000,-0.000000
19428792643,1763340341812048922,0.000000000,0.000000000,1,224442.046346,329745,33554432,0.000,1.403106,0.018691,-1.013471,0.000000,0.000000,0.000000,0.000000,0.000000,-0.000000
19435687748,1763340341818944027,0.000000000,0.000000000,1,224442.053346,329745,33554432,0.000,1.403102,0.018687,-1.013469,0.000000,0.000000,0.000000,0.000000,0.000000,-0.000000
19442750482,1763340341826006760,0.000000000,0.000000000,1,224442.060346,329745,33554432,0.000,1.403104,0.018694,-1.013468,0.000000,0.000000,0.000000,0.000000,0.000000,-0.000000
19449675753,1763340341832932032,0.000000000,0.000000000,1,224442.067346,329745,33554432,0.000,1.403105,0.018696,-1.013482,0.000000,0.000000,0.000000,0.000000,0.000000,-0.000000
19456728301,1763340341839984580,0.000000000,0.000000000,1,224442.074346,329745,33554432,0.000,1.403114,0.018704,-1.013487,0.000000,0.000000,0.000000,0.000000,0.000000,-0.000000
19463672073,1763340341846928314,0.000000000,0.000000000,1,224442.081346,329745,33554432,0.000,1.403115,0.018698,-1.013492,0.000000,0.000000,0.000000,0.000000,0.000000,-0.000000
19470729677,1763340341853985974,0.000000000,0.000000000,1,224442.088346,329745,33554432,0.000,1.403109,0.018699,-1.013483,0.000000,0.000000,0.000000,0.000000,0.000000,-0.000000
19477797262,1763340341861053560,0.000000000,0.000000000,1,224442.095346,329745,33554432,0.000,1.403103,0.018693,-1.013488,0.000000,0.000000,0.000000,0.000000,0.000000,-0.000000
19484695830,1763340341867952127,0.000000000,0.000000000,1,224442.102346,329745,33554432,0.000,1.403102,0.018694,-1.013473,0.000000,0.000000,0.000000,0.000000,0.000000,-0.000000
19491780804,1763340341875037102,0.000000000,0.000000000,1,224442.109346,329745,33554432,0.000,1.403107,0.018693,-1.013466,0.000000,0.000000,0.000000,0.000000,0.000000,-0.000000
19498683391,1763340341881939688,0.000000000,0.000000000,1,224442.116346,329745,33554432,0.000,1.403110,0.018686,-1.013466,0.000000,0.000000,0.000000,0.000000,0.000000,-0.000000
19505752902,1763340341889009070,0.000000000,0.000000000,1,224442.123346,329745,33554432,0.000,1.403118,0.018687,-1.013463,0.000000,0.000000,0.000000,0.000000,0.000000,-0.000000
19512810321,1763340341896066618,0.000000000,0.000000000,1,224442.130346,329745,33554432,0.000,1.403115,0.018689,-1.013463,0.000000,0.000000,0.000000,0.000000,0.000000,-0.000000
19519727000,1763340341902983167,0.000000000,0.000000000,1,224442.137346,329745,33554432,0.000,1.403104,0.018694,-1.013470,0.000000,0.000000,0.000000,0.000000,0.000000,-0.000000
19526691289,1763340341909947198,0.000000000,0.000000000,1,224442.144346,329745,33554432,0.000,1.403103,0.018684,-1.013454,0.000000,0.000000,0.000000,0.000000,0.000000,-0.000000
19533753801,1763340341917010080,0.000000000,0.000000000,1,224442.151346,329745,33554432,0.000,1.403103,0.018686,-1.013445,0.000000,0.000000,0.000000,0.000000,0.000000,-0.000000
19540661406,1763340341923917684,0.000000000,0.000000000,1,224442.158346,329745,33554432,0.000,1.403100,0.018693,-1.013434,0.000000,0.000000,0.000000,0.000000,0.000000,-0.000000
19547714380,1763340341930970659,0.000000000,0.000000000,1,224442.165346,329745,33554432,0.000,1.403106,0.018685,-1.013430,0.000000,0.000000,0.000000,0.000000,0.000000,-0.000000
19554767169,1763340341938023448,0.000000000,0.000000000,1,224442.172346,329745,33554432,0.000,1.403117,0.018692,-1.013432,0.000000,0.000000,0.000000,0.000000,0.000000,-0.000000
19561661200,1763340341944917479,0.000000000,0.000000000,1,224442.179346,329745,33554432,0.000,1.403111,0.018691,-1.013427,0.000000,0.000000,0.000000,0.000000,0.000000,-0.000000
19568733860,1763340341951990138,0.000000000,0.000000000,1,224442.186346,329745,33554432,0.000,1.403093,0.018687,-1.013422,0.000000,0.000000,0.000000,0.000000,0.000000,-0.000000
19575806834,1763340341959063113,0.000000000,0.000000000,1,224442.193346,329745,33554432,0.000,1.403093,0.018683,-1.013423,0.000000,0.000000,0.000000,0.000000,0.000000,-0.000000
19582710957,1763340341965967236,0.000000000,0.000000000,1,224442.200346,329745,33554432,0.000,1.403104,0.018681,-1.013423,0.000000,0.000000,0.000000,0.000000,0.000000,-0.000000
19589804487,1763340341973060729,0.000000000,0.000000000,1,224442.207346,329745,33554432,0.000,1.403109,0.018685,-1.013418,0.000000,0.000000,0.000000,0.000000,0.000000,-0.000000
19596714370,1763340341979970648,0.000000000,0.000000000,1,224442.214346,329745,33554432,0.000,1.403117,0.018681,-1.013413,0.000000,0.000000,0.000000,0.000000,0.000000,-0.000000
19603767881,1763340341987024160,0.000000000,0.000000000,1,224442.221346,329745,33554432,0.000,1.403121,0.018678,-1.013402,0.000000,0.000000,0.000000,0.000000,0.000000,-0.000000
19610686115,1763340341993942394,0.000000000,0.000000000,1,224442.228346,329745,33554432,0.000,1.403113,0.018672,-1.013395,0.000000,0.000000,0.000000,0.000000,0.000000,-0.000000
19617756812,1763340342001013091,0.000000000,0.000000000,1,224442.235346,329745,33554432,0.000,1.403111,0.018673,-1.013397,0.000000,0.000000,0.000000,0.000000,0.000000,-0.000000
19624813953,1763340342008070251,0.000000000,0.000000000,1,224442.242346,329745,33554432,0.000,1.403097,0.018672,-1.013385,0.000000,0.000000,0.000000,0.000000,0.000000,-0.000000
19631747613,1763340342015003892,0.000000000,0.000000000,1,224442.249346,329745,33554432,0.000,1.403098,0.018674,-1.013396,0.000000,0.000000,0.000000,0.000000,0.000000,-0.000000
19638674274,1763340342021930460,0.000000000,0.000000000,1,224442.256346,329745,33554432,0.000,1.403095,0.018672,-1.013386,0.000000,0.000000,0.000000,0.000000,0.000000,-0.000000
19645767507,1763340342029023786,0.000000000,0.000000000,1,224442.263346,329745,33554432,0.000,1.403089,0.018672,-1.013393,0.000000,0.000000,0.000000,0.000000,0.000000,-0.000000
19652825408,1763340342036081668,0.000000000,0.000000000,1,224442.270346,329745,33554432,0.000,1.403104,0.018676,-1.013395,0.000000,0.000000,0.000000,0.000000,0.000000,-0.000000
19659805790,1763340342043062069,0.000000000,0.000000000,1,224442.277346,329745,33554432,0.000,1.403105,0.018669,-1.013395,0.000000,0.000000,0.000000,0.000000,0.000000,-0.000000
19666748968,1763340342050005247,0.000000000,0.000000000,1,224442.284346,329745,33554432,0.000,1.403099,0.018679,-1.013388,0.000000,0.000000,0.000000,0.000000,0.000000,-0.000000
19673809258,1763340342057065537,0.000000000,0.000000000,1,224442.291346,329745,33554432,0.000,1.403100,0.018687,-1.013393,0.000000,0.000000,0.000000,0.000000,0.000000,-0.000000
19680726566,1763340342063982863,0.000000000,0.000000000,1,224442.298346,329745,33554432,0.000,1.403105,0.018687,-1.013385,0.000000,0.000000,0.000000,0.000000,0.000000,-0.000000
19687805003,1763340342071061301,0.000000000,0.000000000,1,224442.305346,329745,33554432,0.000,1.403099,0.018680,-1.013391,0.000000,0.000000,0.000000,0.000000,0.000000,-0.000000
19694738367,1763340342077994665,0.000000000,0.000000000,1,224442.312346,329745,33554432,0.000,1.403105,0.018679,-1.013391,0.000000,0.000000,0.000000,0.000000,0.000000,-0.000000
19701809638,1763340342085065935,0.000000000,0.000000000,1,224442.319346,329745,33554432,0.000,1.403099,0.018680,-1.013390,0.000000,0.000000,0.000000,0.000000,0.000000,-0.000000
19708731965,1763340342091988244,0.000000000,0.000000000,1,224442.326346,329745,33554432,0.000,1.403103,0.018672,-1.013369,0.000000,0.000000,0.000000,0.000000,0.000000,-0.000000
19715663292,1763340342098919441,0.000000000,0.000000000,1,224442.333346,329745,33554432,0.000,1.403111,0.018667,-1.013370,0.000000,0.000000,0.000000,0.000000,0.000000,-0.000000
19722735729,1763340342105992008,0.000000000,0.000000000,1,224442.340346,329745,33554432,0.000,1.403112,0.018664,-1.013365,0.000000,0.000000,0.000000,0.000000,0.000000,-0.000000
19729733870,1763340342112990112,0.000000000,0.000000000,1,224442.347346,329745,33554432,0.000,1.403112,0.018666,-1.013368,0.000000,0.000000,0.000000,0.000000,0.000000,-0.000000
19736807956,1763340342120064253,0.000000000,0.000000000,1,224442.354346,329745,33554432,0.000,1.403104,0.018662,-1.013365,0.000000,0.000000,0.000000,0.000000,0.000000,-0.000000
19743720542,1763340342126976840,0.000000000,0.000000000,1,224442.361346,329745,33554432,0.000,1.403105,0.018667,-1.013367,0.000000,0.000000,0.000000,0.000000,0.000000,-0.000000
19750789535,1763340342134045703,0.000000000,0.000000000,1,224442.368346,329745,33554432,0.000,1.403099,0.018670,-1.013350,0.000000,0.000000,0.000000,0.000000,0.000000,-0.000000
19757691177,1763340342140947456,0.000000000,0.000000000,1,224442.375346,329745,33554432,0.000,1.403100,0.018671,-1.013351,0.000000,0.000000,0.000000,0.000000,0.000000,-0.000000
19764666041,1763340342147922338,0.000000000,0.000000000,1,224442.382346,329745,33554432,0.000,1.403119,0.018673,-1.013336,0.000000,0.000000,0.000000,0.000000,0.000000,-0.000000
19775552798,1763340342158809039,0.000000000,0.000000000,1,224442.389346,329745,33554432,0.000,1.403126,0.018672,-1.013335,0.000000,0.000000,0.000000,0.000000,0.000000,-0.000000
19778803027,1763340342162059305,0.000000000,0.000000000,1,224442.396346,329745,33554432,0.000,1.403137,0.018668,-1.013329,0.000000,0.000000,0.000000,0.000000,0.000000,-0.000000
19785766279,1763340342169022447,0.000000000,0.000000000,1,224442.403346,329745,33554432,0.000,1.403139,0.018663,-1.013330,0.000000,0.000000,0.000000,0.000000,0.000000,-0.000000
19792737384,1763340342175993681,0.000000000,0.000000000,1,224442.410346,329745,33554432,0.000,1.403137,0.018663,-1.013326,0.000000,0.000000,0.000000,0.000000,0.000000,-0.000000
19799764636,1763340342183020804,0.000000000,0.000000000,1,224442.417346,329745,33554432,0.000,1.403144,0.018671,-1.013328,0.000000,0.000000,0.000000,0.000000,0.000000,-0.000000
19806808055,1763340342190064241,0.000000000,0.000000000,1,224442.424346,329745,33554432,0.000,1.403149,0.018677,-1.013317,0.000000,0.000000,0.000000,0.000000,0.000000,-0.000000
19813758197,1763340342197014420,0.000000000,0.000000000,1,224442.431346,329745,33554432,0.000,1.403149,0.018677,-1.013317,0.000000,0.000000,0.000000,0.000000,0.000000,-0.000000
19820800856,1763340342204057005,0.000000000,0.000000000,1,224442.438346,329745,33554432,0.000,1.403149,0.018678,-1.013303,0.000000,0.000000,0.000000,0.000000,0.000000,-0.000000
19827727035,1763340342210983221,0.000000000,0.000000000,1,224442.445346,329745,33554432,0.000,1.403154,0.018682,-1.013306,0.000000,0.000000,0.000000,0.000000,0.000000,-0.000000
19835043268,1763340342218299213,0.000000000,0.000000000,1,224442.452346,329745,33554432,0.000,1.403153,0.018681,-1.013307,0.000000,0.000000,0.000000,0.000000,0.000000,-0.000000
19841913984,1763340342225170263,0.000000000,0.000000000,1,224442.459346,329745,33554432,0.000,1.403150,0.018686,-1.013312,0.000000,0.000000,0.000000,0.000000,0.000000,-0.000000
19848813514,1763340342232069682,0.000000000,0.000000000,1,224442.466346,329745,33554432,0.000,1.403151,0.018686,-1.013307,0.000000,0.000000,0.000000,0.000000,0.000000,-0.000000
19855728100,1763340342238984379,0.000000000,0.000000000,1,224442.473346,329745,33554432,0.000,1.403155,0.018689,-1.013305,0.000000,0.000000,0.000000,0.000000,0.000000,-0.000000
19862810834,1763340342246066983,0.000000000,0.000000000,1,224442.480346,329745,33554432,0.000,1.403149,0.018697,-1.013296,0.000000,0.000000,0.000000,0.000000,0.000000,-0.000000
19869795883,1763340342253052162,0.000000000,0.000000000,1,224442.487346,329745,33554432,0.000,1.403134,0.018706,-1.013295,0.000000,0.000000,0.000000,0.000000,0.000000,-0.000000
19876689932,1763340342259946211,0.000000000,0.000000000,1,224442.494346,329745,33554432,0.000,1.403131,0.018709,-1.013282,0.000000,0.000000,0.000000,0.000000,0.000000,-0.000000
19883769999,1763340342267026278,0.000000000,0.000000000,1,224442.501346,329745,33554432,0.000,1.403122,0.018706,-1.013278,0.000000,0.000000,0.000000,0.000000,0.000000,-0.000000
19890712659,1763340342273968901,0.000000000,0.000000000,1,224442.508346,329745,33554432,0.000,1.403128,0.018711,-1.013281,0.000000,0.000000,0.000000,0.000000,0.000000,-0.000000
19897769134,1763340342281025301,0.000000000,0.000000000,1,224442.515346,329745,33554432,0.000,1.403123,0.018713,-1.013277,0.000000,0.000000,0.000000,0.000000,0.000000,-0.000000
19904667294,1763340342287923573,0.000000000,0.000000000,1,224442.522346,329745,33554432,0.000,1.403114,0.018711,-1.013284,0.000000,0.000000,0.000000,0.000000,0.000000,-0.000000
19911720343,1763340342294976621,0.000000000,0.000000000,1,224442.529346,329745,33554432,0.000,1.403107,0.018714,-1.013280,0.000000,0.000000,0.000000,0.000000,0.000000,-0.000000
19918773095,1763340342302029374,0.000000000,0.000000000,1,224442.536346,329745,33554432,0.000,1.403093,0.018721,-1.013274,0.000000,0.000000,0.000000,0.000000,0.000000,-0.000000
19925668774,1763340342308925052,0.000000000,0.000000000,1,224442.543346,329745,33554432,0.000,1.403097,0.018718,-1.013281,0.000000,0.000000,0.000000,0.000000,0.000000,-0.000000
19932778266,1763340342316034490,0.000000000,0.000000000,1,224442.550346,329745,33554432,0.000,1.403094,0.018718,-1.013280,0.000000,0.000000,0.000000,0.000000,0.000000,-0.000000
19939692816,1763340342322949094,0.000000000,0.000000000,1,224442.557346,329745,33554432,0.000,1.403092,0.018715,-1.013284,0.000000,0.000000,0.000000,0.000000,0.000000,-0.000000
19946759734,1763340342330016013,0.000000000,0.000000000,1,224442.564346,329745,33554432,0.000,1.403108,0.018713,-1.013272,0.000000,0.000000,0.000000,0.000000,0.000000,-0.000000
19953814672,1763340342337070951,0.000000000,0.000000000,1,224442.571346,329745,33554432,0.000,1.403113,0.018709,-1.013275,0.000000,0.000000,0.000000,0.000000,0.000000,-0.000000
19960709906,1763340342343966185,0.000000000,0.000000000,1,224442.578346,329745,33554432,0.000,1.403118,0.018707,-1.013265,0.000000,0.000000,0.000000,0.000000,0.000000,-0.000000
19967805751,1763340342351062048,0.000000000,0.000000000,1,224442.585346,329745,33554432,0.000,1.403117,0.018702,-1.013271,0.000000,0.000000,0.000000,0.000000,0.000000,-0.000000
19974718541,1763340342357974838,0.000000000,0.000000000,1,224442.592346,329745,33554432,0.000,1.403103,0.018694,-1.013268,0.000000,0.000000,0.000000,0.000000,0.000000,-0.000000
19981776793,1763340342365033072,0.000000000,0.000000000,1,224442.599346,329745,33554432,0.000,1.403100,0.018698,-1.013273,0.000000,0.000000,0.000000,0.000000,0.000000,-0.000000
19988674157,1763340342371930436,0.000000000,0.000000000,1,224442.606346,329745,33554432,0.000,1.403087,0.018697,-1.013263,0.000000,0.000000,0.000000,0.000000,0.000000,-0.000000
19995754132,1763340342379010410,0.000000000,0.000000000,1,224442.613346,329745,33554432,0.000,1.403092,0.018697,-1.013254,0.000000,0.000000,0.000000,0.000000,0.000000,-0.000000
20002686662,1763340342385942959,0.000000000,0.000000000,1,224442.620346,329745,33554432,0.000,1.403089,0.018695,-1.013241,0.000000,0.000000,0.000000,0.000000,0.000000,-0.000000
20009772044,1763340342393028323,0.000000000,0.000000000,1,224442.627346,329745,33554432,0.000,1.403091,0.018696,-1.013238,0.000000,0.000000,0.000000,0.000000,0.000000,-0.000000
20016766482,1763340342400022649,0.000000000,0.000000000,1,224442.634346,329745,33554432,0.000,1.403106,0.018701,-1.013237,0.000000,0.000000,0.000000,0.000000,0.000000,-0.000000
20023676123,1763340342406932402,0.000000000,0.000000000,1,224442.641346,329745,33554432,0.000,1.403112,0.018705,-1.013235,0.000000,0.000000,0.000000,0.000000,0.000000,-0.000000
20030793523,1763340342414049802,0.000000000,0.000000000,1,224442.648346,329745,33554432,0.000,1.403116,0.018714,-1.013239,0.000000,0.000000,0.000000,0.000000,0.000000,-0.000000
20037686869,1763340342420943148,0.000000000,0.000000000,1,224442.655346,329745,33554432,0.000,1.403121,0.018720,-1.013243,0.000000,0.000000,0.000000,0.000000,0.000000,-0.000000
20044740380,1763340342427996659,0.000000000,0.000000000,1,224442.662346,329745,33554432,0.000,1.403122,0.018711,-1.013247,0.000000,0.000000,0.000000,0.000000,0.000000,-0.000000
20051765170,1763340342435021245,0.000000000,0.000000000,1,224442.669346,329745,33554432,0.000,1.403124,0.018714,-1.013245,0.000000,0.000000,0.000000,0.000000,0.000000,-0.000000
20058797941,1763340342442054127,0.000000000,0.000000000,1,224442.676346,329745,33554432,0.000,1.403114,0.018711,-1.013242,0.000000,0.000000,0.000000,0.000000,0.000000,-0.000000
20065762675,1763340342449018954,0.000000000,0.000000000,1,224442.683346,329745,33554432,0.000,1.403116,0.018712,-1.013238,0.000000,0.000000,0.000000,0.000000,0.000000,-0.000000
20072826557,1763340342456082817,0.000000000,0.000000000,1,224442.690346,329745,33554432,0.000,1.403117,0.018710,-1.013246,0.000000,0.000000,0.000000,0.000000,0.000000,-0.000000
20079736495,1763340342462992773,0.000000000,0.000000000,1,224442.697346,329745,33554432,0.000,1.403114,0.018714,-1.013244,0.000000,0.000000,0.000000,0.000000,0.000000,-0.000000
20086789043,1763340342470045322,0.000000000,0.000000000,1,224442.704346,329745,33554432,0.000,1.403110,0.018701,-1.013237,0.000000,0.000000,0.000000,0.000000,0.000000,-0.000000
20093698629,1763340342476954908,0.000000000,0.000000000,1,224442.711346,329745,33554432,0.000,1.403116,0.018697,-1.013229,0.000000,0.000000,0.000000,0.000000,0.000000,-0.000000
20100766307,1763340342484022567,0.000000000,0.000000000,1,224442.718346,329745,33554432,0.000,1.403117,0.018708,-1.013217,0.000000,0.000000,0.000000,0.000000,0.000000,-0.000000
20107675837,1763340342490932116,0.000000000,0.000000000,1,224442.725346,329745,33554432,0.000,1.403121,0.018712,-1.013212,0.000000,0.000000,0.000000,0.000000,0.000000,-0.000000
20114730404,1763340342497986683,0.000000000,0.000000000,1,224442.732346,329745,33554432,0.000,1.403132,0.018703,-1.013208,0.000000,0.000000,0.000000,0.000000,0.000000,-0.000000
20121802953,1763340342505059232,0.000000000,0.000000000,1,224442.739346,329745,33554432,0.000,1.403139,0.018705,-1.013201,0.000000,0.000000,0.000000,0.000000,0.000000,-0.000000
20128734964,1763340342511991243,0.000000000,0.000000000,1,224442.746346,329745,33554432,0.000,1.403133,0.018704,-1.013201,0.000000,0.000000,0.000000,0.000000,0.000000,-0.000000
20135808624,1763340342519064884,0.000000000,0.000000000,1,224442.753346,329745,33554432,0.000,1.403126,0.018702,-1.013213,0.000000,0.000000,0.000000,0.000000,0.000000,-0.000000
20142765987,1763340342526022266,0.000000000,0.000000000,1,224442.760346,329745,33554432,0.000,1.403130,0.018693,-1.013210,0.000000,0.000000,0.000000,0.000000,0.000000,-0.000000
20149736666,1763340342532992963,0.000000000,0.000000000,1,224442.767346,329745,33554432,0.000,1.403137,0.018699,-1.013205,0.000000,0.000000,0.000000,0.000000,0.000000,-0.000000
20156802548,1763340342540058826,0.000000000,0.000000000,1,224442.774346,329745,33554432,0.000,1.403136,0.018704,-1.013198,0.000000,0.000000,0.000000,0.000000,0.000000,-0.000000
20163725670,1763340342546981912,0.000000000,0.000000000,1,224442.781346,329745,33554432,0.000,1.403127,0.018714,-1.013204,0.000000,0.000000,0.000000,0.000000,0.000000,-0.000000
20170780941,1763340342554037220,0.000000000,0.000000000,1,224442.788346,329745,33554432,0.000,1.403121,0.018709,-1.013207,0.000000,0.000000,0.000000,0.000000,0.000000,-0.000000
20177678101,1763340342560934361,0.000000000,0.000000000,1,224442.795346,329745,33554432,0.000,1.403113,0.018707,-1.013201,0.000000,0.000000,0.000000,0.000000,0.000000,-0.000000
20184732150,1763340342567988410,0.000000000,0.000000000,1,224442.802346,329745,33554432,0.000,1.403110,0.018709,-1.013194,0.000000,0.000000,0.000000,0.000000,0.000000,-0.000000
20191694606,1763340342574950885,0.000000000,0.000000000,1,224442.809346,329745,33554432,0.000,1.403113,0.018717,-1.013191,0.000000,0.000000,0.000000,0.000000,0.000000,-0.000000
20198779673,1763340342582035951,0.000000000,0.000000000,1,224442.816346,329745,33554432,0.000,1.403121,0.018718,-1.013181,0.000000,0.000000,0.000000,0.000000,0.000000,-0.000000
20205681870,1763340342588938130,0.000000000,0.000000000,1,224442.823346,329745,33554432,0.000,1.403118,0.018718,-1.013175,0.000000,0.000000,0.000000,0.000000,0.000000,-0.000000
20212829566,1763340342596085845,0.000000000,0.000000000,1,224442.830346,329745,33554432,0.000,1.403125,0.018719,-1.013173,0.000000,0.000000,0.000000,0.000000,0.000000,-0.000000
20219767281,1763340342603023560,0.000000000,0.000000000,1,224442.837346,329745,33554432,0.000,1.403125,0.018716,-1.013174,0.000000,0.000000,0.000000,0.000000,0.000000,-0.000000
20226722978,1763340342609979090,0.000000000,0.000000000,1,224442.844346,329745,33554432,0.000,1.403110,0.018722,-1.013171,0.000000,0.000000,0.000000,0.000000,0.000000,-0.000000
20233784823,1763340342617041102,0.000000000,0.000000000,1,224442.851346,329745,33554432,0.000,1.403095,0.018722,-1.013177,0.000000,0.000000,0.000000,0.000000,0.000000,-0.000000
20240692520,1763340342623948799,0.000000000,0.000000000,1,224442.858346,329745,33554432,0.000,1.403087,0.018721,-1.013167,0.000000,0.000000,0.000000,0.000000,0.000000,-0.000000
20247775587,1763340342631031662,0.000000000,0.000000000,1,224442.865346,329745,33554432,0.000,1.403090,0.018722,-1.013172,0.000000,0.000000,0.000000,0.000000,0.000000,-0.000000
20254693376,1763340342637949655,0.000000000,0.000000000,1,224442.872346,329745,33554432,0.000,1.403080,0.018729,-1.013174,0.000000,0.000000,0.000000,0.000000,0.000000,-0.000000
20263556215,1763340342646812475,0.000000000,0.000000000,1,224442.879346,329745,33554432,0.000,1.403072,0.018731,-1.013167,0.000000,0.000000,0.000000,0.000000,0.000000,-0.000000
20268802751,1763340342652059030,0.000000000,0.000000000,1,224442.886346,329745,33554432,0.000,1.403068,0.018728,-1.013166,0.000000,0.000000,0.000000,0.000000,0.000000,-0.000000
20275720596,1763340342658976857,0.000000000,0.000000000,1,224442.893346,329745,33554432,0.000,1.403066,0.018725,-1.013150,0.000000,0.000000,0.000000,0.000000,0.000000,-0.000000
20282773182,1763340342666029460,0.000000000,0.000000000,1,224442.900346,329745,33554432,0.000,1.403067,0.018723,-1.013144,0.000000,0.000000,0.000000,0.000000,0.000000,-0.000000
20289750304,1763340342673006417,0.000000000,0.000000000,1,224442.907346,329745,33554432,0.000,1.403062,0.018720,-1.013150,0.000000,0.000000,0.000000,0.000000,0.000000,-0.000000
20296676501,1763340342679932780,0.000000000,0.000000000,1,224442.914346,329745,33554432,0.000,1.403067,0.018723,-1.013156,0.000000,0.000000,0.000000,0.000000,0.000000,-0.000000
20303730309,1763340342686986588,0.000000000,0.000000000,1,224442.921346,329745,33554432,0.000,1.403056,0.018731,-1.013149,0.000000,0.000000,0.000000,0.000000,0.000000,-0.000000
20310782932,1763340342694039210,0.000000000,0.000000000,1,224442.928346,329745,33554432,0.000,1.403055,0.018731,-1.013141,0.000000,0.000000,0.000000,0.000000,0.000000,-0.000000
20317677999,1763340342700934278,0.000000000,0.000000000,1,224442.935346,329745,33554432,0.000,1.403057,0.018731,-1.013144,0.000000,0.000000,0.000000,0.000000,0.000000,-0.000000
20324739381,1763340342707995660,0.000000000,0.000000000,1,224442.942346,329745,33554432,0.000,1.403051,0.018731,-1.013137,0.000000,0.000000,0.000000,0.000000,0.000000,-0.000000
20331745207,1763340342715001449,0.000000000,0.000000000,1,224442.949346,329745,33554432,0.000,1.403046,0.018731,-1.013133,0.000000,0.000000,0.000000,0.000000,0.000000,-0.000000
20338791719,1763340342722047849,0.000000000,0.000000000,1,224442.956346,329745,33554432,0.000,1.403051,0.018734,-1.013123,0.000000,0.000000,0.000000,0.000000,0.000000,-0.000000
20345726415,1763340342728982676,0.000000000,0.000000000,1,224442.963346,329745,33554432,0.000,1.403054,0.018739,-1.013123,0.000000,0.000000,0.000000,0.000000,0.000000,-0.000000
20352781631,1763340342736037909,0.000000000,0.000000000,1,224442.970346,329745,33554432,0.000,1.403055,0.018741,-1.013124,0.000000,0.000000,0.000000,0.000000,0.000000,-0.000000
20359809086,1763340342743065236,0.000000000,0.000000000,1,224442.977346,329745,33554432,0.000,1.403053,0.018744,-1.013126,0.000000,0.000000,0.000000,0.000000,0.000000,-0.000000
20366781654,1763340342750037933,0.000000000,0.000000000,1,224442.984346,329745,33554432,0.000,1.403063,0.018736,-1.013117,0.000000,0.000000,0.000000,0.000000,0.000000,-0.000000
20373834184,1763340342757090462,0.000000000,0.000000000,1,224442.991346,329745,33554432,0.000,1.403062,0.018739,-1.013110,0.000000,0.000000,0.000000,0.000000,0.000000,-0.000000
20380728270,1763340342763984548,0.000000000,0.000000000,1,224442.998346,329745,33554432,0.000,1.403066,0.018748,-1.013101,0.000000,0.000000,0.000000,0.000000,0.000000,-0.000000
20387804633,1763340342771060912,0.000000000,0.000000000,1,224443.005346,329745,33554432,0.000,1.403066,0.018753,-1.013106,0.000000,0.000000,0.000000,0.000000,0.000000,-0.000000
20394748959,1763340342778005238,0.000000000,0.000000000,1,224443.012346,329745,33554432,0.000,1.403071,0.018747,-1.013111,0.000000,0.000000,0.000000,0.000000,0.000000,-0.000000
20401802211,1763340342785058490,0.000000000,0.000000000,1,224443.019346,329745,33554432,0.000,1.403077,0.018746,-1.013116,0.000000,0.000000,0.000000,0.000000,0.000000,-0.000000
20408756686,1763340342792012946,0.000000000,0.000000000,1,224443.026346,329745,33554432,0.000,1.403079,0.018726,-1.013116,0.000000,0.000000,0.000000,0.000000,0.000000,-0.000000
20415666587,1763340342798922755,0.000000000,0.000000000,1,224443.033346,329745,33554432,0.000,1.403079,0.018720,-1.013115,0.000000,0.000000,0.000000,0.000000,0.000000,-0.000000
20422720376,1763340342805976655,0.000000000,0.000000000,1,224443.040346,329745,33554432,0.000,1.403083,0.018716,-1.013118,0.000000,0.000000,0.000000,0.000000,0.000000,-0.000000
20429684073,1763340342812940352,0.000000000,0.000000000,1,224443.047346,329745,33554432,0.000,1.403087,0.018720,-1.013113,0.000000,0.000000,0.000000,0.000000,0.000000,-0.000000
20436736751,1763340342819993030,0.000000000,0.000000000,1,224443.054346,329745,33554432,0.000,1.403093,0.018717,-1.013115,0.000000,0.000000,0.000000,0.000000,0.000000,-0.000000
20443801336,1763340342827057615,0.000000000,0.000000000,1,224443.061346,329745,33554432,0.000,1.403083,0.018720,-1.013115,0.000000,0.000000,0.000000,0.000000,0.000000,-0.000000
20450697645,1763340342833953923,0.000000000,0.000000000,1,224443.068346,329745,33554432,0.000,1.403090,0.018720,-1.013115,0.000000,0.000000,0.000000,0.000000,0.000000,-0.000000
20457761045,1763340342841017324,0.000000000,0.000000000,1,224443.075346,329745,33554432,0.000,1.403079,0.018713,-1.013113,0.000000,0.000000,0.000000,0.000000,0.000000,-0.000000
20464679371,1763340342847935650,0.000000000,0.000000000,1,224443.082346,329745,33554432,0.000,1.403077,0.018711,-1.013102,0.000000,0.000000,0.000000,0.000000,0.000000,-0.000000
20471732457,1763340342854988736,0.000000000,0.000000000,1,224443.089346,329745,33554432,0.000,1.403076,0.018706,-1.013109,0.000000,0.000000,0.000000,0.000000,0.000000,-0.000000
20478803450,1763340342862059710,0.000000000,0.000000000,1,224443.096346,329745,33554432,0.000,1.403069,0.018699,-1.013108,0.000000,0.000000,0.000000,0.000000,0.000000,-0.000000
20485697869,1763340342868954148,0.000000000,0.000000000,1,224443.103346,329745,33554432,0.000,1.403068,0.018704,-1.013100,0.000000,0.000000,0.000000,0.000000,0.000000,-0.000000
20492775825,1763340342876032122,0.000000000,0.000000000,1,224443.110346,329745,33554432,0.000,1.403079,0.018697,-1.013102,0.000000,0.000000,0.000000,0.000000,0.000000,-0.000000
20499692614,1763340342882948893,0.000000000,0.000000000,1,224443.117346,329745,33554432,0.000,1.403082,0.018702,-1.013091,0.000000,0.000000,0.000000,0.000000,0.000000,-0.000000
20506765959,1763340342890021645,0.000000000,0.000000000,1,224443.124346,329745,33554432,0.000,1.403082,0.018691,-1.013098,0.000000,0.000000,0.000000,0.000000,0.000000,-0.000000
20513822359,1763340342897078638,0.000000000,0.000000000,1,224443.131346,329745,33554432,0.000,1.403086,0.018690,-1.013101,0.000000,0.000000,0.000000,0.000000,0.000000,-0.000000
20520745371,1763340342904001539,0.000000000,0.000000000,1,224443.138346,329745,33554432,0.000,1.403094,0.018675,-1.013089,0.000000,0.000000,0.000000,0.000000,0.000000,-0.000000
20527702512,1763340342910958773,0.000000000,0.000000000,1,224443.145346,329745,33554432,0.000,1.403095,0.018683,-1.013084,0.000000,0.000000,0.000000,0.000000,0.000000,-0.000000
20534753931,1763340342918010210,0.000000000,0.000000000,1,224443.152346,329745,33554432,0.000,1.403084,0.018680,-1.013085,0.000000,0.000000,0.000000,0.000000,0.000000,-0.000000
20541806294,1763340342925062573,0.000000000,0.000000000,1,224443.159346,329745,33554432,0.000,1.403077,0.018678,-1.013088,0.000000,0.000000,0.000000,0.000000,0.000000,-0.000000
20548713103,1763340342931969382,0.000000000,0.000000000,1,224443.166346,329745,33554432,0.000,1.403073,0.018693,-1.013088,0.000000,0.000000,0.000000,0.000000,0.000000,-0.000000
20555765207,1763340342939021485,0.000000000,0.000000000,1,224443.173346,329745,33554432,0.000,1.403071,0.018695,-1.013090,0.000000,0.000000,0.000000,0.000000,0.000000,-0.000000
20562668959,1763340342945925238,0.000000000,0.000000000,1,224443.180346,329745,33554432,0.000,1.403074,0.018688,-1.013089,0.000000,0.000000,0.000000,0.000000,0.000000,-0.000000
20569769693,1763340342953025972,0.000000000,0.000000000,1,224443.187346,329745,33554432,0.000,1.403071,0.018695,-1.013084,0.000000,0.000000,0.000000,0.000000,0.000000,-0.000000
20576673260,1763340342959929539,0.000000000,0.000000000,1,224443.194346,329745,33554432,0.000,1.403078,0.018699,-1.013084,0.000000,0.000000,0.000000,0.000000,0.000000,-0.000000
20583725716,1763340342966981995,0.000000000,0.000000000,1,224443.201346,329745,33554432,0.000,1.403067,0.018703,-1.013086,0.000000,0.000000,0.000000,0.000000,0.000000,-0.000000
20590794931,1763340342974051210,0.000000000,0.000000000,1,224443.208346,329745,33554432,0.000,1.403071,0.018704,-1.013069,0.000000,0.000000,0.000000,0.000000,0.000000,-0.000000
20597690461,1763340342980946481,0.000000000,0.000000000,1,224443.215346,329745,33554432,0.000,1.403069,0.018702,-1.013070,0.000000,0.000000,0.000000,0.000000,0.000000,-0.000000
20604744102,1763340342988000381,0.000000000,0.000000000,1,224443.222346,329745,33554432,0.000,1.403065,0.018701,-1.013068,0.000000,0.000000,0.000000,0.000000,0.000000,-0.000000
20611805077,1763340342995061374,0.000000000,0.000000000,1,224443.229346,329745,33554432,0.000,1.403060,0.018702,-1.013062,0.000000,0.000000,0.000000,0.000000,0.000000,-0.000000
20618716552,1763340343001972830,0.000000000,0.000000000,1,224443.236346,329745,33554432,0.000,1.403055,0.018696,-1.013062,0.000000,0.000000,0.000000,0.000000,0.000000,-0.000000
20625773581,1763340343009029860,0.000000000,0.000000000,1,224443.243346,329745,33554432,0.000,1.403055,0.018699,-1.013063,0.000000,0.000000,0.000000,0.000000,0.000000,-0.000000
20632864185,1763340343016120464,0.000000000,0.000000000,1,224443.250346,329745,33554432,0.000,1.403043,0.018686,-1.013050,0.000000,0.000000,0.000000,0.000000,0.000000,-0.000000
20639703901,1763340343022960180,0.000000000,0.000000000,1,224443.257346,329745,33554432,0.000,1.403035,0.018692,-1.013055,0.000000,0.000000,0.000000,0.000000,0.000000,-0.000000
20646774783,1763340343030031062,0.000000000,0.000000000,1,224443.264346,329745,33554432,0.000,1.403032,0.018695,-1.013044,0.000000,0.000000,0.000000,0.000000,0.000000,-0.000000
20653687795,1763340343036944074,0.000000000,0.000000000,1,224443.271346,329745,33554432,0.000,1.403035,0.018704,-1.013040,0.000000,0.000000,0.000000,0.000000,0.000000,-0.000000
20660741288,1763340343043997566,0.000000000,0.000000000,1,224443.278346,329745,33554432,0.000,1.403030,0.018718,-1.013044,0.000000,0.000000,0.000000,0.000000,0.000000,-0.000000
20667683188,1763340343050939467,0.000000000,0.000000000,1,224443.285346,329745,33554432,0.000,1.403023,0.018716,-1.013040,0.000000,0.000000,0.000000,0.000000,0.000000,-0.000000
20674741625,1763340343057997904,0.000000000,0.000000000,1,224443.292346,329745,33554432,0.000,1.403019,0.018719,-1.013042,0.000000,0.000000,0.000000,0.000000,0.000000,-0.000000
20681808396,1763340343065064675,0.000000000,0.000000000,1,224443.299346,329745,33554432,0.000,1.403016,0.018721,-1.013042,0.000000,0.000000,0.000000,0.000000,0.000000,-0.000000
20688730797,1763340343071986946,0.000000000,0.000000000,1,224443.306346,329745,33554432,0.000,1.403013,0.018716,-1.013038,0.000000,0.000000,0.000000,0.000000,0.000000,-0.000000
20695722160,1763340343078978384,0.000000000,0.000000000,1,224443.313346,329745,33554432,0.000,1.403022,0.018726,-1.013038,0.000000,0.000000,0.000000,0.000000,0.000000,-0.000000
20702778505,1763340343086034765,0.000000000,0.000000000,1,224443.320346,329745,33554432,0.000,1.403029,0.018741,-1.013026,0.000000,0.000000,0.000000,0.000000,0.000000,-0.000000
20709724906,1763340343092981184,0.000000000,0.000000000,1,224443.327346,329745,33554432,0.000,1.403031,0.018738,-1.013027,0.000000,0.000000,0.000000,0.000000,0.000000,-0.000000
20716815102,1763340343100071270,0.000000000,0.000000000,1,224443.334346,329745,33554432,0.000,1.403025,0.018752,-1.013028,0.000000,0.000000,0.000000,0.000000,0.000000,-0.000000
20723721892,1763340343106978171,0.000000000,0.000000000,1,224443.341346,329745,33554432,0.000,1.403029,0.018752,-1.013034,0.000000,0.000000,0.000000,0.000000,0.000000,-0.000000
20730806440,1763340343114062719,0.000000000,0.000000000,1,224443.348346,329745,33554432,0.000,1.403033,0.018742,-1.013023,0.000000,0.000000,0.000000,0.000000,0.000000,-0.000000
20737702767,1763340343120959046,0.000000000,0.000000000,1,224443.355346,329745,33554432,0.000,1.403024,0.018748,-1.013030,0.000000,0.000000,0.000000,0.000000,0.000000,-0.000000
20744764611,1763340343128020890,0.000000000,0.000000000,1,224443.362346,329745,33554432,0.000,1.403025,0.018735,-1.013025,0.000000,0.000000,0.000000,0.000000,0.000000,-0.000000
20751818382,1763340343135074661,0.000000000,0.000000000,1,224443.369346,329745,33554432,0.000,1.403030,0.018736,-1.013021,0.000000,0.000000,0.000000,0.000000,0.000000,-0.000000
20758723838,1763340343141980117,0.000000000,0.000000000,1,224443.376346,329745,33554432,0.000,1.403035,0.018744,-1.013020,0.000000,0.000000,0.000000,0.000000,0.000000,-0.000000
20765725405,1763340343148981647,0.000000000,0.000000000,1,224443.383346,329745,33554432,0.000,1.403045,0.018753,-1.013022,0.000000,0.000000,0.000000,0.000000,0.000000,-0.000000
20772822435,1763340343156078584,0.000000000,0.000000000,1,224443.390346,329745,33554432,0.000,1.403046,0.018749,-1.013016,0.000000,0.000000,0.000000,0.000000,0.000000,-0.000000
20779764799,1763340343163021078,0.000000000,0.000000000,1,224443.397346,329745,33554432,0.000,1.403046,0.018756,-1.013005,0.000000,0.000000,0.000000,0.000000,0.000000,-0.000000
20786683718,1763340343169939997,0.000000000,0.000000000,1,224443.404346,329745,33554432,0.000,1.403048,0.018751,-1.012995,0.000000,0.000000,0.000000,0.000000,0.000000,-0.000000
20793816637,1763340343177072915,0.000000000,0.000000000,1,224443.411346,329745,33554432,0.000,1.403041,0.018758,-1.012988,0.000000,0.000000,0.000000,0.000000,0.000000,-0.000000
20800722204,1763340343183978483,0.000000000,0.000000000,1,224443.418346,329745,33554432,0.000,1.403035,0.018753,-1.012976,0.000000,0.000000,0.000000,0.000000,0.000000,-0.000000
20807776549,1763340343191032809,0.000000000,0.000000000,1,224443.425346,329745,33554432,0.000,1.403036,0.018756,-1.012976,0.000000,0.000000,0.000000,0.000000,0.000000,-0.000000
20814688172,1763340343197944451,0.000000000,0.000000000,1,224443.432346,329745,33554432,0.000,1.403035,0.018759,-1.012972,0.000000,0.000000,0.000000,0.000000,0.000000,-0.000000
20821740998,1763340343204997277,0.000000000,0.000000000,1,224443.439346,329745,33554432,0.000,1.403038,0.018757,-1.012974,0.000000,0.000000,0.000000,0.000000,0.000000,-0.000000
20829012027,1763340343212268287,0.000000000,0.000000000,1,224443.446346,329745,33554432,0.000,1.403040,0.018762,-1.012980,0.000000,0.000000,0.000000,0.000000,0.000000,-0.000000
20835785817,1763340343219041337,0.000000000,0.000000000,1,224443.453346,329745,33554432,0.000,1.403037,0.018760,-1.012982,0.000000,0.000000,0.000000,0.000000,0.000000,-0.000000
20842813421,1763340343226069589,0.000000000,0.000000000,1,224443.460346,329745,33554432,0.000,1.403019,0.018747,-1.012985,0.000000,0.000000,0.000000,0.000000,0.000000,-0.000000
20849779507,1763340343233035767,0.000000000,0.000000000,1,224443.467346,329745,33554432,0.000,1.403031,0.018746,-1.012982,0.000000,0.000000,0.000000,0.000000,0.000000,-0.000000
20856700074,1763340343239956242,0.000000000,0.000000000,1,224443.474346,329745,33554432,0.000,1.403046,0.018738,-1.012993,0.000000,0.000000,0.000000,0.000000,0.000000,-0.000000
20863678549,1763340343246934735,0.000000000,0.000000000,1,224443.481346,329745,33554432,0.000,1.403046,0.018738,-1.012986,0.000000,0.000000,0.000000,0.000000,0.000000,-0.000000
20870731097,1763340343253987376,0.000000000,0.000000000,1,224443.488346,329745,33554432,0.000,1.403042,0.018745,-1.012988,0.000000,0.000000,0.000000,0.000000,0.000000,-0.000000
20877784183,1763340343261040462,0.000000000,0.000000000,1,224443.495346,329745,33554432,0.000,1.403049,0.018746,-1.012971,0.000000,0.000000,0.000000,0.000000,0.000000,-0.000000
20884689954,1763340343267946233,0.000000000,0.000000000,1,224443.502346,329745,33554432,0.000,1.403042,0.018732,-1.012967,0.000000,0.000000,0.000000,0.000000,0.000000,-0.000000
20891773521,1763340343275029800,0.000000000,0.000000000,1,224443.509346,329745,33554432,0.000,1.403049,0.018740,-1.012970,0.000000,0.000000,0.000000,0.000000,0.000000,-0.000000
20898672848,1763340343281929015,0.000000000,0.000000000,1,224443.516346,329745,33554432,0.000,1.403057,0.018729,-1.012976,0.000000,0.000000,0.000000,0.000000,0.000000,-0.000000
20905729433,1763340343288985712,0.000000000,0.000000000,1,224443.523346,329745,33554432,0.000,1.403049,0.018735,-1.012984,0.000000,0.000000,0.000000,0.000000,0.000000,-0.000000
20912810055,1763340343296066334,0.000000000,0.000000000,1,224443.530346,329745,33554432,0.000,1.403061,0.018731,-1.012973,0.000000,0.000000,0.000000,0.000000,0.000000,-0.000000
20919737308,1763340343302993587,0.000000000,0.000000000,1,224443.537346,329745,33554432,0.000,1.403069,0.018735,-1.012984,0.000000,0.000000,0.000000,0.000000,0.000000,-0.000000
20926677042,1763340343309933284,0.000000000,0.000000000,1,224443.544346,329745,33554432,0.000,1.403060,0.018745,-1.012986,0.000000,0.000000,0.000000,0.000000,0.000000,-0.000000
20933733720,1763340343316989999,0.000000000,0.000000000,1,224443.551346,329745,33554432,0.000,1.403064,0.018744,-1.012987,0.000000,0.000000,0.000000,0.000000,0.000000,-0.000000
20940796565,1763340343324052843,0.000000000,0.000000000,1,224443.558346,329745,33554432,0.000,1.403077,0.018739,-1.012982,0.000000,0.000000,0.000000,0.000000,0.000000,-0.000000
20947690910,1763340343330947207,0.000000000,0.000000000,1,224443.565346,329745,33554432,0.000,1.403071,0.018735,-1.012974,0.000000,0.000000,0.000000,0.000000,0.000000,-0.000000
20954744032,1763340343338000311,0.000000000,0.000000000,1,224443.572346,329745,33554432,0.000,1.403077,0.018723,-1.012983,0.000000,0.000000,0.000000,0.000000,0.000000,-0.000000
20961796414,1763340343345052693,0.000000000,0.000000000,1,224443.579346,329745,33554432,0.000,1.403076,0.018729,-1.012981,0.000000,0.000000,0.000000,0.000000,0.000000,-0.000000
20968722852,1763340343351979131,0.000000000,0.000000000,1,224443.586346,329745,33554432,0.000,1.403064,0.018732,-1.012978,0.000000,0.000000,0.000000,0.000000,0.000000,-0.000000
20975777863,1763340343359034142,0.000000000,0.000000000,1,224443.593346,329745,33554432,0.000,1.403062,0.018733,-1.012987,0.000000,0.000000,0.000000,0.000000,0.000000,-0.000000
20982689171,1763340343365945432,0.000000000,0.000000000,1,224443.600346,329745,33554432,0.000,1.403069,0.018729,-1.012980,0.000000,0.000000,0.000000,0.000000,0.000000,-0.000000
20989784090,1763340343373040332,0.000000000,0.000000000,1,224443.607346,329745,33554432,0.000,1.403063,0.018737,-1.012980,0.000000,0.000000,0.000000,0.000000,0.000000,-0.000000
20996679121,1763340343379935399,0.000000000,0.000000000,1,224443.614346,329745,33554432,0.000,1.403070,0.018747,-1.012974,0.000000,0.000000,0.000000,0.000000,0.000000,-0.000000
21003732373,1763340343386988651,0.000000000,0.000000000,1,224443.621346,329745,33554432,0.000,1.403074,0.018749,-1.012970,0.000000,0.000000,0.000000,0.000000,0.000000,-0.000000
21010806606,1763340343394062885,0.000000000,0.000000000,1,224443.628346,329745,33554432,0.000,1.403074,0.018747,-1.012955,0.000000,0.000000,0.000000,0.000000,0.000000,-0.000000
21017722988,1763340343400979267,0.000000000,0.000000000,1,224443.635346,329745,33554432,0.000,1.403078,0.018750,-1.012962,0.000000,0.000000,0.000000,0.000000,0.000000,-0.000000
21024780592,1763340343408036871,0.000000000,0.000000000,1,224443.642346,329745,33554432,0.000,1.403062,0.018746,-1.012944,0.000000,0.000000,0.000000,0.000000,0.000000,-0.000000
21031731511,1763340343414987790,0.000000000,0.000000000,1,224443.649346,329745,33554432,0.000,1.403063,0.018745,-1.012943,0.000000,0.000000,0.000000,0.000000,0.000000,-0.000000
21038783875,1763340343422040154,0.000000000,0.000000000,1,224443.656346,329745,33554432,0.000,1.403057,0.018751,-1.012943,0.000000,0.000000,0.000000,0.000000,0.000000,-0.000000
21045678553,1763340343428934832,0.000000000,0.000000000,1,224443.663346,329745,33554432,0.000,1.403062,0.018744,-1.012935,0.000000,0.000000,0.000000,0.000000,0.000000,-0.000000
21052739287,1763340343435995566,0.000000000,0.000000000,1,224443.670346,329745,33554432,0.000,1.403072,0.018737,-1.012925,0.000000,0.000000,0.000000,0.000000,0.000000,-0.000000
21059807094,1763340343443063373,0.000000000,0.000000000,1,224443.677346,329745,33554432,0.000,1.403062,0.018739,-1.012928,0.000000,0.000000,0.000000,0.000000,0.000000,-0.000000
21066720736,1763340343449977015,0.000000000,0.000000000,1,224443.684346,329745,33554432,0.000,1.403060,0.018735,-1.012921,0.000000,0.000000,0.000000,0.000000,0.000000,-0.000000
21073773303,1763340343457029582,0.000000000,0.000000000,1,224443.691346,329745,33554432,0.000,1.403066,0.018736,-1.012922,0.000000,0.000000,0.000000,0.000000,0.000000,-0.000000
21080681018,1763340343463937297,0.000000000,0.000000000,1,224443.698346,329745,33554432,0.000,1.403059,0.018739,-1.012914,0.000000,0.000000,0.000000,0.000000,0.000000,-0.000000
21087733530,1763340343470989809,0.000000000,0.000000000,1,224443.705346,329745,33554432,0.000,1.403050,0.018735,-1.012914,0.000000,0.000000,0.000000,0.000000,0.000000,-0.000000
21094802541,1763340343478058802,0.000000000,0.000000000,1,224443.712346,329745,33554432,0.000,1.403058,0.018726,-1.012918,0.000000,0.000000,0.000000,0.000000,0.000000,-0.000000
21101697535,1763340343484953813,0.000000000,0.000000000,1,224443.719346,329745,33554432,0.000,1.403065,0.018729,-1.012921,0.000000,0.000000,0.000000,0.000000,0.000000,-0.000000
21108771527,1763340343492027806,0.000000000,0.000000000,1,224443.726346,329745,33554432,0.000,1.403068,0.018736,-1.012921,0.000000,0.000000,0.000000,0.000000,0.000000,-0.000000
21115680687,1763340343498936985,0.000000000,0.000000000,1,224443.733346,329745,33554432,0.000,1.403064,0.018738,-1.012915,0.000000,0.000000,0.000000,0.000000,0.000000,-0.000000
21122738199,1763340343505994496,0.000000000,0.000000000,1,224443.740346,329745,33554432,0.000,1.403074,0.018736,-1.012912,0.000000,0.000000,0.000000,0.000000,0.000000,-0.000000
21129686488,1763340343512942767,0.000000000,0.000000000,1,224443.747346,329745,33554432,0.000,1.403075,0.018736,-1.012910,0.000000,0.000000,0.000000,0.000000,0.000000,-0.000000
21136742333,1763340343519998630,0.000000000,0.000000000,1,224443.754346,329745,33554432,0.000,1.403075,0.018746,-1.012914,0.000000,0.000000,0.000000,0.000000,0.000000,-0.000000
21143807511,1763340343527063808,0.000000000,0.000000000,1,224443.761346,329745,33554432,0.000,1.403070,0.018746,-1.012918,0.000000,0.000000,0.000000,0.000000,0.000000,-0.000000
21150728578,1763340343533984746,0.000000000,0.000000000,1,224443.768346,329745,33554432,0.000,1.403058,0.018758,-1.012913,0.000000,0.000000,0.000000,0.000000,0.000000,-0.000000
21157787553,1763340343541043850,0.000000000,0.000000000,1,224443.775346,329745,33554432,0.000,1.403063,0.018760,-1.012919,0.000000,0.000000,0.000000,0.000000,0.000000,-0.000000
21164743027,1763340343547999306,0.000000000,0.000000000,1,224443.782346,329745,33554432,0.000,1.403068,0.018749,-1.012918,0.000000,0.000000,0.000000,0.000000,0.000000,-0.000000
21171815668,1763340343555071947,0.000000000,0.000000000,1,224443.789346,329745,33554432,0.000,1.403065,0.018752,-1.012917,0.000000,0.000000,0.000000,0.000000,0.000000,-0.000000
21178726291,1763340343561982552,0.000000000,0.000000000,1,224443.796346,329745,33554432,0.000,1.403053,0.018755,-1.012906,0.000000,0.000000,0.000000,0.000000,0.000000,-0.000000
21185779803,1763340343569036100,0.000000000,0.000000000,1,224443.803346,329745,33554432,0.000,1.403051,0.018755,-1.012914,0.000000,0.000000,0.000000,0.000000,0.000000,-0.000000
21192869869,1763340343576126148,0.000000000,0.000000000,1,224443.810346,329745,33554432,0.000,1.403050,0.018752,-1.012914,0.000000,0.000000,0.000000,0.000000,0.000000,-0.000000
21199794826,1763340343583051105,0.000000000,0.000000000,1,224443.817346,329745,33554432,0.000,1.403048,0.018757,-1.012918,0.000000,0.000000,0.000000,0.000000,0.000000,-0.000000
21206747726,1763340343590004005,0.000000000,0.000000000,1,224443.824346,329745,33554432,0.000,1.403051,0.018760,-1.012913,0.000000,0.000000,0.000000,0.000000,0.000000,-0.000000
21213815497,1763340343597071665,0.000000000,0.000000000,1,224443.831346,329745,33554432,0.000,1.403049,0.018762,-1.012913,0.000000,0.000000,0.000000,0.000000,0.000000,-0.000000
21220713546,1763340343603969825,0.000000000,0.000000000,1,224443.838346,329745,33554432,0.000,1.403052,0.018755,-1.012903,0.000000,0.000000,0.000000,0.000000,0.000000,-0.000000
21227815057,1763340343611071336,0.000000000,0.000000000,1,224443.845346,329745,33554432,0.000,1.403051,0.018758,-1.012912,0.000000,0.000000,0.000000,0.000000,0.000000,-0.000000
21234711180,1763340343617967459,0.000000000,0.000000000,1,224443.852346,329745,33554432,0.000,1.403062,0.018756,-1.012908,0.000000,0.000000,0.000000,0.000000,0.000000,-0.000000
21241765543,1763340343625021822,0.000000000,0.000000000,1,224443.859346,329745,33554432,0.000,1.403059,0.018767,-1.012917,0.000000,0.000000,0.000000,0.000000,0.000000,-0.000000
21248672074,1763340343631928353,0.000000000,0.000000000,1,224443.866346,329745,33554432,0.000,1.403055,0.018770,-1.012917,0.000000,0.000000,0.000000,0.000000,0.000000,-0.000000
21255740159,1763340343638996438,0.000000000,0.000000000,1,224443.873346,329745,33554432,0.000,1.403058,0.018770,-1.012919,0.000000,0.000000,0.000000,0.000000,0.000000,-0.000000
21263536372,1763340343646792724,0.000000000,0.000000000,1,224443.880346,329745,33554432,0.000,1.403052,0.018787,-1.012909,0.000000,0.000000,0.000000,0.000000,0.000000,-0.000000
21269744497,1763340343653000776,0.000000000,0.000000000,1,224443.887346,329745,33554432,0.000,1.403051,0.018789,-1.012899,0.000000,0.000000,0.000000,0.000000,0.000000,-0.000000
21276674972,1763340343659931121,0.000000000,0.000000000,1,224443.894346,329745,33554432,0.000,1.403040,0.018778,-1.012898,0.000000,0.000000,0.000000,0.000000,0.000000,-0.000000
21283729168,1763340343666985447,0.000000000,0.000000000,1,224443.901346,329745,33554432,0.000,1.403042,0.018786,-1.012900,0.000000,0.000000,0.000000,0.000000,0.000000,-0.000000
21290683921,1763340343673940200,0.000000000,0.000000000,1,224443.908346,329745,33554432,0.000,1.403041,0.018784,-1.012890,0.000000,0.000000,0.000000,0.000000,0.000000,-0.000000
21297730136,1763340343680986433,0.000000000,0.000000000,1,224443.915346,329745,33554432,0.000,1.403045,0.018792,-1.012895,0.000000,0.000000,0.000000,0.000000,0.000000,-0.000000
21304802055,1763340343688058352,0.000000000,0.000000000,1,224443.922346,329745,33554432,0.000,1.403038,0.018789,-1.012869,0.000000,0.000000,0.000000,0.000000,0.000000,-0.000000
21311713307,1763340343694969586,0.000000000,0.000000000,1,224443.929346,329745,33554432,0.000,1.403033,0.018794,-1.012866,0.000000,0.000000,0.000000,0.000000,0.000000,-0.000000
21318806578,1763340343702062875,0.000000000,0.000000000,1,224443.936346,329745,33554432,0.000,1.403016,0.018791,-1.012857,0.000000,0.000000,0.000000,0.000000,0.000000,-0.000000
21325726553,1763340343708982831,0.000000000,0.000000000,1,224443.943346,329745,33554432,0.000,1.403024,0.018793,-1.012859,0.000000,0.000000,0.000000,0.000000,0.000000,-0.000000
21332760046,1763340343716016269,0.000000000,0.000000000,1,224443.950346,329745,33554432,0.000,1.403025,0.018788,-1.012856,0.000000,0.000000,0.000000,0.000000,0.000000,-0.000000
21339708113,1763340343722964336,0.000000000,0.000000000,1,224443.957346,329745,33554432,0.000,1.403028,0.018788,-1.012857,0.000000,0.000000,0.000000,0.000000,0.000000,-0.000000
21346807087,1763340343730062718,0.000000000,0.000000000,1,224443.964346,329745,33554432,0.000,1.403016,0.018785,-1.012857,0.000000,0.000000,0.000000,0.000000,0.000000,-0.000000
21353702192,1763340343736958470,0.000000000,0.000000000,1,224443.971346,329745,33554432,0.000,1.403028,0.018783,-1.012865,0.000000,0.000000,0.000000,0.000000,0.000000,-0.000000
21360689277,1763340343743945445,0.000000000,0.000000000,1,224443.978346,329745,33554432,0.000,1.403025,0.018767,-1.012846,0.000000,0.000000,0.000000,0.000000,0.000000,-0.000000
21367815066,1763340343751071234,0.000000000,0.000000000,1,224443.985346,329745,33554432,0.000,1.403025,0.018771,-1.012848,0.000000,0.000000,0.000000,0.000000,0.000000,-0.000000
21374725004,1763340343757981283,0.000000000,0.000000000,1,224443.992346,329745,33554432,0.000,1.403039,0.018773,-1.012841,0.000000,0.000000,0.000000,0.000000,0.000000,-0.000000
21381777978,1763340343765034257,0.000000000,0.000000000,1,224443.999346,329745,33554432,0.000,1.403031,0.018779,-1.012837,0.000000,0.000000,0.000000,0.000000,0.000000,-0.000000
21388672712,1763340343771928991,0.000000000,0.000000000,1,224444.006346,329745,33554432,0.000,1.403039,0.018767,-1.012833,0.000000,0.000000,0.000000,0.000000,0.000000,-0.000000
21395751094,1763340343779007373,0.000000000,0.000000000,1,224444.013346,329745,33554432,0.000,1.403030,0.018776,-1.012838,0.000000,0.000000,0.000000,0.000000,0.000000,-0.000000
21402707958,1763340343785964144,0.000000000,0.000000000,1,224444.020346,329745,33554432,0.000,1.403031,0.018779,-1.012826,0.000000,0.000000,0.000000,0.000000,0.000000,-0.000000
21409805617,1763340343793061896,0.000000000,0.000000000,1,224444.027346,329745,33554432,0.000,1.403028,0.018771,-1.012832,0.000000,0.000000,0.000000,0.000000,0.000000,-0.000000
21416714536,1763340343799970815,0.000000000,0.000000000,1,224444.034346,329745,33554432,0.000,1.403014,0.018774,-1.012824,0.000000,0.000000,0.000000,0.000000,0.000000,-0.000000
21423768233,1763340343807024512,0.000000000,0.000000000,1,224444.041346,329745,33554432,0.000,1.403018,0.018777,-1.012826,0.000000,0.000000,0.000000,0.000000,0.000000,-0.000000
21430720541,1763340343813976820,0.000000000,0.000000000,1,224444.048346,329745,33554432,0.000,1.403022,0.018777,-1.012808,0.000000,0.000000,0.000000,0.000000,0.000000,-0.000000
21437774071,1763340343821030350,0.000000000,0.000000000,1,224444.055346,329745,33554432,0.000,1.403012,0.018778,-1.012808,0.000000,0.000000,0.000000,0.000000,0.000000,-0.000000
21444685342,1763340343827941621,0.000000000,0.000000000,1,224444.062346,329745,33554432,0.000,1.403010,0.018778,-1.012798,0.000000,0.000000,0.000000,0.000000,0.000000,-0.000000
21451755446,1763340343835011614,0.000000000,0.000000000,1,224444.069346,329745,33554432,0.000,1.403017,0.018778,-1.012804,0.000000,0.000000,0.000000,0.000000,0.000000,-0.000000
21458809642,1763340343842065921,0.000000000,0.000000000,1,224444.076346,329745,33554432,0.000,1.403003,0.018787,-1.012803,0.000000,0.000000,0.000000,0.000000,0.000000,-0.000000
21465777135,1763340343849033414,0.000000000,0.000000000,1,224444.083346,329745,33554432,0.000,1.403009,0.018782,-1.012810,0.000000,0.000000,0.000000,0.000000,0.000000,-0.000000
21472831239,1763340343856087518,0.000000000,0.000000000,1,224444.090346,329745,33554432,0.000,1.403013,0.018798,-1.012805,0.000000,0.000000,0.000000,0.000000,0.000000,-0.000000
21479759455,1763340343863015734,0.000000000,0.000000000,1,224444.097346,329745,33554432,0.000,1.403013,0.018801,-1.012804,0.000000,0.000000,0.000000,0.000000,0.000000,-0.000000
21486812744,1763340343870069023,0.000000000,0.000000000,1,224444.104346,329745,33554432,0.000,1.403011,0.018811,-1.012792,0.000000,0.000000,0.000000,0.000000,0.000000,-0.000000
21493743608,1763340343876999887,0.000000000,0.000000000,1,224444.111346,329745,33554432,0.000,1.403018,0.018815,-1.012787,0.000000,0.000000,0.000000,0.000000,0.000000,-0.000000
21500796675,1763340343884052954,0.000000000,0.000000000,1,224444.118346,329745,33554432,0.000,1.403007,0.018814,-1.012776,0.000000,0.000000,0.000000,0.000000,0.000000,-0.000000
21507723668,1763340343890979947,0.000000000,0.000000000,1,224444.125346,329745,33554432,0.000,1.403008,0.018814,-1.012773,0.000000,0.000000,0.000000,0.000000,0.000000,-0.000000
21514779105,1763340343898035384,0.000000000,0.000000000,1,224444.132346,329745,33554432,0.000,1.403006,0.018824,-1.012776,0.000000,0.000000,0.000000,0.000000,0.000000,-0.000000
21521695173,1763340343904951081,0.000000000,0.000000000,1,224444.139346,329745,33554432,0.000,1.403002,0.018831,-1.012778,0.000000,0.000000,0.000000,0.000000,0.000000,-0.000000
21528667758,1763340343911924019,0.000000000,0.000000000,1,224444.146346,329745,33554432,0.000,1.402992,0.018834,-1.012765,0.000000,0.000000,0.000000,0.000000,0.000000,-0.000000
21535734436,1763340343918990715,0.000000000,0.000000000,1,224444.153346,329745,33554432,0.000,1.402996,0.018832,-1.012769,0.000000,0.000000,0.000000,0.000000,0.000000,-0.000000
21542796966,1763340343926053245,0.000000000,0.000000000,1,224444.160346,329745,33554432,0.000,1.402996,0.018837,-1.012766,0.000000,0.000000,0.000000,0.000000,0.000000,-0.000000
21549732052,1763340343932988331,0.000000000,0.000000000,1,224444.167346,329745,33554432,0.000,1.403005,0.018836,-1.012764,0.000000,0.000000,0.000000,0.000000,0.000000,-0.000000
21556799804,1763340343940056102,0.000000000,0.000000000,1,224444.174346,329745,33554432,0.000,1.403011,0.018822,-1.012767,0.000000,0.000000,0.000000,0.000000,0.000000,-0.000000
21563878316,1763340343947134557,0.000000000,0.000000000,1,224444.181346,329745,33554432,0.000,1.403023,0.018823,-1.012781,0.000000,0.000000,0.000000,0.000000,0.000000,-0.000000
21570776327,1763340343954032606,0.000000000,0.000000000,1,224444.188346,329745,33554432,0.000,1.403020,0.018822,-1.012768,0.000000,0.000000,0.000000,0.000000,0.000000,-0.000000
21577686025,1763340343960942322,0.000000000,0.000000000,1,224444.195346,329745,33554432,0.000,1.403027,0.018824,-1.012764,0.000000,0.000000,0.000000,0.000000,0.000000,-0.000000
21584741443,1763340343967997741,0.000000000,0.000000000,1,224444.202346,329745,33554432,0.000,1.403037,0.018820,-1.012744,0.000000,0.000000,0.000000,0.000000,0.000000,-0.000000
21591812177,1763340343975068474,0.000000000,0.000000000,1,224444.209346,329745,33554432,0.000,1.403046,0.018826,-1.012740,0.000000,0.000000,0.000000,0.000000,0.000000,-0.000000
21598726948,1763340343981983227,0.000000000,0.000000000,1,224444.216346,329745,33554432,0.000,1.403056,0.018829,-1.012727,0.000000,0.000000,0.000000,0.000000,0.000000,-0.000000
21605829441,1763340343989085738,0.000000000,0.000000000,1,224444.223346,329745,33554432,0.000,1.403051,0.018814,-1.012723,0.000000,0.000000,0.000000,0.000000,0.000000,-0.000000
21612881100,1763340343996137101,0.000000000,0.000000000,1,224444.230346,329745,33554432,0.000,1.403042,0.018813,-1.012715,0.000000,0.000000,0.000000,0.000000,0.000000,-0.000000
21619806797,1763340344003063020,0.000000000,0.000000000,1,224444.237346,329745,33554432,0.000,1.403051,0.018818,-1.012718,0.000000,0.000000,0.000000,0.000000,0.000000,-0.000000
21626781216,1763340344010037236,0.000000000,0.000000000,1,224444.244346,329745,33554432,0.000,1.403039,0.018812,-1.012705,0.000000,0.000000,0.000000,0.000000,0.000000,-0.000000
21633687710,1763340344016943988,0.000000000,0.000000000,1,224444.251346,329745,33554432,0.000,1.403032,0.018817,-1.012704,0.000000,0.000000,0.000000,0.000000,0.000000,-0.000000
21640740443,1763340344023996722,0.000000000,0.000000000,1,224444.258346,329745,33554432,0.000,1.403029,0.018817,-1.012683,0.000000,0.000000,0.000000,0.000000,0.000000,-0.000000
21647724566,1763340344030980382,0.000000000,0.000000000,1,224444.265346,329745,33554432,0.000,1.403024,0.018824,-1.012682,0.000000,0.000000,0.000000,0.000000,0.000000,-0.000000
21654779485,1763340344038035764,0.000000000,0.000000000,1,224444.272346,329745,33554432,0.000,1.403023,0.018823,-1.012680,0.000000,0.000000,0.000000,0.000000,0.000000,-0.000000
21661701497,1763340344044957775,0.000000000,0.000000000,1,224444.279346,329745,33554432,0.000,1.403015,0.018823,-1.012679,0.000000,0.000000,0.000000,0.000000,0.000000,-0.000000
21668811952,1763340344052068249,0.000000000,0.000000000,1,224444.286346,329745,33554432,0.000,1.403021,0.018815,-1.012680,0.000000,0.000000,0.000000,0.000000,0.000000,-0.000000
21675737168,1763340344058993447,0.000000000,0.000000000,1,224444.293346,329745,33554432,0.000,1.403025,0.018812,-1.012674,0.000000,0.000000,0.000000,0.000000,0.000000,-0.000000
21682808660,1763340344066064958,0.000000000,0.000000000,1,224444.300346,329745,33554432,0.000,1.403035,0.018798,-1.012670,0.000000,0.000000,0.000000,0.000000,0.000000,-0.000000
21689749672,1763340344073005914,0.000000000,0.000000000,1,224444.307346,329745,33554432,0.000,1.403045,0.018800,-1.012668,0.000000,0.000000,0.000000,0.000000,0.000000,-0.000000
21696808591,1763340344080064888,0.000000000,0.000000000,1,224444.314346,329745,33554432,0.000,1.403046,0.018804,-1.012668,0.000000,0.000000,0.000000,0.000000,0.000000,-0.000000
21703724677,1763340344086980474,0.000000000,0.000000000,1,224444.321346,329745,33554432,0.000,1.403046,0.018808,-1.012673,0.000000,0.000000,0.000000,0.000000,0.000000,-0.000000
21710791670,1763340344094047967,0.000000000,0.000000000,1,224444.328346,329745,33554432,0.000,1.403044,0.018797,-1.012675,0.000000,0.000000,0.000000,0.000000,0.000000,-0.000000
21717692293,1763340344100948572,0.000000000,0.000000000,1,224444.335346,329745,33554432,0.000,1.403040,0.018797,-1.012673,0.000000,0.000000,0.000000,0.000000,0.000000,-0.000000
21724805396,1763340344108061657,0.000000000,0.000000000,1,224444.342346,329745,33554432,0.000,1.403044,0.018794,-1.012656,0.000000,0.000000,0.000000,0.000000,0.000000,-0.000000
21731733556,1763340344114989835,0.000000000,0.000000000,1,224444.349346,329745,33554432,0.000,1.403049,0.018787,-1.012650,0.000000,0.000000,0.000000,0.000000,0.000000,-0.000000
21738787309,1763340344122043587,0.000000000,0.000000000,1,224444.356346,329745,33554432,0.000,1.403041,0.018783,-1.012648,0.000000,0.000000,0.000000,0.000000,0.000000,-0.000000
21745685209,1763340344128941488,0.000000000,0.000000000,1,224444.363346,329745,33554432,0.000,1.403045,0.018773,-1.012647,0.000000,0.000000,0.000000,0.000000,0.000000,-0.000000
21752896961,1763340344136153240,0.000000000,0.000000000,1,224444.370346,329745,33554432,0.000,1.403040,0.018775,-1.012642,0.000000,0.000000,0.000000,0.000000,0.000000,-0.000000
21759681492,1763340344142937771,0.000000000,0.000000000,1,224444.377346,329745,33554432,0.000,1.403046,0.018777,-1.012636,0.000000,0.000000,0.000000,0.000000,0.000000,-0.000000
21766760892,1763340344150017171,0.000000000,0.000000000,1,224444.384346,329745,33554432,0.000,1.403043,0.018777,-1.012625,0.000000,0.000000,0.000000,0.000000,0.000000,-0.000000
21775555767,1763340344158812028,0.000000000,0.000000000,1,224444.391346,329745,33554432,0.000,1.403041,0.018779,-1.012618,0.000000,0.000000,0.000000,0.000000,0.000000,-0.000000
21780733897,1763340344163990064,0.000000000,0.000000000,1,224444.398346,329745,33554432,0.000,1.403035,0.018779,-1.012591,0.000000,0.000000,0.000000,0.000000,0.000000,-0.000000
21788100333,1763340344171356519,0.000000000,0.000000000,1,224444.405346,329745,33554432,0.000,1.403039,0.018770,-1.012595,0.000000,0.000000,0.000000,0.000000,0.000000,-0.000000
21794714142,1763340344177970421,0.000000000,0.000000000,1,224444.412346,329745,33554432,0.000,1.403023,0.018774,-1.012600,0.000000,0.000000,0.000000,0.000000,0.000000,-0.000000
21801931560,1763340344185187302,0.000000000,0.000000000,1,224444.419346,329745,33554432,0.000,1.403022,0.018765,-1.012597,0.000000,0.000000,0.000000,0.000000,0.000000,-0.000000
21808858739,1763340344192114981,0.000000000,0.000000000,1,224444.426346,329745,33554432,0.000,1.403025,0.018763,-1.012595,0.000000,0.000000,0.000000,0.000000,0.000000,-0.000000
21815905972,1763340344199162177,0.000000000,0.000000000,1,224444.433346,329745,33554432,0.000,1.403035,0.018763,-1.012593,0.000000,0.000000,0.000000,0.000000,0.000000,-0.000000
21822732614,1763340344205988671,0.000000000,0.000000000,1,224444.440346,329745,33554432,0.000,1.403045,0.018766,-1.012582,0.000000,0.000000,0.000000,0.000000,0.000000,-0.000000
21829932940,1763340344213189126,0.000000000,0.000000000,1,224444.447346,329745,33554432,0.000,1.403053,0.018769,-1.012587,0.000000,0.000000,0.000000,0.000000,0.000000,-0.000000
21836826285,1763340344220082434,0.000000000,0.000000000,1,224444.454346,329745,33554432,0.000,1.403057,0.018762,-1.012596,0.000000,0.000000,0.000000,0.000000,0.000000,-0.000000
21843731927,1763340344226987724,0.000000000,0.000000000,1,224444.461346,329745,33554432,0.000,1.403055,0.018761,-1.012597,0.000000,0.000000,0.000000,0.000000,0.000000,-0.000000
21850787716,1763340344234043995,0.000000000,0.000000000,1,224444.468346,329745,33554432,0.000,1.403062,0.018752,-1.012606,0.000000,0.000000,0.000000,0.000000,0.000000,-0.000000
21857730894,1763340344240987173,0.000000000,0.000000000,1,224444.475346,329745,33554432,0.000,1.403060,0.018758,-1.012607,0.000000,0.000000,0.000000,0.000000,0.000000,-0.000000
21864718610,1763340344247974870,0.000000000,0.000000000,1,224444.482346,329745,33554432,0.000,1.403067,0.018747,-1.012601,0.000000,0.000000,0.000000,0.000000,0.000000,-0.000000
21871771417,1763340344255027696,0.000000000,0.000000000,1,224444.489346,329745,33554432,0.000,1.403066,0.018748,-1.012596,0.000000,0.000000,0.000000,0.000000,0.000000,-0.000000
21878679836,1763340344261936097,0.000000000,0.000000000,1,224444.496346,329745,33554432,0.000,1.403066,0.018747,-1.012596,0.000000,0.000000,0.000000,0.000000,0.000000,-0.000000
21885732292,1763340344268988571,0.000000000,0.000000000,1,224444.503346,329745,33554432,0.000,1.403064,0.018744,-1.012587,0.000000,0.000000,0.000000,0.000000,0.000000,-0.000000
21892811452,1763340344276067731,0.000000000,0.000000000,1,224444.510346,329745,33554432,0.000,1.403058,0.018738,-1.012588,0.000000,0.000000,0.000000,0.000000,0.000000,-0.000000
21899724815,1763340344282981094,0.000000000,0.000000000,1,224444.517346,329745,33554432,0.000,1.403048,0.018735,-1.012594,0.000000,0.000000,0.000000,0.000000,0.000000,-0.000000
21906779327,1763340344290035606,0.000000000,0.000000000,1,224444.524346,329745,33554432,0.000,1.403051,0.018746,-1.012597,0.000000,0.000000,0.000000,0.000000,0.000000,-0.000000
21913835838,1763340344297092006,0.000000000,0.000000000,1,224444.531346,329745,33554432,0.000,1.403057,0.018749,-1.012601,0.000000,0.000000,0.000000,0.000000,0.000000,-0.000000
21920805739,1763340344304061888,0.000000000,0.000000000,1,224444.538346,329745,33554432,0.000,1.403049,0.018758,-1.012596,0.000000,0.000000,0.000000,0.000000,0.000000,-0.000000
21927758547,1763340344311014807,0.000000000,0.000000000,1,224444.545346,329745,33554432,0.000,1.403041,0.018756,-1.012595,0.000000,0.000000,0.000000,0.000000,0.000000,-0.000000
21934722188,1763340344317978467,0.000000000,0.000000000,1,224444.552346,329745,33554432,0.000,1.403046,0.018760,-1.012588,0.000000,0.000000,0.000000,0.000000,0.000000,-0.000000
21941787625,1763340344325043793,0.000000000,0.000000000,1,224444.559346,329745,33554432,0.000,1.403053,0.018761,-1.012590,0.000000,0.000000,0.000000,0.000000,0.000000,-0.000000
21948687100,1763340344331943379,0.000000000,0.000000000,1,224444.566346,329745,33554432,0.000,1.403054,0.018744,-1.012573,0.000000,0.000000,0.000000,0.000000,0.000000,-0.000000
21955741130,1763340344338997390,0.000000000,0.000000000,1,224444.573346,329745,33554432,0.000,1.403055,0.018738,-1.012574,0.000000,0.000000,0.000000,0.000000,0.000000,-0.000000
21962794641,1763340344346050920,0.000000000,0.000000000,1,224444.580346,329745,33554432,0.000,1.403055,0.018740,-1.012554,0.000000,0.000000,0.000000,0.000000,0.000000,-0.000000
21969765246,1763340344353021525,0.000000000,0.000000000,1,224444.587346,329745,33554432,0.000,1.403048,0.018736,-1.012549,0.000000,0.000000,0.000000,0.000000,0.000000,-0.000000
21977089460,1763340344360345813,0.000000000,0.000000000,1,224444.594346,329745,33554432,0.000,1.403052,0.018730,-1.012551,0.000000,0.000000,0.000000,0.000000,0.000000,-0.000000
21983678512,1763340344366934791,0.000000000,0.000000000,1,224444.601346,329745,33554432,0.000,1.403052,0.018736,-1.012559,0.000000,0.000000,0.000000,0.000000,0.000000,-0.000000
21990750415,1763340344374006694,0.000000000,0.000000000,1,224444.608346,329745,33554432,0.000,1.403040,0.018738,-1.012552,0.000000,0.000000,0.000000,0.000000,0.000000,-0.000000
21997804392,1763340344381060670,0.000000000,0.000000000,1,224444.615346,329745,33554432,0.000,1.403046,0.018739,-1.012552,0.000000,0.000000,0.000000,0.000000,0.000000,-0.000000
22004719498,1763340344387975777,0.000000000,0.000000000,1,224444.622346,329745,33554432,0.000,1.403045,0.018748,-1.012557,0.000000,0.000000,0.000000,0.000000,0.000000,-0.000000
22011771068,1763340344395027347,0.000000000,0.000000000,1,224444.629346,329745,33554432,0.000,1.403049,0.018746,-1.012553,0.000000,0.000000,0.000000,0.000000,0.000000,-0.000000
22018712267,1763340344401968416,0.000000000,0.000000000,1,224444.636346,329745,33554432,0.000,1.403059,0.018741,-1.012543,0.000000,0.000000,0.000000,0.000000,0.000000,-0.000000
22025773707,1763340344409029986,0.000000000,0.000000000,1,224444.643346,329745,33554432,0.000,1.403062,0.018732,-1.012539,0.000000,0.000000,0.000000,0.000000,0.000000,-0.000000
22032732906,1763340344415989185,0.000000000,0.000000000,1,224444.650346,329745,33554432,0.000,1.403061,0.018733,-1.012541,0.000000,0.000000,0.000000,0.000000,0.000000,-0.000000
22039801494,1763340344423057773,0.000000000,0.000000000,1,224444.657346,329745,33554432,0.000,1.403060,0.018729,-1.012528,0.000000,0.000000,0.000000,0.000000,0.000000,-0.000000
22046855582,1763340344430111861,0.000000000,0.000000000,1,224444.664346,329745,33554432,0.000,1.403053,0.018730,-1.012525,0.000000,0.000000,0.000000,0.000000,0.000000,-0.000000
22053768856,1763340344437025134,0.000000000,0.000000000,1,224444.671346,329745,33554432,0.000,1.403041,0.018730,-1.012519,0.000000,0.000000,0.000000,0.000000,0.000000,-0.000000
22060685536,1763340344443941815,0.000000000,0.000000000,1,224444.678346,329745,33554432,0.000,1.403025,0.018728,-1.012500,0.000000,0.000000,0.000000,0.000000,0.000000,-0.000000
22067761661,1763340344451017940,0.000000000,0.000000000,1,224444.685346,329745,33554432,0.000,1.403047,0.018721,-1.012504,0.000000,0.000000,0.000000,0.000000,0.000000,-0.000000
22074814675,1763340344458070954,0.000000000,0.000000000,1,224444.692346,329745,33554432,0.000,1.403051,0.018720,-1.012497,0.000000,0.000000,0.000000,0.000000,0.000000,-0.000000
22081722671,1763340344464978950,0.000000000,0.000000000,1,224444.699346,329745,33554432,0.000,1.403057,0.018721,-1.012499,0.000000,0.000000,0.000000,0.000000,0.000000,-0.000000
22088776574,1763340344472032852,0.000000000,0.000000000,1,224444.706346,329745,33554432,0.000,1.403062,0.018721,-1.012499,0.000000,0.000000,0.000000,0.000000,0.000000,-0.000000
22095691255,1763340344478947533,0.000000000,0.000000000,1,224444.713346,329745,33554432,0.000,1.403066,0.018717,-1.012495,0.000000,0.000000,0.000000,0.000000,0.000000,-0.000000
22102745287,1763340344486001566,0.000000000,0.000000000,1,224444.720346,329745,33554432,0.000,1.403063,0.018722,-1.012491,0.000000,0.000000,0.000000,0.000000,0.000000,-0.000000
22109821708,1763340344493077987,0.000000000,0.000000000,1,224444.727346,329745,33554432,0.000,1.403062,0.018728,-1.012485,0.000000,0.000000,0.000000,0.000000,0.000000,-0.000000
22116768556,1763340344500024834,0.000000000,0.000000000,1,224444.734346,329745,33554432,0.000,1.403065,0.018729,-1.012484,0.000000,0.000000,0.000000,0.000000,0.000000,-0.000000
22123823032,1763340344507079311,0.000000000,0.000000000,1,224444.741346,329745,33554432,0.000,1.403064,0.018725,-1.012473,0.000000,0.000000,0.000000,0.000000,0.000000,-0.000000
22130754287,1763340344514010566,0.000000000,0.000000000,1,224444.748346,329745,33554432,0.000,1.403062,0.018727,-1.012475,0.000000,0.000000,0.000000,0.000000,0.000000,-0.000000
22137813209,1763340344521069487,0.000000000,0.000000000,1,224444.755346,329745,33554432,0.000,1.403066,0.018720,-1.012476,0.000000,0.000000,0.000000,0.000000,0.000000,-0.000000
22144724223,1763340344527980502,0.000000000,0.000000000,1,224444.762346,329745,33554432,0.000,1.403070,0.018725,-1.012460,0.000000,0.000000,0.000000,0.000000,0.000000,-0.000000
22151776403,1763340344535032682,0.000000000,0.000000000,1,224444.769346,329745,33554432,0.000,1.403061,0.018728,-1.012461,0.000000,0.000000,0.000000,0.000000,0.000000,-0.000000
22158681788,1763340344541938067,0.000000000,0.000000000,1,224444.776346,329745,33554432,0.000,1.403068,0.018727,-1.012457,0.000000,0.000000,0.000000,0.000000,0.000000,-0.000000
22165788450,1763340344549044729,0.000000000,0.000000000,1,224444.783346,329745,33554432,0.000,1.403065,0.018719,-1.012451,0.000000,0.000000,0.000000,0.000000,0.000000,-0.000000
22172854871,1763340344556111150,0.000000000,0.000000000,1,224444.790346,329745,33554432,0.000,1.403065,0.018712,-1.012444,0.000000,0.000000,0.000000,0.000000,0.000000,-0.000000
22179777367,1763340344563033646,0.000000000,0.000000000,1,224444.797346,329745,33554432,0.000,1.403057,0.018707,-1.012450,0.000000,0.000000,0.000000,0.000000,0.000000,-0.000000
22186675307,1763340344569931641,0.000000000,0.000000000,1,224444.804346,329745,33554432,0.000,1.403048,0.018705,-1.012445,0.000000,0.000000,0.000000,0.000000,0.000000,-0.000000
22193773302,1763340344577029581,0.000000000,0.000000000,1,224444.811346,329745,33554432,0.000,1.403053,0.018698,-1.012440,0.000000,0.000000,0.000000,0.000000,0.000000,-0.000000
22200691890,1763340344583948058,0.000000000,0.000000000,1,224444.818346,329745,33554432,0.000,1.403056,0.018690,-1.012434,0.000000,0.000000,0.000000,0.000000,0.000000,-0.000000
22207749145,1763340344591005424,0.000000000,0.000000000,1,224444.825346,329745,33554432,0.000,1.403055,0.018696,-1.012427,0.000000,0.000000,0.000000,0.000000,0.000000,-0.000000
22214682733,1763340344597938883,0.000000000,0.000000000,1,224444.832346,329745,33554432,0.000,1.403048,0.018683,-1.012418,0.000000,0.000000,0.000000,0.000000,0.000000,-0.000000
22221740636,1763340344604996915,0.000000000,0.000000000,1,224444.839346,329745,33554432,0.000,1.403052,0.018689,-1.012415,0.000000,0.000000,0.000000,0.000000,0.000000,-0.000000
22228698372,1763340344611954651,0.000000000,0.000000000,1,224444.846346,329745,33554432,0.000,1.403044,0.018680,-1.012419,0.000000,0.000000,0.000000,0.000000,0.000000,-0.000000
22235752220,1763340344619008498,0.000000000,0.000000000,1,224444.853346,329745,33554432,0.000,1.403043,0.018681,-1.012416,0.000000,0.000000,0.000000,0.000000,0.000000,-0.000000
22242676363,1763340344625932642,0.000000000,0.000000000,1,224444.860346,329745,33554432,0.000,1.403046,0.018676,-1.012422,0.000000,0.000000,0.000000,0.000000,0.000000,-0.000000
22249762710,1763340344633018971,0.000000000,0.000000000,1,224444.867346,329745,33554432,0.000,1.403041,0.018680,-1.012421,0.000000,0.000000,0.000000,0.000000,0.000000,-0.000000
22256669262,1763340344639925596,0.000000000,0.000000000,1,224444.874346,329745,33554432,0.000,1.403026,0.018670,-1.012427,0.000000,0.000000,0.000000,0.000000,0.000000,-0.000000
22263747664,1763340344647003795,0.000000000,0.000000000,1,224444.881346,329745,33554432,0.000,1.403034,0.018672,-1.012422,0.000000,0.000000,0.000000,0.000000,0.000000,-0.000000
22271549805,1763340344654806140,0.000000000,0.000000000,1,224444.888346,329745,33554432,0.000,1.403029,0.018658,-1.012409,0.000000,0.000000,0.000000,0.000000,0.000000,-0.000000
22277688822,1763340344660945083,0.000000000,0.000000000,1,224444.895346,329745,33554432,0.000,1.403026,0.018654,-1.012415,0.000000,0.000000,0.000000,0.000000,0.000000,-0.000000
22284755614,1763340344668011911,0.000000000,0.000000000,1,224444.902346,329745,33554432,0.000,1.403031,0.018641,-1.012405,0.000000,0.000000,0.000000,0.000000,0.000000,-0.000000
22291714646,1763340344674970925,0.000000000,0.000000000,1,224444.909346,329745,33554432,0.000,1.403035,0.018631,-1.012407,0.000000,0.000000,0.000000,0.000000,0.000000,-0.000000
22298772790,1763340344682029087,0.000000000,0.000000000,1,224444.916346,329745,33554432,0.000,1.403033,0.018631,-1.012414,0.000000,0.000000,0.000000,0.000000,0.000000,-0.000000
22305729656,1763340344688985935,0.000000000,0.000000000,1,224444.923346,329745,33554432,0.000,1.403037,0.018635,-1.012408,0.000000,0.000000,0.000000,0.000000,0.000000,-0.000000
22312799059,1763340344696055337,0.000000000,0.000000000,1,224444.930346,329745,33554432,0.000,1.403043,0.018635,-1.012411,0.000000,0.000000,0.000000,0.000000,0.000000,-0.000000
22319721758,1763340344702978055,0.000000000,0.000000000,1,224444.937346,329745,33554432,0.000,1.403039,0.018637,-1.012408,0.000000,0.000000,0.000000,0.000000,0.000000,-0.000000
22326817698,1763340344710073810,0.000000000,0.000000000,1,224444.944346,329745,33554432,0.000,1.403040,0.018637,-1.012391,0.000000,0.000000,0.000000,0.000000,0.000000,-0.000000
22333797101,1763340344717053342,0.000000000,0.000000000,1,224444.951346,329745,33554432,0.000,1.403034,0.018636,-1.012389,0.000000,0.000000,0.000000,0.000000,0.000000,-0.000000
22340776170,1763340344724032060,0.000000000,0.000000000,1,224444.958346,329745,33554432,0.000,1.403032,0.018640,-1.012374,0.000000,0.000000,0.000000,0.000000,0.000000,-0.000000
22347722462,1763340344730978352,0.000000000,0.000000000,1,224444.965346,329745,33554432,0.000,1.403038,0.018637,-1.012368,0.000000,0.000000,0.000000,0.000000,0.000000,-0.000000
22354696754,1763340344737952922,0.000000000,0.000000000,1,224444.972346,329745,33554432,0.000,1.403037,0.018643,-1.012363,0.000000,0.000000,0.000000,0.000000,0.000000,-0.000000
22361673564,1763340344744929732,0.000000000,0.000000000,1,224444.979346,329745,33554432,0.000,1.403036,0.018640,-1.012372,0.000000,0.000000,0.000000,0.000000,0.000000,-0.000000
22368796745,1763340344752053023,0.000000000,0.000000000,1,224444.986346,329745,33554432,0.000,1.403027,0.018649,-1.012368,0.000000,0.000000,0.000000,0.000000,0.000000,-0.000000
22375693407,1763340344758949686,0.000000000,0.000000000,1,224444.993346,329745,33554432,0.000,1.403038,0.018661,-1.012361,0.000000,0.000000,0.000000,0.000000,0.000000,-0.000000
22382754995,1763340344766011274,0.000000000,0.000000000,1,224445.000346,329745,33554432,0.000,1.403032,0.018673,-1.012357,0.000000,0.000000,0.000000,0.000000,0.000000,-0.000000
22389685454,1763340344772941695,0.000000000,0.000000000,1,224445.007346,329745,33554432,0.000,1.403036,0.018680,-1.012360,0.000000,0.000000,0.000000,0.000000,0.000000,-0.000000
22396738986,1763340344779995265,0.000000000,0.000000000,1,224445.014346,329745,33554432,0.000,1.403032,0.018672,-1.012359,0.000000,0.000000,0.000000,0.000000,0.000000,-0.000000
22403771018,1763340344787027168,0.000000000,0.000000000,1,224445.021346,329745,33554432,0.000,1.403038,0.018668,-1.012351,0.000000,0.000000,0.000000,0.000000,0.000000,-0.000000
22410680292,1763340344793936645,0.000000000,0.000000000,1,224445.028346,329745,33554432,0.000,1.403046,0.018666,-1.012348,0.000000,0.000000,0.000000,0.000000,0.000000,-0.000000
22417771102,1763340344801027270,0.000000000,0.000000000,1,224445.035346,329745,33554432,0.000,1.403050,0.018660,-1.012341,0.000000,0.000000,0.000000,0.000000,0.000000,-0.000000
22424680913,1763340344807937191,0.000000000,0.000000000,1,224445.042346,329745,33554432,0.000,1.403061,0.018668,-1.012329,0.000000,0.000000,0.000000,0.000000,0.000000,-0.000000
22431669630,1763340344814925909,0.000000000,0.000000000,1,224445.049346,329745,33554432,0.000,1.403065,0.018683,-1.012326,0.000000,0.000000,0.000000,0.000000,0.000000,-0.000000
22438723459,1763340344821979719,0.000000000,0.000000000,1,224445.056346,329745,33554432,0.000,1.403068,0.018670,-1.012317,0.000000,0.000000,0.000000,0.000000,0.000000,-0.000000
22445776806,1763340344829033085,0.000000000,0.000000000,1,224445.063346,329745,33554432,0.000,1.403067,0.018671,-1.012321,0.000000,0.000000,0.000000,0.000000,0.000000,-0.000000
22452842246,1763340344836098525,0.000000000,0.000000000,1,224445.070346,329745,33554432,0.000,1.403062,0.018668,-1.012325,0.000000,0.000000,0.000000,0.000000,0.000000,-0.000000
22459765575,1763340344843021854,0.000000000,0.000000000,1,224445.077346,329745,33554432,0.000,1.403066,0.018671,-1.012330,0.000000,0.000000,0.000000,0.000000,0.000000,-0.000000
22466807292,1763340344850063460,0.000000000,0.000000000,1,224445.084346,329745,33554432,0.000,1.403070,0.018671,-1.012315,0.000000,0.000000,0.000000,0.000000,0.000000,-0.000000
22473703436,1763340344856959715,0.000000000,0.000000000,1,224445.091346,329745,33554432,0.000,1.403071,0.018673,-1.012310,0.000000,0.000000,0.000000,0.000000,0.000000,-0.000000
22480774561,1763340344864030729,0.000000000,0.000000000,1,224445.098346,329745,33554432,0.000,1.403083,0.018672,-1.012295,0.000000,0.000000,0.000000,0.000000,0.000000,-0.000000
22487685668,1763340344870941928,0.000000000,0.000000000,1,224445.105346,329745,33554432,0.000,1.403088,0.018669,-1.012297,0.000000,0.000000,0.000000,0.000000,0.000000,-0.000000
22494784904,1763340344878041183,0.000000000,0.000000000,1,224445.112346,329745,33554432,0.000,1.403084,0.018668,-1.012300,0.000000,0.000000,0.000000,0.000000,0.000000,-0.000000
22501691141,1763340344884947419,0.000000000,0.000000000,1,224445.119346,329745,33554432,0.000,1.403085,0.018665,-1.012306,0.000000,0.000000,0.000000,0.000000,0.000000,-0.000000
22508760784,1763340344892017063,0.000000000,0.000000000,1,224445.126346,329745,33554432,0.000,1.403074,0.018667,-1.012300,0.000000,0.000000,0.000000,0.000000,0.000000,-0.000000
22515756057,1763340344899012336,0.000000000,0.000000000,1,224445.133346,329745,33554432,0.000,1.403076,0.018660,-1.012305,0.000000,0.000000,0.000000,0.000000,0.000000,-0.000000
22522817497,1763340344906073776,0.000000000,0.000000000,1,224445.140346,329745,33554432,0.000,1.403072,0.018659,-1.012296,0.000000,0.000000,0.000000,0.000000,0.000000,-0.000000
22529806400,1763340344913062679,0.000000000,0.000000000,1,224445.147346,329745,33554432,0.000,1.403079,0.018658,-1.012303,0.000000,0.000000,0.000000,0.000000,0.000000,-0.000000
22536701970,1763340344919958249,0.000000000,0.000000000,1,224445.154346,329745,33554432,0.000,1.403071,0.018649,-1.012301,0.000000,0.000000,0.000000,0.000000,0.000000,-0.000000
22543755428,1763340344927011707,0.000000000,0.000000000,1,224445.161346,329745,33554432,0.000,1.403078,0.018656,-1.012292,0.000000,0.000000,0.000000,0.000000,0.000000,-0.000000
22550819645,1763340344934075924,0.000000000,0.000000000,1,224445.168346,329745,33554432,0.000,1.403067,0.018651,-1.012278,0.000000,0.000000,0.000000,0.000000,0.000000,-0.000000
22557737086,1763340344940993365,0.000000000,0.000000000,1,224445.175346,329745,33554432,0.000,1.403070,0.018650,-1.012277,0.000000,0.000000,0.000000,0.000000,0.000000,-0.000000
22564830525,1763340344948086804,0.000000000,0.000000000,1,224445.182346,329745,33554432,0.000,1.403066,0.018663,-1.012262,0.000000,0.000000,0.000000,0.000000,0.000000,-0.000000
22571726614,1763340344954982893,0.000000000,0.000000000,1,224445.189346,329745,33554432,0.000,1.403069,0.018658,-1.012270,0.000000,0.000000,0.000000,0.000000,0.000000,-0.000000
22578780239,1763340344962036518,0.000000000,0.000000000,1,224445.196346,329745,33554432,0.000,1.403073,0.018671,-1.012264,0.000000,0.000000,0.000000,0.000000,0.000000,-0.000000
22585685679,1763340344968941958,0.000000000,0.000000000,1,224445.203346,329745,33554432,0.000,1.403075,0.018669,-1.012273,0.000000,0.000000,0.000000,0.000000,0.000000,-0.000000
22592928433,1763340344976184693,0.000000000,0.000000000,1,224445.210346,329745,33554432,0.000,1.403078,0.018670,-1.012275,0.000000,0.000000,0.000000,0.000000,0.000000,-0.000000
22599684799,1763340344982941078,0.000000000,0.000000000,1,224445.217346,329745,33554432,0.000,1.403076,0.018676,-1.012274,0.000000,0.000000,0.000000,0.000000,0.000000,-0.000000
22606739369,1763340344989995648,0.000000000,0.000000000,1,224445.224346,329745,33554432,0.000,1.403065,0.018657,-1.012262,0.000000,0.000000,0.000000,0.000000,0.000000,-0.000000
22613806568,1763340344997062847,0.000000000,0.000000000,1,224445.231346,329745,33554432,0.000,1.403067,0.018651,-1.012270,0.000000,0.000000,0.000000,0.000000,0.000000,-0.000000
22620703360,1763340345003959639,0.000000000,0.000000000,1,224445.238346,329745,33554432,0.000,1.403080,0.018648,-1.012252,0.000000,0.000000,0.000000,0.000000,0.000000,-0.000000
22627805003,1763340345011061282,0.000000000,0.000000000,1,224445.245346,329745,33554432,0.000,1.403085,0.018646,-1.012254,0.000000,0.000000,0.000000,0.000000,0.000000,-0.000000
22634714777,1763340345017971056,0.000000000,0.000000000,1,224445.252346,329745,33554432,0.000,1.403084,0.018651,-1.012253,0.000000,0.000000,0.000000,0.000000,0.000000,-0.000000
22641771550,1763340345025027829,0.000000000,0.000000000,1,224445.259346,329745,33554432,0.000,1.403089,0.018650,-1.012256,0.000000,0.000000,0.000000,0.000000,0.000000,-0.000000
22648681694,1763340345031937973,0.000000000,0.000000000,1,224445.266346,329745,33554432,0.000,1.403081,0.018660,-1.012245,0.000000,0.000000,0.000000,0.000000,0.000000,-0.000000
22655743930,1763340345039000209,0.000000000,0.000000000,1,224445.273346,329745,33554432,0.000,1.403095,0.018658,-1.012239,0.000000,0.000000,0.000000,0.000000,0.000000,-0.000000
22662809295,1763340345046065574,0.000000000,0.000000000,1,224445.280346,329745,33554432,0.000,1.403088,0.018655,-1.012224,0.000000,0.000000,0.000000,0.000000,0.000000,-0.000000
22669767235,1763340345053023514,0.000000000,0.000000000,1,224445.287346,329745,33554432,0.000,1.403075,0.018652,-1.012232,0.000000,0.000000,0.000000,0.000000,0.000000,-0.000000
22676672879,1763340345059929158,0.000000000,0.000000000,1,224445.294346,329745,33554432,0.000,1.403077,0.018649,-1.012220,0.000000,0.000000,0.000000,0.000000,0.000000,-0.000000
22683728152,1763340345066984431,0.000000000,0.000000000,1,224445.301346,329745,33554432,0.000,1.403085,0.018643,-1.012226,0.000000,0.000000,0.000000,0.000000,0.000000,-0.000000
22690799240,1763340345074055519,0.000000000,0.000000000,1,224445.308346,329745,33554432,0.000,1.403089,0.018647,-1.012224,0.000000,0.000000,0.000000,0.000000,0.000000,-0.000000
22697697792,1763340345080954071,0.000000000,0.000000000,1,224445.315346,329745,33554432,0.000,1.403089,0.018649,-1.012225,0.000000,0.000000,0.000000,0.000000,0.000000,-0.000000
22704802231,1763340345088058529,0.000000000,0.000000000,1,224445.322346,329745,33554432,0.000,1.403085,0.018650,-1.012215,0.000000,0.000000,0.000000,0.000000,0.000000,-0.000000
22711707505,1763340345094963654,0.000000000,0.000000000,1,224445.329346,329745,33554432,0.000,1.403081,0.018652,-1.012224,0.000000,0.000000,0.000000,0.000000,0.000000,-0.000000
22718764926,1763340345102021075,0.000000000,0.000000000,1,224445.336346,329745,33554432,0.000,1.403078,0.018647,-1.012214,0.000000,0.000000,0.000000,0.000000,0.000000,-0.000000
22725682033,1763340345108938312,0.000000000,0.000000000,1,224445.343346,329745,33554432,0.000,1.403075,0.018649,-1.012212,0.000000,0.000000,0.000000,0.000000,0.000000,-0.000000
22732808380,1763340345116064659,0.000000000,0.000000000,1,224445.350346,329745,33554432,0.000,1.403072,0.018646,-1.012205,0.000000,0.000000,0.000000,0.000000,0.000000,-0.000000
22739772357,1763340345123028636,0.000000000,0.000000000,1,224445.357346,329745,33554432,0.000,1.403074,0.018650,-1.012206,0.000000,0.000000,0.000000,0.000000,0.000000,-0.000000
22746827741,1763340345130084020,0.000000000,0.000000000,1,224445.364346,329745,33554432,0.000,1.403064,0.018658,-1.012195,0.000000,0.000000,0.000000,0.000000,0.000000,-0.000000
22753736385,1763340345136992664,0.000000000,0.000000000,1,224445.371346,329745,33554432,0.000,1.403066,0.018650,-1.012188,0.000000,0.000000,0.000000,0.000000,0.000000,-0.000000
22760806843,1763340345144063122,0.000000000,0.000000000,1,224445.378346,329745,33554432,0.000,1.403062,0.018652,-1.012169,0.000000,0.000000,0.000000,0.000000,0.000000,-0.000000
22767771320,1763340345151027599,0.000000000,0.000000000,1,224445.385346,329745,33554432,0.000,1.403058,0.018651,-1.012174,0.000000,0.000000,0.000000,0.000000,0.000000,-0.000000
22775566961,1763340345158823203,0.000000000,0.000000000,1,224445.392346,329745,33554432,0.000,1.403051,0.018645,-1.012167,0.000000,0.000000,0.000000,0.000000,0.000000,-0.000000
22781687089,1763340345164943350,0.000000000,0.000000000,1,224445.399346,329745,33554432,0.000,1.403041,0.018643,-1.012165,0.000000,0.000000,0.000000,0.000000,0.000000,-0.000000
22788830084,1763340345172086252,0.000000000,0.000000000,1,224445.406346,329745,33554432,0.000,1.403041,0.018643,-1.012148,0.000000,0.000000,0.000000,0.000000,0.000000,-0.000000
22795873098,1763340345179129433,0.000000000,0.000000000,1,224445.413346,329745,33554432,0.000,1.403034,0.018638,-1.012156,0.000000,0.000000,0.000000,0.000000,0.000000,-0.000000
22802774853,1763340345186031132,0.000000000,0.000000000,1,224445.420346,329745,33554432,0.000,1.403024,0.018647,-1.012141,0.000000,0.000000,0.000000,0.000000,0.000000,-0.000000
22809706145,1763340345192962424,0.000000000,0.000000000,1,224445.427346,329745,33554432,0.000,1.403034,0.018648,-1.012140,0.000000,0.000000,0.000000,0.000000,0.000000,-0.000000
22816765326,1763340345200021493,0.000000000,0.000000000,1,224445.434346,329745,33554432,0.000,1.403029,0.018654,-1.012139,0.000000,0.000000,0.000000,0.000000,0.000000,-0.000000
22823674062,1763340345206930341,0.000000000,0.000000000,1,224445.441346,329745,33554432,0.000,1.403041,0.018659,-1.012136,0.000000,0.000000,0.000000,0.000000,0.000000,-0.000000
22831019242,1763340345214275539,0.000000000,0.000000000,1,224445.448346,329745,33554432,0.000,1.403040,0.018662,-1.012128,0.000000,0.000000,0.000000,0.000000,0.000000,-0.000000
22837793923,1763340345221049980,0.000000000,0.000000000,1,224445.455346,329745,33554432,0.000,1.403040,0.018661,-1.012126,0.000000,0.000000,0.000000,0.000000,0.000000,-0.000000
22844741086,1763340345227996975,0.000000000,0.000000000,1,224445.462346,329745,33554432,0.000,1.403036,0.018658,-1.012120,0.000000,0.000000,0.000000,0.000000,0.000000,-0.000000
22851806470,1763340345235062749,0.000000000,0.000000000,1,224445.469346,329745,33554432,0.000,1.403031,0.018658,-1.012119,0.000000,0.000000,0.000000,0.000000,0.000000,-0.000000
22858745780,1763340345242001948,0.000000000,0.000000000,1,224445.476346,329745,33554432,0.000,1.403035,0.018670,-1.012119,0.000000,0.000000,0.000000,0.000000,0.000000,-0.000000
22865714683,1763340345248970962,0.000000000,0.000000000,1,224445.483346,329745,33554432,0.000,1.403030,0.018665,-1.012116,0.000000,0.000000,0.000000,0.000000,0.000000,-0.000000
22872769827,1763340345256026105,0.000000000,0.000000000,1,224445.490346,329745,33554432,0.000,1.403021,0.018666,-1.012118,0.000000,0.000000,0.000000,0.000000,0.000000,-0.000000
22879688767,1763340345262945046,0.000000000,0.000000000,1,224445.497346,329745,33554432,0.000,1.403031,0.018668,-1.012126,0.000000,0.000000,0.000000,0.000000,0.000000,-0.000000
22886742318,1763340345269998596,0.000000000,0.000000000,1,224445.504346,329745,33554432,0.000,1.403042,0.018665,-1.012131,0.000000,0.000000,0.000000,0.000000,0.000000,-0.000000
22893817720,1763340345277073999,0.000000000,0.000000000,1,224445.511346,329745,33554432,0.000,1.403033,0.018663,-1.012130,0.000000,0.000000,0.000000,0.000000,0.000000,-0.000000
22900726049,1763340345283982328,0.000000000,0.000000000,1,224445.518346,329745,33554432,0.000,1.403045,0.018661,-1.012129,0.000000,0.000000,0.000000,0.000000,0.000000,-0.000000
22907781822,1763340345291038101,0.000000000,0.000000000,1,224445.525346,329745,33554432,0.000,1.403043,0.018656,-1.012133,0.000000,0.000000,0.000000,0.000000,0.000000,-0.000000
22914697115,1763340345297953375,0.000000000,0.000000000,1,224445.532346,329745,33554432,0.000,1.403046,0.018660,-1.012145,0.000000,0.000000,0.000000,0.000000,0.000000,-0.000000
22921772276,1763340345305028537,0.000000000,0.000000000,1,224445.539346,329745,33554432,0.000,1.403058,0.018664,-1.012147,0.000000,0.000000,0.000000,0.000000,0.000000,-0.000000
22928715661,1763340345311971940,0.000000000,0.000000000,1,224445.546346,329745,33554432,0.000,1.403067,0.018663,-1.012142,0.000000,0.000000,0.000000,0.000000,0.000000,-0.000000
22935769267,1763340345319025546,0.000000000,0.000000000,1,224445.553346,329745,33554432,0.000,1.403071,0.018668,-1.012139,0.000000,0.000000,0.000000,0.000000,0.000000,-0.000000
22942674837,1763340345325931116,0.000000000,0.000000000,1,224445.560346,329745,33554432,0.000,1.403074,0.018661,-1.012118,0.000000,0.000000,0.000000,0.000000,0.000000,-0.000000
22949747499,1763340345333003759,0.000000000,0.000000000,1,224445.567346,329745,33554432,0.000,1.403074,0.018658,-1.012126,0.000000,0.000000,0.000000,0.000000,0.000000,-0.000000
22956802698,1763340345340058977,0.000000000,0.000000000,1,224445.574346,329745,33554432,0.000,1.403074,0.018647,-1.012126,0.000000,0.000000,0.000000,0.000000,0.000000,-0.000000
22963722842,1763340345346979084,0.000000000,0.000000000,1,224445.581346,329745,33554432,0.000,1.403075,0.018645,-1.012127,0.000000,0.000000,0.000000,0.000000,0.000000,-0.000000
22970776134,1763340345354032412,0.000000000,0.000000000,1,224445.588346,329745,33554432,0.000,1.403083,0.018658,-1.012107,0.000000,0.000000,0.000000,0.000000,0.000000,-0.000000
22977682129,1763340345360938408,0.000000000,0.000000000,1,224445.595346,329745,33554432,0.000,1.403085,0.018655,-1.012109,0.000000,0.000000,0.000000,0.000000,0.000000,-0.000000
22984761532,1763340345368017811,0.000000000,0.000000000,1,224445.602346,329745,33554432,0.000,1.403095,0.018659,-1.012096,0.000000,0.000000,0.000000,0.000000,0.000000,-0.000000
22991679861,1763340345374936140,0.000000000,0.000000000,1,224445.609346,329745,33554432,0.000,1.403098,0.018667,-1.012100,0.000000,0.000000,0.000000,0.000000,0.000000,-0.000000
22998734560,1763340345381990839,0.000000000,0.000000000,1,224445.616346,329745,33554432,0.000,1.403106,0.018674,-1.012093,0.000000,0.000000,0.000000,0.000000,0.000000,-0.000000
23005808778,1763340345389065056,0.000000000,0.000000000,1,224445.623346,329745,33554432,0.000,1.403108,0.018670,-1.012098,0.000000,0.000000,0.000000,0.000000,0.000000,-0.000000
23012863273,1763340345396119552,0.000000000,0.000000000,1,224445.630346,329745,33554432,0.000,1.403103,0.018663,-1.012098,0.000000,0.000000,0.000000,0.000000,0.000000,-0.000000
23019814898,1763340345403070825,0.000000000,0.000000000,1,224445.637346,329745,33554432,0.000,1.403102,0.018660,-1.012095,0.000000,0.000000,0.000000,0.000000,0.000000,-0.000000
23026785246,1763340345410041506,0.000000000,0.000000000,1,224445.644346,329745,33554432,0.000,1.403103,0.018657,-1.012091,0.000000,0.000000,0.000000,0.000000,0.000000,-0.000000
23033698890,1763340345416955187,0.000000000,0.000000000,1,224445.651346,329745,33554432,0.000,1.403099,0.018671,-1.012092,0.000000,0.000000,0.000000,0.000000,0.000000,-0.000000
23040779070,1763340345424035349,0.000000000,0.000000000,1,224445.658346,329745,33554432,0.000,1.403108,0.018667,-1.012084,0.000000,0.000000,0.000000,0.000000,0.000000,-0.000000
23047688047,1763340345430944326,0.000000000,0.000000000,1,224445.665346,329745,33554432,0.000,1.403110,0.018667,-1.012086,0.000000,0.000000,0.000000,0.000000,0.000000,-0.000000
23054741857,1763340345437998118,0.000000000,0.000000000,1,224445.672346,329745,33554432,0.000,1.403108,0.018663,-1.012084,0.000000,0.000000,0.000000,0.000000,0.000000,-0.000000
23061806056,1763340345445062335,0.000000000,0.000000000,1,224445.679346,329745,33554432,0.000,1.403107,0.018658,-1.012092,0.000000,0.000000,0.000000,0.000000,0.000000,-0.000000
23068723996,1763340345451980275,0.000000000,0.000000000,1,224445.686346,329745,33554432,0.000,1.403103,0.018667,-1.012083,0.000000,0.000000,0.000000,0.000000,0.000000,-0.000000
23075776918,1763340345459033197,0.000000000,0.000000000,1,224445.693346,329745,33554432,0.000,1.403110,0.018667,-1.012093,0.000000,0.000000,0.000000,0.000000,0.000000,-0.000000
23082691173,1763340345465947433,0.000000000,0.000000000,1,224445.700346,329745,33554432,0.000,1.403114,0.018670,-1.012084,0.000000,0.000000,0.000000,0.000000,0.000000,-0.000000
23089781223,1763340345473037465,0.000000000,0.000000000,1,224445.707346,329745,33554432,0.000,1.403106,0.018668,-1.012086,0.000000,0.000000,0.000000,0.000000,0.000000,-0.000000
23096837330,1763340345480093609,0.000000000,0.000000000,1,224445.714346,329745,33554432,0.000,1.403099,0.018670,-1.012083,0.000000,0.000000,0.000000,0.000000,0.000000,-0.000000
23103732881,1763340345486989160,0.000000000,0.000000000,1,224445.721346,329745,33554432,0.000,1.403093,0.018672,-1.012083,0.000000,0.000000,0.000000,0.000000,0.000000,-0.000000
23110787080,1763340345494043359,0.000000000,0.000000000,1,224445.728346,329745,33554432,0.000,1.403092,0.018670,-1.012079,0.000000,0.000000,0.000000,0.000000,0.000000,-0.000000
23117841113,1763340345501097391,0.000000000,0.000000000,1,224445.735346,329745,33554432,0.000,1.403094,0.018664,-1.012089,0.000000,0.000000,0.000000,0.000000,0.000000,-0.000000
23124736979,1763340345507993258,0.000000000,0.000000000,1,224445.742346,329745,33554432,0.000,1.403086,0.018664,-1.012076,0.000000,0.000000,0.000000,0.000000,0.000000,-0.000000
23131821141,1763340345515077419,0.000000000,0.000000000,1,224445.749346,329745,33554432,0.000,1.403090,0.018666,-1.012070,0.000000,0.000000,0.000000,0.000000,0.000000,-0.000000
23138716118,1763340345521972378,0.000000000,0.000000000,1,224445.756346,329745,33554432,0.000,1.403103,0.018669,-1.012067,0.000000,0.000000,0.000000,0.000000,0.000000,-0.000000
23145772928,1763340345529029207,0.000000000,0.000000000,1,224445.763346,329745,33554432,0.000,1.403105,0.018674,-1.012074,0.000000,0.000000,0.000000,0.000000,0.000000,-0.000000
23152845664,1763340345536101943,0.000000000,0.000000000,1,224445.770346,329745,33554432,0.000,1.403107,0.018687,-1.012073,0.000000,0.000000,0.000000,0.000000,0.000000,-0.000000
23159762086,1763340345543018365,0.000000000,0.000000000,1,224445.777346,329745,33554432,0.000,1.403101,0.018682,-1.012080,0.000000,0.000000,0.000000,0.000000,0.000000,-0.000000
23166844507,1763340345550100786,0.000000000,0.000000000,1,224445.784346,329745,33554432,0.000,1.403100,0.018680,-1.012067,0.000000,0.000000,0.000000,0.000000,0.000000,-0.000000
23173742429,1763340345556998707,0.000000000,0.000000000,1,224445.791346,329745,33554432,0.000,1.403100,0.018679,-1.012070,0.000000,0.000000,0.000000,0.000000,0.000000,-0.000000
23180810016,1763340345564066295,0.000000000,0.000000000,1,224445.798346,329745,33554432,0.000,1.403091,0.018677,-1.012069,0.000000,0.000000,0.000000,0.000000,0.000000,-0.000000
23187707327,1763340345570963587,0.000000000,0.000000000,1,224445.805346,329745,33554432,0.000,1.403096,0.018688,-1.012067,0.000000,0.000000,0.000000,0.000000,0.000000,-0.000000
23194799730,1763340345578056008,0.000000000,0.000000000,1,224445.812346,329745,33554432,0.000,1.403091,0.018679,-1.012061,0.000000,0.000000,0.000000,0.000000,0.000000,-0.000000
23201704837,1763340345584961115,0.000000000,0.000000000,1,224445.819346,329745,33554432,0.000,1.403096,0.018677,-1.012060,0.000000,0.000000,0.000000,0.000000,0.000000,-0.000000
23208796184,1763340345592052462,0.000000000,0.000000000,1,224445.826346,329745,33554432,0.000,1.403100,0.018685,-1.012029,0.000000,0.000000,0.000000,0.000000,0.000000,-0.000000
23215704253,1763340345598960532,0.000000000,0.000000000,1,224445.833346,329745,33554432,0.000,1.403103,0.018683,-1.012022,0.000000,0.000000,0.000000,0.000000,0.000000,-0.000000
23222816323,1763340345606072601,0.000000000,0.000000000,1,224445.840346,329745,33554432,0.000,1.403122,0.018682,-1.012014,0.000000,0.000000,0.000000,0.000000,0.000000,-0.000000
23229797985,1763340345613054264,0.000000000,0.000000000,1,224445.847346,329745,33554432,0.000,1.403115,0.018678,-1.012014,0.000000,0.000000,0.000000,0.000000,0.000000,-0.000000
23236852684,1763340345620108963,0.000000000,0.000000000,1,224445.854346,329745,33554432,0.000,1.403098,0.018675,-1.012012,0.000000,0.000000,0.000000,0.000000,0.000000,-0.000000
23243764754,1763340345627021033,0.000000000,0.000000000,1,224445.861346,329745,33554432,0.000,1.403106,0.018672,-1.012010,0.000000,0.000000,0.000000,0.000000,0.000000,-0.000000
23250820082,1763340345634076343,0.000000000,0.000000000,1,224445.868346,329745,33554432,0.000,1.403114,0.018673,-1.011997,0.000000,0.000000,0.000000,0.000000,0.000000,-0.000000
23257742985,1763340345640999264,0.000000000,0.000000000,1,224445.875346,329745,33554432,0.000,1.403106,0.018673,-1.012000,0.000000,0.000000,0.000000,0.000000,0.000000,-0.000000
23264839869,1763340345648096148,0.000000000,0.000000000,1,224445.882346,329745,33554432,0.000,1.403106,0.018662,-1.011987,0.000000,0.000000,0.000000,0.000000,0.000000,-0.000000
23271721588,1763340345654977737,0.000000000,0.000000000,1,224445.889346,329745,33554432,0.000,1.403093,0.018664,-1.011985,0.000000,0.000000,0.000000,0.000000,0.000000,-0.000000
23278797990,1763340345662054158,0.000000000,0.000000000,1,224445.896346,329745,33554432,0.000,1.403101,0.018673,-1.011987,0.000000,0.000000,0.000000,0.000000,0.000000,-0.000000
23285852819,1763340345669109098,0.000000000,0.000000000,1,224445.903346,329745,33554432,0.000,1.403098,0.018673,-1.011981,0.000000,0.000000,0.000000,0.000000,0.000000,-0.000000
23292815092,1763340345676071371,0.000000000,0.000000000,1,224445.910346,329745,33554432,0.000,1.403091,0.018674,-1.011984,0.000000,0.000000,0.000000,0.000000,0.000000,-0.000000
23299725125,1763340345682981404,0.000000000,0.000000000,1,224445.917346,329745,33554432,0.000,1.403093,0.018677,-1.011970,0.000000,0.000000,0.000000,0.000000,0.000000,-0.000000
23306780954,1763340345690037214,0.000000000,0.000000000,1,224445.924346,329745,33554432,0.000,1.403086,0.018677,-1.011968,0.000000,0.000000,0.000000,0.000000,0.000000,-0.000000
23313835930,1763340345697092209,0.000000000,0.000000000,1,224445.931346,329745,33554432,0.000,1.403098,0.018683,-1.011969,0.000000,0.000000,0.000000,0.000000,0.000000,-0.000000
23320732537,1763340345703988816,0.000000000,0.000000000,1,224445.938346,329745,33554432,0.000,1.403101,0.018686,-1.011951,0.000000,0.000000,0.000000,0.000000,0.000000,-0.000000
23327831607,1763340345711087885,0.000000000,0.000000000,1,224445.945346,329745,33554432,0.000,1.403088,0.018683,-1.011956,0.000000,0.000000,0.000000,0.000000,0.000000,-0.000000
23335057472,1763340345718313547,0.000000000,0.000000000,1,224445.952346,329745,33554432,0.000,1.403092,0.018683,-1.011962,0.000000,0.000000,0.000000,0.000000,0.000000,-0.000000
23341817986,1763340345725073988,0.000000000,0.000000000,1,224445.959346,329745,33554432,0.000,1.403093,0.018684,-1.011963,0.000000,0.000000,0.000000,0.000000,0.000000,-0.000000
23348825871,1763340345732082020,0.000000000,0.000000000,1,224445.966346,329745,33554432,0.000,1.403086,0.018687,-1.011961,0.000000,0.000000,0.000000,0.000000,0.000000,-0.000000
23355743570,1763340345738999849,0.000000000,0.000000000,1,224445.973346,329745,33554432,0.000,1.403080,0.018691,-1.011960,0.000000,0.000000,0.000000,0.000000,0.000000,-0.000000
23362801936,1763340345746058215,0.000000000,0.000000000,1,224445.980346,329745,33554432,0.000,1.403075,0.018695,-1.011947,0.000000,0.000000,0.000000,0.000000,0.000000,-0.000000
23369781283,1763340345753037562,0.000000000,0.000000000,1,224445.987346,329745,33554432,0.000,1.403068,0.018700,-1.011949,0.000000,0.000000,0.000000,0.000000,0.000000,-0.000000
23376836131,1763340345760092409,0.000000000,0.000000000,1,224445.994346,329745,33554432,0.000,1.403075,0.018693,-1.011960,0.000000,0.000000,0.000000,0.000000,0.000000,-0.000000
23383731441,1763340345766987720,0.000000000,0.000000000,1,224446.001346,329745,33554432,0.000,1.403084,0.018692,-1.011958,0.000000,0.000000,0.000000,0.000000,0.000000,-0.000000
23390811214,1763340345774067493,0.000000000,0.000000000,1,224446.008346,329745,33554432,0.000,1.403085,0.018688,-1.011940,0.000000,0.000000,0.000000,0.000000,0.000000,-0.000000
23397865913,1763340345781122192,0.000000000,0.000000000,1,224446.015346,329745,33554432,0.000,1.403083,0.018683,-1.011944,0.000000,0.000000,0.000000,0.000000,0.000000,-0.000000
23404825242,1763340345788081410,0.000000000,0.000000000,1,224446.022346,329745,33554432,0.000,1.403077,0.018679,-1.011943,0.000000,0.000000,0.000000,0.000000,0.000000,-0.000000
23411738571,1763340345794994850,0.000000000,0.000000000,1,224446.029346,329745,33554432,0.000,1.403076,0.018680,-1.011945,0.000000,0.000000,0.000000,0.000000,0.000000,-0.000000
23418805344,1763340345802061512,0.000000000,0.000000000,1,224446.036346,329745,33554432,0.000,1.403071,0.018677,-1.011938,0.000000,0.000000,0.000000,0.000000,0.000000,-0.000000
23425859895,1763340345809116174,0.000000000,0.000000000,1,224446.043346,329745,33554432,0.000,1.403078,0.018678,-1.011940,0.000000,0.000000,0.000000,0.000000,0.000000,-0.000000
23432812891,1763340345816069170,0.000000000,0.000000000,1,224446.050346,329745,33554432,0.000,1.403072,0.018668,-1.011939,0.000000,0.000000,0.000000,0.000000,0.000000,-0.000000
23439742442,1763340345822998721,0.000000000,0.000000000,1,224446.057346,329745,33554432,0.000,1.403068,0.018669,-1.011941,0.000000,0.000000,0.000000,0.000000,0.000000,-0.000000
23446796567,1763340345830052846,0.000000000,0.000000000,1,224446.064346,329745,33554432,0.000,1.403067,0.018673,-1.011938,0.000000,0.000000,0.000000,0.000000,0.000000,-0.000000
23453849525,1763340345837105804,0.000000000,0.000000000,1,224446.071346,329745,33554432,0.000,1.403077,0.018667,-1.011933,0.000000,0.000000,0.000000,0.000000,0.000000,-0.000000
23460745984,1763340345844002244,0.000000000,0.000000000,1,224446.078346,329745,33554432,0.000,1.403062,0.018680,-1.011923,0.000000,0.000000,0.000000,0.000000,0.000000,-0.000000
23467822905,1763340345851079184,0.000000000,0.000000000,1,224446.085346,329745,33554432,0.000,1.403061,0.018685,-1.011923,0.000000,0.000000,0.000000,0.000000,0.000000,-0.000000
23474883326,1763340345858139605,0.000000000,0.000000000,1,224446.092346,329745,33554432,0.000,1.403070,0.018677,-1.011930,0.000000,0.000000,0.000000,0.000000,0.000000,-0.000000
23481777989,1763340345865034268,0.000000000,0.000000000,1,224446.099346,329745,33554432,0.000,1.403061,0.018678,-1.011925,0.000000,0.000000,0.000000,0.000000,0.000000,-0.000000
23488843929,1763340345872100207,0.000000000,0.000000000,1,224446.106346,329745,33554432,0.000,1.403078,0.018677,-1.011919,0.000000,0.000000,0.000000,0.000000,0.000000,-0.000000
23495749832,1763340345879006111,0.000000000,0.000000000,1,224446.113346,329745,33554432,0.000,1.403085,0.018680,-1.011907,0.000000,0.000000,0.000000,0.000000,0.000000,-0.000000
23502803771,1763340345886059921,0.000000000,0.000000000,1,224446.120346,329745,33554432,0.000,1.403081,0.018684,-1.011894,0.000000,0.000000,0.000000,0.000000,0.000000,-0.000000
23509737193,1763340345892993472,0.000000000,0.000000000,1,224446.127346,329745,33554432,0.000,1.403083,0.018692,-1.011884,0.000000,0.000000,0.000000,0.000000,0.000000,-0.000000
23516756003,1763340345900012190,0.000000000,0.000000000,1,224446.134346,329745,33554432,0.000,1.403087,0.018686,-1.011889,0.000000,0.000000,0.000000,0.000000,0.000000,-0.000000
23523812443,1763340345907068722,0.000000000,0.000000000,1,224446.141346,329745,33554432,0.000,1.403088,0.018682,-1.011892,0.000000,0.000000,0.000000,0.000000,0.000000,-0.000000
23530782198,1763340345914038477,0.000000000,0.000000000,1,224446.148346,329745,33554432,0.000,1.403101,0.018684,-1.011893,0.000000,0.000000,0.000000,0.000000,0.000000,-0.000000
23537836230,1763340345921092509,0.000000000,0.000000000,1,224446.155346,329745,33554432,0.000,1.403107,0.018683,-1.011902,0.000000,0.000000,0.000000,0.000000,0.000000,-0.000000
23544731652,1763340345927987931,0.000000000,0.000000000,1,224446.162346,329745,33554432,0.000,1.403116,0.018680,-1.011887,0.000000,0.000000,0.000000,0.000000,0.000000,-0.000000
23551785536,1763340345935041815,0.000000000,0.000000000,1,224446.169346,329745,33554432,0.000,1.403115,0.018675,-1.011886,0.000000,0.000000,0.000000,0.000000,0.000000,-0.000000
23558839365,1763340345942095644,0.000000000,0.000000000,1,224446.176346,329745,33554432,0.000,1.403111,0.018669,-1.011877,0.000000,0.000000,0.000000,0.000000,0.000000,-0.000000
23565763305,1763340345949019584,0.000000000,0.000000000,1,224446.183346,329745,33554432,0.000,1.403109,0.018662,-1.011878,0.000000,0.000000,0.000000,0.000000,0.000000,-0.000000
23572816689,1763340345956072968,0.000000000,0.000000000,1,224446.190346,329745,33554432,0.000,1.403096,0.018665,-1.011875,0.000000,0.000000,0.000000,0.000000,0.000000,-0.000000
23579741037,1763340345962997316,0.000000000,0.000000000,1,224446.197346,329745,33554432,0.000,1.403088,0.018664,-1.011876,0.000000,0.000000,0.000000,0.000000,0.000000,-0.000000
23586796384,1763340345970052663,0.000000000,0.000000000,1,224446.204346,329745,33554432,0.000,1.403087,0.018661,-1.011877,0.000000,0.000000,0.000000,0.000000,0.000000,-0.000000
23593868712,1763340345977124991,0.000000000,0.000000000,1,224446.211346,329745,33554432,0.000,1.403083,0.018666,-1.011875,0.000000,0.000000,0.000000,0.000000,0.000000,-0.000000
23600779227,1763340345984035506,0.000000000,0.000000000,1,224446.218346,329745,33554432,0.000,1.403079,0.018665,-1.011862,0.000000,0.000000,0.000000,0.000000,0.000000,-0.000000
23607835852,1763340345991092131,0.000000000,0.000000000,1,224446.225346,329745,33554432,0.000,1.403082,0.018661,-1.011869,0.000000,0.000000,0.000000,0.000000,0.000000,-0.000000
23614733125,1763340345997989404,0.000000000,0.000000000,1,224446.232346,329745,33554432,0.000,1.403089,0.018667,-1.011866,0.000000,0.000000,0.000000,0.000000,0.000000,-0.000000
23621787806,1763340346005044085,0.000000000,0.000000000,1,224446.239346,329745,33554432,0.000,1.403090,0.018655,-1.011873,0.000000,0.000000,0.000000,0.000000,0.000000,-0.000000
23628718746,1763340346011975025,0.000000000,0.000000000,1,224446.246346,329745,33554432,0.000,1.403076,0.018665,-1.011871,0.000000,0.000000,0.000000,0.000000,0.000000,-0.000000
23635772223,1763340346019028502,0.000000000,0.000000000,1,224446.253346,329745,33554432,0.000,1.403068,0.018664,-1.011880,0.000000,0.000000,0.000000,0.000000,0.000000,-0.000000
23642770422,1763340346026026701,0.000000000,0.000000000,1,224446.260346,329745,33554432,0.000,1.403074,0.018656,-1.011869,0.000000,0.000000,0.000000,0.000000,0.000000,-0.000000
23649844973,1763340346033101252,0.000000000,0.000000000,1,224446.267346,329745,33554432,0.000,1.403072,0.018654,-1.011873,0.000000,0.000000,0.000000,0.000000,0.000000,-0.000000
23656742080,1763340346039998358,0.000000000,0.000000000,1,224446.274346,329745,33554432,0.000,1.403079,0.018650,-1.011878,0.000000,0.000000,0.000000,0.000000,0.000000,-0.000000
23663709409,1763340346046965632,0.000000000,0.000000000,1,224446.281346,329745,33554432,0.000,1.403086,0.018649,-1.011883,0.000000,0.000000,0.000000,0.000000,0.000000,-0.000000
23670765256,1763340346054021535,0.000000000,0.000000000,1,224446.288346,329745,33554432,0.000,1.403100,0.018648,-1.011874,0.000000,0.000000,0.000000,0.000000,0.000000,-0.000000
23677820010,1763340346061076289,0.000000000,0.000000000,1,224446.295346,329745,33554432,0.000,1.403101,0.018652,-1.011868,0.000000,0.000000,0.000000,0.000000,0.000000,-0.000000
23684727358,1763340346067983637,0.000000000,0.000000000,1,224446.302346,329745,33554432,0.000,1.403099,0.018649,-1.011853,0.000000,0.000000,0.000000,0.000000,0.000000,-0.000000
23691817020,1763340346075073299,0.000000000,0.000000000,1,224446.309346,329745,33554432,0.000,1.403094,0.018657,-1.011856,0.000000,0.000000,0.000000,0.000000,0.000000,-0.000000
23698726997,1763340346081983276,0.000000000,0.000000000,1,224446.316346,329745,33554432,0.000,1.403088,0.018649,-1.011845,0.000000,0.000000,0.000000,0.000000,0.000000,-0.000000
23705810826,1763340346089066975,0.000000000,0.000000000,1,224446.323346,329745,33554432,0.000,1.403083,0.018655,-1.011848,0.000000,0.000000,0.000000,0.000000,0.000000,-0.000000
23712869228,1763340346096125507,0.000000000,0.000000000,1,224446.330346,329745,33554432,0.000,1.403093,0.018655,-1.011841,0.000000,0.000000,0.000000,0.000000,0.000000,-0.000000
23719711946,1763340346102968225,0.000000000,0.000000000,1,224446.337346,329745,33554432,0.000,1.403091,0.018659,-1.011846,0.000000,0.000000,0.000000,0.000000,0.000000,-0.000000
23726807442,1763340346110063461,0.000000000,0.000000000,1,224446.344346,329745,33554432,0.000,1.403073,0.018659,-1.011829,0.000000,0.000000,0.000000,0.000000,0.000000,-0.000000
23733719734,1763340346116976013,0.000000000,0.000000000,1,224446.351346,329745,33554432,0.000,1.403076,0.018657,-1.011826,0.000000,0.000000,0.000000,0.000000,0.000000,-0.000000
23740775970,1763340346124032249,0.000000000,0.000000000,1,224446.358346,329745,33554432,0.000,1.403069,0.018654,-1.011817,0.000000,0.000000,0.000000,0.000000,0.000000,-0.000000
23747830780,1763340346131087059,0.000000000,0.000000000,1,224446.365346,329745,33554432,0.000,1.403067,0.018651,-1.011818,0.000000,0.000000,0.000000,0.000000,0.000000,-0.000000
23754728165,1763340346137984443,0.000000000,0.000000000,1,224446.372346,329745,33554432,0.000,1.403066,0.018655,-1.011824,0.000000,0.000000,0.000000,0.000000,0.000000,-0.000000
23761784734,1763340346145040994,0.000000000,0.000000000,1,224446.379346,329745,33554432,0.000,1.403055,0.018658,-1.011825,0.000000,0.000000,0.000000,0.000000,0.000000,-0.000000
23768838748,1763340346152095027,0.000000000,0.000000000,1,224446.386346,329745,33554432,0.000,1.403044,0.018662,-1.011816,0.000000,0.000000,0.000000,0.000000,0.000000,-0.000000
23775757318,1763340346159013485,0.000000000,0.000000000,1,224446.393346,329745,33554432,0.000,1.403055,0.018666,-1.011814,0.000000,0.000000,0.000000,0.000000,0.000000,-0.000000
23782831776,1763340346166087925,0.000000000,0.000000000,1,224446.400346,329745,33554432,0.000,1.403056,0.018667,-1.011797,0.000000,0.000000,0.000000,0.000000,0.000000,-0.000000
23789796105,1763340346173052235,0.000000000,0.000000000,1,224446.407346,329745,33554432,0.000,1.403063,0.018664,-1.011796,0.000000,0.000000,0.000000,0.000000,0.000000,-0.000000
23796827285,1763340346180083564,0.000000000,0.000000000,1,224446.414346,329745,33554432,0.000,1.403062,0.018666,-1.011795,0.000000,0.000000,0.000000,0.000000,0.000000,-0.000000
23804033743,1763340346187289911,0.000000000,0.000000000,1,224446.421346,329745,33554432,0.000,1.403061,0.018673,-1.011804,0.000000,0.000000,0.000000,0.000000,0.000000,-0.000000
23810802536,1763340346194058814,0.000000000,0.000000000,1,224446.428346,329745,33554432,0.000,1.403064,0.018679,-1.011795,0.000000,0.000000,0.000000,0.000000,0.000000,-0.000000
23817857105,1763340346201113384,0.000000000,0.000000000,1,224446.435346,329745,33554432,0.000,1.403060,0.018688,-1.011788,0.000000,0.000000,0.000000,0.000000,0.000000,-0.000000
23824774360,1763340346208030657,0.000000000,0.000000000,1,224446.442346,329745,33554432,0.000,1.403072,0.018684,-1.011783,0.000000,0.000000,0.000000,0.000000,0.000000,-0.000000
23831728133,1763340346214984412,0.000000000,0.000000000,1,224446.449346,329745,33554432,0.000,1.403074,0.018680,-1.011785,0.000000,0.000000,0.000000,0.000000,0.000000,-0.000000
23838839017,1763340346222095185,0.000000000,0.000000000,1,224446.456346,329745,33554432,0.000,1.403080,0.018681,-1.011774,0.000000,0.000000,0.000000,0.000000,0.000000,-0.000000
23845731069,1763340346228986848,0.000000000,0.000000000,1,224446.463346,329745,33554432,0.000,1.403081,0.018685,-1.011772,0.000000,0.000000,0.000000,0.000000,0.000000,-0.000000
23852790453,1763340346236046732,0.000000000,0.000000000,1,224446.470346,329745,33554432,0.000,1.403080,0.018681,-1.011783,0.000000,0.000000,0.000000,0.000000,0.000000,-0.000000
23859731893,1763340346242987505,0.000000000,0.000000000,1,224446.477346,329745,33554432,0.000,1.403072,0.018682,-1.011783,0.000000,0.000000,0.000000,0.000000,0.000000,-0.000000
23866861721,1763340346250118000,0.000000000,0.000000000,1,224446.484346,329745,33554432,0.000,1.403073,0.018680,-1.011769,0.000000,0.000000,0.000000,0.000000,0.000000,-0.000000
23873759847,1763340346257016126,0.000000000,0.000000000,1,224446.491346,329745,33554432,0.000,1.403072,0.018685,-1.011776,0.000000,0.000000,0.000000,0.000000,0.000000,-0.000000
23880813675,1763340346264069954,0.000000000,0.000000000,1,224446.498346,329745,33554432,0.000,1.403085,0.018689,-1.011770,0.000000,0.000000,0.000000,0.000000,0.000000,-0.000000
23887736560,1763340346270992839,0.000000000,0.000000000,1,224446.505346,329745,33554432,0.000,1.403077,0.018683,-1.011773,0.000000,0.000000,0.000000,0.000000,0.000000,-0.000000
23894817648,1763340346278073908,0.000000000,0.000000000,1,224446.512346,329745,33554432,0.000,1.403074,0.018682,-1.011783,0.000000,0.000000,0.000000,0.000000,0.000000,-0.000000
23901733199,1763340346284989478,0.000000000,0.000000000,1,224446.519346,329745,33554432,0.000,1.403081,0.018682,-1.011785,0.000000,0.000000,0.000000,0.000000,0.000000,-0.000000
23908791232,1763340346292047529,0.000000000,0.000000000,1,224446.526346,329745,33554432,0.000,1.403076,0.018677,-1.011788,0.000000,0.000000,0.000000,0.000000,0.000000,-0.000000
23915849801,1763340346299106098,0.000000000,0.000000000,1,224446.533346,329745,33554432,0.000,1.403079,0.018673,-1.011789,0.000000,0.000000,0.000000,0.000000,0.000000,-0.000000
23922748037,1763340346306004316,0.000000000,0.000000000,1,224446.540346,329745,33554432,0.000,1.403083,0.018668,-1.011786,0.000000,0.000000,0.000000,0.000000,0.000000,-0.000000
23929845718,1763340346313102015,0.000000000,0.000000000,1,224446.547346,329745,33554432,0.000,1.403093,0.018668,-1.011782,0.000000,0.000000,0.000000,0.000000,0.000000,-0.000000
23936745658,1763340346320001955,0.000000000,0.000000000,1,224446.554346,329745,33554432,0.000,1.403113,0.018681,-1.011778,0.000000,0.000000,0.000000,0.000000,0.000000,-0.000000
23943812783,1763340346327069043,0.000000000,0.000000000,1,224446.561346,329745,33554432,0.000,1.403113,0.018683,-1.011776,0.000000,0.000000,0.000000,0.000000,0.000000,-0.000000
23950879241,1763340346334135520,0.000000000,0.000000000,1,224446.568346,329745,33554432,0.000,1.403115,0.018682,-1.011776,0.000000,0.000000,0.000000,0.000000,0.000000,-0.000000
23957774793,1763340346341031071,0.000000000,0.000000000,1,224446.575346,329745,33554432,0.000,1.403117,0.018684,-1.011779,0.000000,0.000000,0.000000,0.000000,0.000000,-0.000000
23964870399,1763340346348126678,0.000000000,0.000000000,1,224446.582346,329745,33554432,0.000,1.403117,0.018682,-1.011766,0.000000,0.000000,0.000000,0.000000,0.000000,-0.000000
23971777932,1763340346355034210,0.000000000,0.000000000,1,224446.589346,329745,33554432,0.000,1.403111,0.018688,-1.011765,0.000000,0.000000,0.000000,0.000000,0.000000,-0.000000
23978842890,1763340346362099169,0.000000000,0.000000000,1,224446.596346,329745,33554432,0.000,1.403117,0.018678,-1.011761,0.000000,0.000000,0.000000,0.000000,0.000000,-0.000000
23985782867,1763340346369039146,0.000000000,0.000000000,1,224446.603346,329745,33554432,0.000,1.403116,0.018683,-1.011756,0.000000,0.000000,0.000000,0.000000,0.000000,-0.000000
23992878992,1763340346376135271,0.000000000,0.000000000,1,224446.610346,329745,33554432,0.000,1.403134,0.018682,-1.011754,0.000000,0.000000,0.000000,0.000000,0.000000,-0.000000
23999785173,1763340346383041452,0.000000000,0.000000000,1,224446.617346,329745,33554432,0.000,1.403126,0.018689,-1.011747,0.000000,0.000000,0.000000,0.000000,0.000000,-0.000000
24006690391,1763340346389946670,0.000000000,0.000000000,1,224446.624346,329745,33554432,0.000,1.403128,0.018687,-1.011746,0.000000,0.000000,0.000000,0.000000,0.000000,-0.000000
24013745312,1763340346397001572,0.000000000,0.000000000,1,224446.631346,329745,33554432,0.000,1.403124,0.018692,-1.011745,0.000000,0.000000,0.000000,0.000000,0.000000,-0.000000
24020821104,1763340346404077382,0.000000000,0.000000000,1,224446.638346,329745,33554432,0.000,1.403129,0.018689,-1.011740,0.000000,0.000000,0.000000,0.000000,0.000000,-0.000000
24027785358,1763340346411041637,0.000000000,0.000000000,1,224446.645346,329745,33554432,0.000,1.403131,0.018702,-1.011740,0.000000,0.000000,0.000000,0.000000,0.000000,-0.000000
24034851428,1763340346418107707,0.000000000,0.000000000,1,224446.652346,329745,33554432,0.000,1.403131,0.018700,-1.011743,0.000000,0.000000,0.000000,0.000000,0.000000,-0.000000
24041754461,1763340346425010721,0.000000000,0.000000000,1,224446.659346,329745,33554432,0.000,1.403125,0.018702,-1.011743,0.000000,0.000000,0.000000,0.000000,0.000000,-0.000000
24048808623,1763340346432064901,0.000000000,0.000000000,1,224446.666346,329745,33554432,0.000,1.403119,0.018707,-1.011747,0.000000,0.000000,0.000000,0.000000,0.000000,-0.000000
24055703211,1763340346438959490,0.000000000,0.000000000,1,224446.673346,329745,33554432,0.000,1.403130,0.018705,-1.011755,0.000000,0.000000,0.000000,0.000000,0.000000,-0.000000
24062769873,1763340346446026152,0.000000000,0.000000000,1,224446.680346,329745,33554432,0.000,1.403122,0.018705,-1.011752,0.000000,0.000000,0.000000,0.000000,0.000000,-0.000000
24069708628,1763340346452964907,0.000000000,0.000000000,1,224446.687346,329745,33554432,0.000,1.403118,0.018709,-1.011748,0.000000,0.000000,0.000000,0.000000,0.000000,-0.000000
24076771771,1763340346460028050,0.000000000,0.000000000,1,224446.694346,329745,33554432,0.000,1.403110,0.018695,-1.011751,0.000000,0.000000,0.000000,0.000000,0.000000,-0.000000
24083680600,1763340346466936879,0.000000000,0.000000000,1,224446.701346,329745,33554432,0.000,1.403114,0.018697,-1.011752,0.000000,0.000000,0.000000,0.000000,0.000000,-0.000000
24090761299,1763340346474017578,0.000000000,0.000000000,1,224446.708346,329745,33554432,0.000,1.403115,0.018704,-1.011737,0.000000,0.000000,0.000000,0.000000,0.000000,-0.000000
24097814535,1763340346481070814,0.000000000,0.000000000,1,224446.715346,329745,33554432,0.000,1.403117,0.018703,-1.011750,0.000000,0.000000,0.000000,0.000000,0.000000,-0.000000
24104728420,1763340346487984699,0.000000000,0.000000000,1,224446.722346,329745,33554432,0.000,1.403118,0.018708,-1.011721,0.000000,0.000000,0.000000,0.000000,0.000000,-0.000000
24111780823,1763340346495037102,0.000000000,0.000000000,1,224446.729346,329745,33554432,0.000,1.403121,0.018715,-1.011722,0.000000,0.000000,0.000000,0.000000,0.000000,-0.000000
24118690818,1763340346501947097,0.000000000,0.000000000,1,224446.736346,329745,33554432,0.000,1.403126,0.018712,-1.011716,0.000000,0.000000,0.000000,0.000000,0.000000,-0.000000
24125744629,1763340346509000889,0.000000000,0.000000000,1,224446.743346,329745,33554432,0.000,1.403125,0.018711,-1.011712,0.000000,0.000000,0.000000,0.000000,0.000000,-0.000000
24132845346,1763340346516101625,0.000000000,0.000000000,1,224446.750346,329745,33554432,0.000,1.403123,0.018708,-1.011716,0.000000,0.000000,0.000000,0.000000,0.000000,-0.000000
24139766360,1763340346523022639,0.000000000,0.000000000,1,224446.757346,329745,33554432,0.000,1.403128,0.018706,-1.011720,0.000000,0.000000,0.000000,0.000000,0.000000,-0.000000
24146825541,1763340346530081820,0.000000000,0.000000000,1,224446.764346,329745,33554432,0.000,1.403114,0.018700,-1.011713,0.000000,0.000000,0.000000,0.000000,0.000000,-0.000000
24153890332,1763340346537146611,0.000000000,0.000000000,1,224446.771346,329745,33554432,0.000,1.403110,0.018703,-1.011712,0.000000,0.000000,0.000000,0.000000,0.000000,-0.000000
24160787161,1763340346544043440,0.000000000,0.000000000,1,224446.778346,329745,33554432,0.000,1.403116,0.018706,-1.011694,0.000000,0.000000,0.000000,0.000000,0.000000,-0.000000
24167720453,1763340346550976732,0.000000000,0.000000000,1,224446.785346,329745,33554432,0.000,1.403112,0.018701,-1.011699,0.000000,0.000000,0.000000,0.000000,0.000000,-0.000000
24174805949,1763340346558062227,0.000000000,0.000000000,1,224446.792346,329745,33554432,0.000,1.403102,0.018699,-1.011700,0.000000,0.000000,0.000000,0.000000,0.000000,-0.000000
24181712889,1763340346564969168,0.000000000,0.000000000,1,224446.799346,329745,33554432,0.000,1.403101,0.018705,-1.011708,0.000000,0.000000,0.000000,0.000000,0.000000,-0.000000
24188675236,1763340346571931515,0.000000000,0.000000000,1,224446.806346,329745,33554432,0.000,1.403098,0.018711,-1.011700,0.000000,0.000000,0.000000,0.000000,0.000000,-0.000000
24195761046,1763340346579017158,0.000000000,0.000000000,1,224446.813346,329745,33554432,0.000,1.403093,0.018713,-1.011696,0.000000,0.000000,0.000000,0.000000,0.000000,-0.000000
24202675468,1763340346585931636,0.000000000,0.000000000,1,224446.820346,329745,33554432,0.000,1.403093,0.018717,-1.011685,0.000000,0.000000,0.000000,0.000000,0.000000,-0.000000
24209686630,1763340346592942409,0.000000000,0.000000000,1,224446.827346,329745,33554432,0.000,1.403097,0.018718,-1.011687,0.000000,0.000000,0.000000,0.000000,0.000000,-0.000000
24216749903,1763340346600006200,0.000000000,0.000000000,1,224446.834346,329745,33554432,0.000,1.403096,0.018718,-1.011677,0.000000,0.000000,0.000000,0.000000,0.000000,-0.000000
24223812917,1763340346607069196,0.000000000,0.000000000,1,224446.841346,329745,33554432,0.000,1.403088,0.018714,-1.011677,0.000000,0.000000,0.000000,0.000000,0.000000,-0.000000
24230759394,1763340346614015691,0.000000000,0.000000000,1,224446.848346,329745,33554432,0.000,1.403090,0.018718,-1.011671,0.000000,0.000000,0.000000,0.000000,0.000000,-0.000000
24237821463,1763340346621077742,0.000000000,0.000000000,1,224446.855346,329745,33554432,0.000,1.403087,0.018720,-1.011671,0.000000,0.000000,0.000000,0.000000,0.000000,-0.000000
24244738385,1763340346627994682,0.000000000,0.000000000,1,224446.862346,329745,33554432,0.000,1.403086,0.018718,-1.011658,0.000000,0.000000,0.000000,0.000000,0.000000,-0.000000
24251821121,1763340346635077418,0.000000000,0.000000000,1,224446.869346,329745,33554432,0.000,1.403081,0.018719,-1.011656,0.000000,0.000000,0.000000,0.000000,0.000000,-0.000000
24258722469,1763340346641978748,0.000000000,0.000000000,1,224446.876346,329745,33554432,0.000,1.403091,0.018709,-1.011638,0.000000,0.000000,0.000000,0.000000,0.000000,-0.000000
24265813260,1763340346649069558,0.000000000,0.000000000,1,224446.883346,329745,33554432,0.000,1.403096,0.018700,-1.011634,0.000000,0.000000,0.000000,0.000000,0.000000,-0.000000
24272849681,1763340346656105979,0.000000000,0.000000000,1,224446.890346,329745,33554432,0.000,1.403106,0.018692,-1.011645,0.000000,0.000000,0.000000,0.000000,0.000000,-0.000000
24279701974,1763340346662958160,0.000000000,0.000000000,1,224446.897346,329745,33554432,0.000,1.403108,0.018694,-1.011641,0.000000,0.000000,0.000000,0.000000,0.000000,-0.000000
24286776191,1763340346670032489,0.000000000,0.000000000,1,224446.904346,329745,33554432,0.000,1.403110,0.018696,-1.011618,0.000000,0.000000,0.000000,0.000000,0.000000,-0.000000
24293751205,1763340346677007503,0.000000000,0.000000000,1,224446.911346,329745,33554432,0.000,1.403115,0.018695,-1.011619,0.000000,0.000000,0.000000,0.000000,0.000000,-0.000000
24300810775,1763340346684067053,0.000000000,0.000000000,1,224446.918346,329745,33554432,0.000,1.403116,0.018696,-1.011608,0.000000,0.000000,0.000000,0.000000,0.000000,-0.000000
24307725344,1763340346690981623,0.000000000,0.000000000,1,224446.925346,329745,33554432,0.000,1.403118,0.018699,-1.011611,0.000000,0.000000,0.000000,0.000000,0.000000,-0.000000
24314784358,1763340346698040637,0.000000000,0.000000000,1,224446.932346,329745,33554432,0.000,1.403114,0.018712,-1.011604,0.000000,0.000000,0.000000,0.000000,0.000000,-0.000000
24321696798,1763340346704953077,0.000000000,0.000000000,1,224446.939346,329745,33554432,0.000,1.403108,0.018717,-1.011608,0.000000,0.000000,0.000000,0.000000,0.000000,-0.000000
24328810849,1763340346712067146,0.000000000,0.000000000,1,224446.946346,329745,33554432,0.000,1.403101,0.018728,-1.011604,0.000000,0.000000,0.000000,0.000000,0.000000,-0.000000
24335828956,1763340346719085105,0.000000000,0.000000000,1,224446.953346,329745,33554432,0.000,1.403106,0.018731,-1.011600,0.000000,0.000000,0.000000,0.000000,0.000000,-0.000000
24342774470,1763340346726030526,0.000000000,0.000000000,1,224446.960346,329745,33554432,0.000,1.403104,0.018728,-1.011602,0.000000,0.000000,0.000000,0.000000,0.000000,-0.000000
24349751280,1763340346733007448,0.000000000,0.000000000,1,224446.967346,329745,33554432,0.000,1.403103,0.018727,-1.011607,0.000000,0.000000,0.000000,0.000000,0.000000,-0.000000
24356741757,1763340346739997943,0.000000000,0.000000000,1,224446.974346,329745,33554432,0.000,1.403090,0.018728,-1.011601,0.000000,0.000000,0.000000,0.000000,0.000000,-0.000000
24363754753,1763340346747010680,0.000000000,0.000000000,1,224446.981346,329745,33554432,0.000,1.403094,0.018721,-1.011599,0.000000,0.000000,0.000000,0.000000,0.000000,-0.000000
24370813303,1763340346754069601,0.000000000,0.000000000,1,224446.988346,329745,33554432,0.000,1.403085,0.018719,-1.011589,0.000000,0.000000,0.000000,0.000000,0.000000,-0.000000
24377715225,1763340346760971504,0.000000000,0.000000000,1,224446.995346,329745,33554432,0.000,1.403087,0.018721,-1.011577,0.000000,0.000000,0.000000,0.000000,0.000000,-0.000000
24384775424,1763340346768031703,0.000000000,0.000000000,1,224447.002346,329745,33554432,0.000,1.403087,0.018712,-1.011563,0.000000,0.000000,0.000000,0.000000,0.000000,-0.000000
24391699012,1763340346774955291,0.000000000,0.000000000,1,224447.009346,329745,33554432,0.000,1.403086,0.018714,-1.011558,0.000000,0.000000,0.000000,0.000000,0.000000,-0.000000
24398756545,1763340346782012824,0.000000000,0.000000000,1,224447.016346,329745,33554432,0.000,1.403096,0.018713,-1.011556,0.000000,0.000000,0.000000,0.000000,0.000000,-0.000000
24405683337,1763340346788939505,0.000000000,0.000000000,1,224447.023346,329745,33554432,0.000,1.403091,0.018713,-1.011558,0.000000,0.000000,0.000000,0.000000,0.000000,-0.000000
24412901665,1763340346796157944,0.000000000,0.000000000,1,224447.030346,329745,33554432,0.000,1.403090,0.018720,-1.011557,0.000000,0.000000,0.000000,0.000000,0.000000,-0.000000
24419745568,1763340346803001736,0.000000000,0.000000000,1,224447.037346,329745,33554432,0.000,1.403091,0.018716,-1.011559,0.000000,0.000000,0.000000,0.000000,0.000000,-0.000000
24426705786,1763340346809961676,0.000000000,0.000000000,1,224447.044346,329745,33554432,0.000,1.403088,0.018712,-1.011550,0.000000,0.000000,0.000000,0.000000,0.000000,-0.000000
24433766411,1763340346817022708,0.000000000,0.000000000,1,224447.051346,329745,33554432,0.000,1.403095,0.018715,-1.011545,0.000000,0.000000,0.000000,0.000000,0.000000,-0.000000
24440679518,1763340346823935797,0.000000000,0.000000000,1,224447.058346,329745,33554432,0.000,1.403106,0.018713,-1.011529,0.000000,0.000000,0.000000,0.000000,0.000000,-0.000000
24447739587,1763340346830995866,0.000000000,0.000000000,1,224447.065346,329745,33554432,0.000,1.403110,0.018702,-1.011534,0.000000,0.000000,0.000000,0.000000,0.000000,-0.000000
24454798712,1763340346838055010,0.000000000,0.000000000,1,224447.072346,329745,33554432,0.000,1.403108,0.018700,-1.011543,0.000000,0.000000,0.000000,0.000000,0.000000,-0.000000
24461697541,1763340346844953820,0.000000000,0.000000000,1,224447.079346,329745,33554432,0.000,1.403105,0.018705,-1.011550,0.000000,0.000000,0.000000,0.000000,0.000000,-0.000000
24468782981,1763340346852039278,0.000000000,0.000000000,1,224447.086346,329745,33554432,0.000,1.403110,0.018702,-1.011551,0.000000,0.000000,0.000000,0.000000,0.000000,-0.000000
24475697255,1763340346858953552,0.000000000,0.000000000,1,224447.093346,329745,33554432,0.000,1.403118,0.018705,-1.011551,0.000000,0.000000,0.000000,0.000000,0.000000,-0.000000
24482765861,1763340346866022140,0.000000000,0.000000000,1,224447.100346,329745,33554432,0.000,1.403118,0.018712,-1.011535,0.000000,0.000000,0.000000,0.000000,0.000000,-0.000000
24489702857,1763340346872958969,0.000000000,0.000000000,1,224447.107346,329745,33554432,0.000,1.403114,0.018723,-1.011537,0.000000,0.000000,0.000000,0.000000,0.000000,-0.000000
24496776333,1763340346880032612,0.000000000,0.000000000,1,224447.114346,329745,33554432,0.000,1.403107,0.018715,-1.011534,0.000000,0.000000,0.000000,0.000000,0.000000,-0.000000
24503689218,1763340346886945515,0.000000000,0.000000000,1,224447.121346,329745,33554432,0.000,1.403113,0.018712,-1.011538,0.000000,0.000000,0.000000,0.000000,0.000000,-0.000000
24510747435,1763340346894003733,0.000000000,0.000000000,1,224447.128346,329745,33554432,0.000,1.403116,0.018712,-1.011541,0.000000,0.000000,0.000000,0.000000,0.000000,-0.000000
24517786523,1763340346901042710,0.000000000,0.000000000,1,224447.135346,329745,33554432,0.000,1.403120,0.018712,-1.011529,0.000000,0.000000,0.000000,0.000000,0.000000,-0.000000
24524694223,1763340346907950372,0.000000000,0.000000000,1,224447.142346,329745,33554432,0.000,1.403131,0.018696,-1.011518,0.000000,0.000000,0.000000,0.000000,0.000000,-0.000000
24531811570,1763340346915067849,0.000000000,0.000000000,1,224447.149346,329745,33554432,0.000,1.403133,0.018689,-1.011524,0.000000,0.000000,0.000000,0.000000,0.000000,-0.000000
24538712899,1763340346921969196,0.000000000,0.000000000,1,224447.156346,329745,33554432,0.000,1.403135,0.018691,-1.011514,0.000000,0.000000,0.000000,0.000000,0.000000,-0.000000
24545770394,1763340346929026673,0.000000000,0.000000000,1,224447.163346,329745,33554432,0.000,1.403143,0.018688,-1.011501,0.000000,0.000000,0.000000,0.000000,0.000000,-0.000000
24552844334,1763340346936100613,0.000000000,0.000000000,1,224447.170346,329745,33554432,0.000,1.403145,0.018695,-1.011487,0.000000,0.000000,0.000000,0.000000,0.000000,-0.000000
24559774774,1763340346943031071,0.000000000,0.000000000,1,224447.177346,329745,33554432,0.000,1.403131,0.018704,-1.011487,0.000000,0.000000,0.000000,0.000000,0.000000,-0.000000
24566709492,1763340346949965771,0.000000000,0.000000000,1,224447.184346,329745,33554432,0.000,1.403123,0.018699,-1.011481,0.000000,0.000000,0.000000,0.000000,0.000000,-0.000000
24573767117,1763340346957023396,0.000000000,0.000000000,1,224447.191346,329745,33554432,0.000,1.403115,0.018699,-1.011481,0.000000,0.000000,0.000000,0.000000,0.000000,-0.000000
24580824871,1763340346964081169,0.000000000,0.000000000,1,224447.198346,329745,33554432,0.000,1.403120,0.018694,-1.011454,0.000000,0.000000,0.000000,0.000000,0.000000,-0.000000
24587724923,1763340346970981220,0.000000000,0.000000000,1,224447.205346,329745,33554432,0.000,1.403115,0.018696,-1.011457,0.000000,0.000000,0.000000,0.000000,0.000000,-0.000000
24594808011,1763340346978064289,0.000000000,0.000000000,1,224447.212346,329745,33554432,0.000,1.403116,0.018699,-1.011456,0.000000,0.000000,0.000000,0.000000,0.000000,-0.000000
24601710729,1763340346984966896,0.000000000,0.000000000,1,224447.219346,329745,33554432,0.000,1.403108,0.018702,-1.011446,0.000000,0.000000,0.000000,0.000000,0.000000,-0.000000
24608768928,1763340346992025206,0.000000000,0.000000000,1,224447.226346,329745,33554432,0.000,1.403105,0.018697,-1.011438,0.000000,0.000000,0.000000,0.000000,0.000000,-0.000000
24615677386,1763340346998933684,0.000000000,0.000000000,1,224447.233346,329745,33554432,0.000,1.403105,0.018697,-1.011438,0.000000,0.000000,0.000000,0.000000,0.000000,-0.000000
24622735289,1763340347005991586,0.000000000,0.000000000,1,224447.240346,329745,33554432,0.000,1.403093,0.018709,-1.011442,0.000000,0.000000,0.000000,0.000000,0.000000,-0.000000
24629689211,1763340347012945508,0.000000000,0.000000000,1,224447.247346,329745,33554432,0.000,1.403095,0.018707,-1.011445,0.000000,0.000000,0.000000,0.000000,0.000000,-0.000000
24636747484,1763340347020003763,0.000000000,0.000000000,1,224447.254346,329745,33554432,0.000,1.403093,0.018694,-1.011455,0.000000,0.000000,0.000000,0.000000,0.000000,-0.000000
24643833812,1763340347027089961,0.000000000,0.000000000,1,224447.261346,329745,33554432,0.000,1.403098,0.018704,-1.011457,0.000000,0.000000,0.000000,0.000000,0.000000,-0.000000
24650735382,1763340347033991679,0.000000000,0.000000000,1,224447.268346,329745,33554432,0.000,1.403088,0.018698,-1.011442,0.000000,0.000000,0.000000,0.000000,0.000000,-0.000000
24657809803,1763340347041066082,0.000000000,0.000000000,1,224447.275346,329745,33554432,0.000,1.403091,0.018698,-1.011440,0.000000,0.000000,0.000000,0.000000,0.000000,-0.000000
24664750132,1763340347048006430,0.000000000,0.000000000,1,224447.282346,329745,33554432,0.000,1.403105,0.018706,-1.011431,0.000000,0.000000,0.000000,0.000000,0.000000,-0.000000
24671819516,1763340347055075795,0.000000000,0.000000000,1,224447.289346,329745,33554432,0.000,1.403101,0.018710,-1.011425,0.000000,0.000000,0.000000,0.000000,0.000000,-0.000000
24678734623,1763340347061990921,0.000000000,0.000000000,1,224447.296346,329745,33554432,0.000,1.403101,0.018708,-1.011431,0.000000,0.000000,0.000000,0.000000,0.000000,-0.000000
24685794304,1763340347069050583,0.000000000,0.000000000,1,224447.303346,329745,33554432,0.000,1.403095,0.018712,-1.011424,0.000000,0.000000,0.000000,0.000000,0.000000,-0.000000
24692882317,1763340347076138615,0.000000000,0.000000000,1,224447.310346,329745,33554432,0.000,1.403094,0.018718,-1.011435,0.000000,0.000000,0.000000,0.000000,0.000000,-0.000000
24699827480,1763340347083083759,0.000000000,0.000000000,1,224447.317346,329745,33554432,0.000,1.403095,0.018721,-1.011425,0.000000,0.000000,0.000000,0.000000,0.000000,-0.000000
24706783790,1763340347090039939,0.000000000,0.000000000,1,224447.324346,329745,33554432,0.000,1.403089,0.018719,-1.011408,0.000000,0.000000,0.000000,0.000000,0.000000,-0.000000
24713701823,1763340347096957991,0.000000000,0.000000000,1,224447.331346,329745,33554432,0.000,1.403080,0.018721,-1.011402,0.000000,0.000000,0.000000,0.000000,0.000000,-0.000000
24720798059,1763340347104054245,0.000000000,0.000000000,1,224447.338346,329745,33554432,0.000,1.403090,0.018719,-1.011384,0.000000,0.000000,0.000000,0.000000,0.000000,-0.000000
24727733777,1763340347110989963,0.000000000,0.000000000,1,224447.345346,329745,33554432,0.000,1.403083,0.018713,-1.011382,0.000000,0.000000,0.000000,0.000000,0.000000,-0.000000
24734795068,1763340347118051366,0.000000000,0.000000000,1,224447.352346,329745,33554432,0.000,1.403087,0.018706,-1.011384,0.000000,0.000000,0.000000,0.000000,0.000000,-0.000000
24741697379,1763340347124953676,0.000000000,0.000000000,1,224447.359346,329745,33554432,0.000,1.403088,0.018715,-1.011382,0.000000,0.000000,0.000000,0.000000,0.000000,-0.000000
24748776615,1763340347132032912,0.000000000,0.000000000,1,224447.366346,329745,33554432,0.000,1.403087,0.018713,-1.011380,0.000000,0.000000,0.000000,0.000000,0.000000,-0.000000
24755689685,1763340347138945982,0.000000000,0.000000000,1,224447.373346,329745,33554432,0.000,1.403088,0.018715,-1.011377,0.000000,0.000000,0.000000,0.000000,0.000000,-0.000000
24762749050,1763340347146005348,0.000000000,0.000000000,1,224447.380346,329745,33554432,0.000,1.403081,0.018718,-1.011370,0.000000,0.000000,0.000000,0.000000,0.000000,-0.000000
24771545540,1763340347154801782,0.000000000,0.000000000,1,224447.387346,329745,33554432,0.000,1.403074,0.018718,-1.011373,0.000000,0.000000,0.000000,0.000000,0.000000,-0.000000
24776738301,1763340347159994598,0.000000000,0.000000000,1,224447.394346,329745,33554432,0.000,1.403077,0.018702,-1.011377,0.000000,0.000000,0.000000,0.000000,0.000000,-0.000000
24783684796,1763340347166940631,0.000000000,0.000000000,1,224447.401346,329745,33554432,0.000,1.403071,0.018705,-1.011374,0.000000,0.000000,0.000000,0.000000,0.000000,-0.000000
24790779106,1763340347174035274,0.000000000,0.000000000,1,224447.408346,329745,33554432,0.000,1.403070,0.018701,-1.011359,0.000000,0.000000,0.000000,0.000000,0.000000,-0.000000
24797697528,1763340347180953825,0.000000000,0.000000000,1,224447.415346,329745,33554432,0.000,1.403060,0.018706,-1.011355,0.000000,0.000000,0.000000,0.000000,0.000000,-0.000000
24804769431,1763340347188025598,0.000000000,0.000000000,1,224447.422346,329745,33554432,0.000,1.403052,0.018709,-1.011343,0.000000,0.000000,0.000000,0.000000,0.000000,-0.000000
24811684426,1763340347194940168,0.000000000,0.000000000,1,224447.429346,329745,33554432,0.000,1.403053,0.018710,-1.011357,0.000000,0.000000,0.000000,0.000000,0.000000,-0.000000
24818744422,1763340347202000701,0.000000000,0.000000000,1,224447.436346,329745,33554432,0.000,1.403055,0.018725,-1.011351,0.000000,0.000000,0.000000,0.000000,0.000000,-0.000000
24826050083,1763340347209306343,0.000000000,0.000000000,1,224447.443346,329745,33554432,0.000,1.403057,0.018730,-1.011338,0.000000,0.000000,0.000000,0.000000,0.000000,-0.000000
24832873801,1763340347216130099,0.000000000,0.000000000,1,224447.450346,329745,33554432,0.000,1.403069,0.018733,-1.011335,0.000000,0.000000,0.000000,0.000000,0.000000,-0.000000
24839835315,1763340347223091483,0.000000000,0.000000000,1,224447.457346,329745,33554432,0.000,1.403070,0.018738,-1.011326,0.000000,0.000000,0.000000,0.000000,0.000000,-0.000000
24846727089,1763340347229983238,0.000000000,0.000000000,1,224447.464346,329745,33554432,0.000,1.403074,0.018725,-1.011329,0.000000,0.000000,0.000000,0.000000,0.000000,-0.000000
24853824603,1763340347237080770,0.000000000,0.000000000,1,224447.471346,329745,33554432,0.000,1.403070,0.018726,-1.011329,0.000000,0.000000,0.000000,0.000000,0.000000,-0.000000
24860678858,1763340347243935137,0.000000000,0.000000000,1,224447.478346,329745,33554432,0.000,1.403082,0.018729,-1.011320,0.000000,0.000000,0.000000,0.000000,0.000000,-0.000000
24867817427,1763340347251073724,0.000000000,0.000000000,1,224447.485346,329745,33554432,0.000,1.403087,0.018731,-1.011319,0.000000,0.000000,0.000000,0.000000,0.000000,-0.000000
24874717700,1763340347257973979,0.000000000,0.000000000,1,224447.492346,329745,33554432,0.000,1.403081,0.018727,-1.011328,0.000000,0.000000,0.000000,0.000000,0.000000,-0.000000
24881775807,1763340347265032086,0.000000000,0.000000000,1,224447.499346,329745,33554432,0.000,1.403083,0.018729,-1.011338,0.000000,0.000000,0.000000,0.000000,0.000000,-0.000000
24888674747,1763340347271931026,0.000000000,0.000000000,1,224447.506346,329745,33554432,0.000,1.403086,0.018712,-1.011333,0.000000,0.000000,0.000000,0.000000,0.000000,-0.000000
24895760113,1763340347279016410,0.000000000,0.000000000,1,224447.513346,329745,33554432,0.000,1.403087,0.018713,-1.011334,0.000000,0.000000,0.000000,0.000000,0.000000,-0.000000
24902818256,1763340347286074553,0.000000000,0.000000000,1,224447.520346,329745,33554432,0.000,1.403103,0.018709,-1.011328,0.000000,0.000000,0.000000,0.000000,0.000000,-0.000000
24909732011,1763340347292988290,0.000000000,0.000000000,1,224447.527346,329745,33554432,0.000,1.403105,0.018704,-1.011330,0.000000,0.000000,0.000000,0.000000,0.000000,-0.000000
24916806321,1763340347300062600,0.000000000,0.000000000,1,224447.534346,329745,33554432,0.000,1.403096,0.018706,-1.011347,0.000000,0.000000,0.000000,0.000000,0.000000,-0.000000
24923706169,1763340347306962448,0.000000000,0.000000000,1,224447.541346,329745,33554432,0.000,1.403102,0.018700,-1.011340,0.000000,0.000000,0.000000,0.000000,0.000000,-0.000000
24930791942,1763340347314048221,0.000000000,0.000000000,1,224447.548346,329745,33554432,0.000,1.403094,0.018701,-1.011334,0.000000,0.000000,0.000000,0.000000,0.000000,-0.000000
24937691678,1763340347320947994,0.000000000,0.000000000,1,224447.555346,329745,33554432,0.000,1.403088,0.018706,-1.011332,0.000000,0.000000,0.000000,0.000000,0.000000,-0.000000
24944750785,1763340347328007064,0.000000000,0.000000000,1,224447.562346,329745,33554432,0.000,1.403095,0.018704,-1.011315,0.000000,0.000000,0.000000,0.000000,0.000000,-0.000000
24951821632,1763340347335077911,0.000000000,0.000000000,1,224447.569346,329745,33554432,0.000,1.403097,0.018707,-1.011324,0.000000,0.000000,0.000000,0.000000,0.000000,-0.000000
24958733035,1763340347341989332,0.000000000,0.000000000,1,224447.576346,329745,33554432,0.000,1.403085,0.018709,-1.011310,0.000000,0.000000,0.000000,0.000000,0.000000,-0.000000
24965815567,1763340347349071865,0.000000000,0.000000000,1,224447.583346,329745,33554432,0.000,1.403094,0.018713,-1.011309,0.000000,0.000000,0.000000,0.000000,0.000000,-0.000000
24972874100,1763340347356130397,0.000000000,0.000000000,1,224447.590346,329745,33554432,0.000,1.403083,0.018721,-1.011303,0.000000,0.000000,0.000000,0.000000,0.000000,-0.000000
24979786836,1763340347363043134,0.000000000,0.000000000,1,224447.597346,329745,33554432,0.000,1.403082,0.018712,-1.011299,0.000000,0.000000,0.000000,0.000000,0.000000,-0.000000
24986699258,1763340347369955555,0.000000000,0.000000000,1,224447.604346,329745,33554432,0.000,1.403086,0.018710,-1.011287,0.000000,0.000000,0.000000,0.000000,0.000000,-0.000000
24993782494,1763340347377038791,0.000000000,0.000000000,1,224447.611346,329745,33554432,0.000,1.403089,0.018707,-1.011281,0.000000,0.000000,0.000000,0.000000,0.000000,-0.000000
25000692341,1763340347383948620,0.000000000,0.000000000,1,224447.618346,329745,33554432,0.000,1.403085,0.018715,-1.011275,0.000000,0.000000,0.000000,0.000000,0.000000,-0.000000
25007752300,1763340347391008578,0.000000000,0.000000000,1,224447.625346,329745,33554432,0.000,1.403089,0.018712,-1.011279,0.000000,0.000000,0.000000,0.000000,0.000000,-0.000000
25014820943,1763340347398077240,0.000000000,0.000000000,1,224447.632346,329745,33554432,0.000,1.403094,0.018716,-1.011286,0.000000,0.000000,0.000000,0.000000,0.000000,-0.000000
25021703198,1763340347404959496,0.000000000,0.000000000,1,224447.639346,329745,33554432,0.000,1.403095,0.018710,-1.011288,0.000000,0.000000,0.000000,0.000000,0.000000,-0.000000
25028686990,1763340347411943269,0.000000000,0.000000000,1,224447.646346,329745,33554432,0.000,1.403103,0.018713,-1.011279,0.000000,0.000000,0.000000,0.000000,0.000000,-0.000000
25035745226,1763340347419001505,0.000000000,0.000000000,1,224447.653346,329745,33554432,0.000,1.403091,0.018709,-1.011282,0.000000,0.000000,0.000000,0.000000,0.000000,-0.000000
25042817443,1763340347426073722,0.000000000,0.000000000,1,224447.660346,329745,33554432,0.000,1.403100,0.018705,-1.011270,0.000000,0.000000,0.000000,0.000000,0.000000,-0.000000
25049736884,1763340347432993181,0.000000000,0.000000000,1,224447.667346,329745,33554432,0.000,1.403093,0.018709,-1.011278,0.000000,0.000000,0.000000,0.000000,0.000000,-0.000000
25056805786,1763340347440062084,0.000000000,0.000000000,1,224447.674346,329745,33554432,0.000,1.403090,0.018709,-1.011283,0.000000,0.000000,0.000000,0.000000,0.000000,-0.000000
25063755856,1763340347447011746,0.000000000,0.000000000,1,224447.681346,329745,33554432,0.000,1.403094,0.018706,-1.011275,0.000000,0.000000,0.000000,0.000000,0.000000,-0.000000
25070814851,1763340347454071167,0.000000000,0.000000000,1,224447.688346,329745,33554432,0.000,1.403074,0.018701,-1.011268,0.000000,0.000000,0.000000,0.000000,0.000000,-0.000000
25077738773,1763340347460995070,0.000000000,0.000000000,1,224447.695346,329745,33554432,0.000,1.403071,0.018704,-1.011273,0.000000,0.000000,0.000000,0.000000,0.000000,-0.000000
25084808787,1763340347468065084,0.000000000,0.000000000,1,224447.702346,329745,33554432,0.000,1.403067,0.018703,-1.011263,0.000000,0.000000,0.000000,0.000000,0.000000,-0.000000
25091728671,1763340347474984950,0.000000000,0.000000000,1,224447.709346,329745,33554432,0.000,1.403062,0.018695,-1.011267,0.000000,0.000000,0.000000,0.000000,0.000000,-0.000000
25098787037,1763340347482043334,0.000000000,0.000000000,1,224447.716346,329745,33554432,0.000,1.403061,0.018696,-1.011261,0.000000,0.000000,0.000000,0.000000,0.000000,-0.000000
25105710274,1763340347488966571,0.000000000,0.000000000,1,224447.723346,329745,33554432,0.000,1.403061,0.018694,-1.011259,0.000000,0.000000,0.000000,0.000000,0.000000,-0.000000
25112770528,1763340347496026825,0.000000000,0.000000000,1,224447.730346,329745,33554432,0.000,1.403067,0.018693,-1.011256,0.000000,0.000000,0.000000,0.000000,0.000000,-0.000000
25119694172,1763340347502950469,0.000000000,0.000000000,1,224447.737346,329745,33554432,0.000,1.403071,0.018698,-1.011257,0.000000,0.000000,0.000000,0.000000,0.000000,-0.000000
25126809649,1763340347510065113,0.000000000,0.000000000,1,224447.744346,329745,33554432,0.000,1.403065,0.018704,-1.011243,0.000000,0.000000,0.000000,0.000000,0.000000,-0.000000
25133709811,1763340347516966090,0.000000000,0.000000000,1,224447.751346,329745,33554432,0.000,1.403067,0.018703,-1.011241,0.000000,0.000000,0.000000,0.000000,0.000000,-0.000000
25140778306,1763340347524034604,0.000000000,0.000000000,1,224447.758346,329745,33554432,0.000,1.403063,0.018713,-1.011236,0.000000,0.000000,0.000000,0.000000,0.000000,-0.000000
25147696783,1763340347530953062,0.000000000,0.000000000,1,224447.765346,329745,33554432,0.000,1.403067,0.018720,-1.011231,0.000000,0.000000,0.000000,0.000000,0.000000,-0.000000
25154771094,1763340347538027372,0.000000000,0.000000000,1,224447.772346,329745,33554432,0.000,1.403072,0.018718,-1.011220,0.000000,0.000000,0.000000,0.000000,0.000000,-0.000000
25161830904,1763340347545087201,0.000000000,0.000000000,1,224447.779346,329745,33554432,0.000,1.403081,0.018711,-1.011220,0.000000,0.000000,0.000000,0.000000,0.000000,-0.000000
25168784881,1763340347552041178,0.000000000,0.000000000,1,224447.786346,329745,33554432,0.000,1.403082,0.018702,-1.011198,0.000000,0.000000,0.000000,0.000000,0.000000,-0.000000
25175704302,1763340347558960470,0.000000000,0.000000000,1,224447.793346,329745,33554432,0.000,1.403091,0.018705,-1.011184,0.000000,0.000000,0.000000,0.000000,0.000000,-0.000000
25182779816,1763340347566035577,0.000000000,0.000000000,1,224447.800346,329745,33554432,0.000,1.403098,0.018690,-1.011172,0.000000,0.000000,0.000000,0.000000,0.000000,-0.000000
25189819867,1763340347573075887,0.000000000,0.000000000,1,224447.807346,329745,33554432,0.000,1.403087,0.018692,-1.011172,0.000000,0.000000,0.000000,0.000000,0.000000,-0.000000
25196739585,1763340347579995882,0.000000000,0.000000000,1,224447.814346,329745,33554432,0.000,1.403086,0.018690,-1.011175,0.000000,0.000000,0.000000,0.000000,0.000000,-0.000000
25203823099,1763340347587079007,0.000000000,0.000000000,1,224447.821346,329745,33554432,0.000,1.403102,0.018688,-1.011167,0.000000,0.000000,0.000000,0.000000,0.000000,-0.000000
25210772631,1763340347594028929,0.000000000,0.000000000,1,224447.828346,329745,33554432,0.000,1.403105,0.018704,-1.011168,0.000000,0.000000,0.000000,0.000000,0.000000,-0.000000
25217734053,1763340347600990350,0.000000000,0.000000000,1,224447.835346,329745,33554432,0.000,1.403103,0.018697,-1.011171,0.000000,0.000000,0.000000,0.000000,0.000000,-0.000000
25224806622,1763340347608062901,0.000000000,0.000000000,1,224447.842346,329745,33554432,0.000,1.403099,0.018699,-1.011158,0.000000,0.000000,0.000000,0.000000,0.000000,-0.000000
25231750007,1763340347615006286,0.000000000,0.000000000,1,224447.849346,329745,33554432,0.000,1.403099,0.018697,-1.011162,0.000000,0.000000,0.000000,0.000000,0.000000,-0.000000
25238816447,1763340347622072614,0.000000000,0.000000000,1,224447.856346,329745,33554432,0.000,1.403099,0.018693,-1.011156,0.000000,0.000000,0.000000,0.000000,0.000000,-0.000000
25245733924,1763340347628990203,0.000000000,0.000000000,1,224447.863346,329745,33554432,0.000,1.403102,0.018690,-1.011155,0.000000,0.000000,0.000000,0.000000,0.000000,-0.000000
25252793012,1763340347636049309,0.000000000,0.000000000,1,224447.870346,329745,33554432,0.000,1.403089,0.018693,-1.011175,0.000000,0.000000,0.000000,0.000000,0.000000,-0.000000
25259736396,1763340347642992675,0.000000000,0.000000000,1,224447.877346,329745,33554432,0.000,1.403090,0.018689,-1.011168,0.000000,0.000000,0.000000,0.000000,0.000000,-0.000000
25267552685,1763340347650809038,0.000000000,0.000000000,1,224447.884346,329745,33554432,0.000,1.403080,0.018679,-1.011162,0.000000,0.000000,0.000000,0.000000,0.000000,-0.000000
25273831979,1763340347657088258,0.000000000,0.000000000,1,224447.891346,329745,33554432,0.000,1.403072,0.018680,-1.011167,0.000000,0.000000,0.000000,0.000000,0.000000,-0.000000
25280773494,1763340347664029661,0.000000000,0.000000000,1,224447.898346,329745,33554432,0.000,1.403062,0.018678,-1.011158,0.000000,0.000000,0.000000,0.000000,0.000000,-0.000000
25287688934,1763340347670945231,0.000000000,0.000000000,1,224447.905346,329745,33554432,0.000,1.403071,0.018679,-1.011165,0.000000,0.000000,0.000000,0.000000,0.000000,-0.000000
25294818244,1763340347678074486,0.000000000,0.000000000,1,224447.912346,329745,33554432,0.000,1.403057,0.018683,-1.011158,0.000000,0.000000,0.000000,0.000000,0.000000,-0.000000
25301734647,1763340347684990926,0.000000000,0.000000000,1,224447.919346,329745,33554432,0.000,1.403067,0.018679,-1.011159,0.000000,0.000000,0.000000,0.000000,0.000000,-0.000000
25308807550,1763340347692063828,0.000000000,0.000000000,1,224447.926346,329745,33554432,0.000,1.403061,0.018685,-1.011146,0.000000,0.000000,0.000000,0.000000,0.000000,-0.000000
25315866730,1763340347699123027,0.000000000,0.000000000,1,224447.933346,329745,33554432,0.000,1.403058,0.018683,-1.011142,0.000000,0.000000,0.000000,0.000000,0.000000,-0.000000
25322767337,1763340347706023634,0.000000000,0.000000000,1,224447.940346,329745,33554432,0.000,1.403057,0.018680,-1.011144,0.000000,0.000000,0.000000,0.000000,0.000000,-0.000000
25329741332,1763340347712997630,0.000000000,0.000000000,1,224447.947346,329745,33554432,0.000,1.403059,0.018672,-1.011140,0.000000,0.000000,0.000000,0.000000,0.000000,-0.000000
25336769124,1763340347720025310,0.000000000,0.000000000,1,224447.954346,329745,33554432,0.000,1.403051,0.018658,-1.011123,0.000000,0.000000,0.000000,0.000000,0.000000,-0.000000
25343788157,1763340347727044195,0.000000000,0.000000000,1,224447.961346,329745,33554432,0.000,1.403055,0.018655,-1.011125,0.000000,0.000000,0.000000,0.000000,0.000000,-0.000000
25350788559,1763340347734044727,0.000000000,0.000000000,1,224447.968346,329745,33554432,0.000,1.403052,0.018649,-1.011124,0.000000,0.000000,0.000000,0.000000,0.000000,-0.000000
25357741777,1763340347740997538,0.000000000,0.000000000,1,224447.975346,329745,33554432,0.000,1.403055,0.018651,-1.011118,0.000000,0.000000,0.000000,0.000000,0.000000,-0.000000
25364713217,1763340347747969385,0.000000000,0.000000000,1,224447.982346,329745,33554432,0.000,1.403067,0.018648,-1.011089,0.000000,0.000000,0.000000,0.000000,0.000000,-0.000000
25371772472,1763340347755028769,0.000000000,0.000000000,1,224447.989346,329745,33554432,0.000,1.403059,0.018649,-1.011086,0.000000,0.000000,0.000000,0.000000,0.000000,-0.000000
25378830041,1763340347762086320,0.000000000,0.000000000,1,224447.996346,329745,33554432,0.000,1.403046,0.018647,-1.011090,0.000000,0.000000,0.000000,0.000000,0.000000,-0.000000
25385730000,1763340347768986279,0.000000000,0.000000000,1,224448.003346,329745,33554432,0.000,1.403039,0.018649,-1.011090,0.000000,0.000000,0.000000,0.000000,0.000000,-0.000000
25392811773,1763340347776068070,0.000000000,0.000000000,1,224448.010346,329745,33554432,0.000,1.403029,0.018653,-1.011092,0.000000,0.000000,0.000000,0.000000,0.000000,-0.000000
25399882750,1763340347783139029,0.000000000,0.000000000,1,224448.017346,329745,33554432,0.000,1.403031,0.018649,-1.011083,0.000000,0.000000,0.000000,0.000000,0.000000,-0.000000
25406813320,1763340347790069487,0.000000000,0.000000000,1,224448.024346,329745,33554432,0.000,1.403031,0.018647,-1.011072,0.000000,0.000000,0.000000,0.000000,0.000000,-0.000000
25413716352,1763340347796972631,0.000000000,0.000000000,1,224448.031346,329745,33554432,0.000,1.403023,0.018654,-1.011084,0.000000,0.000000,0.000000,0.000000,0.000000,-0.000000
25420830496,1763340347804086200,0.000000000,0.000000000,1,224448.038346,329745,33554432,0.000,1.403026,0.018657,-1.011094,0.000000,0.000000,0.000000,0.000000,0.000000,-0.000000
25427789084,1763340347811045140,0.000000000,0.000000000,1,224448.045346,329745,33554432,0.000,1.403032,0.018664,-1.011095,0.000000,0.000000,0.000000,0.000000,0.000000,-0.000000
25434691135,1763340347817947414,0.000000000,0.000000000,1,224448.052346,329745,33554432,0.000,1.403039,0.018667,-1.011096,0.000000,0.000000,0.000000,0.000000,0.000000,-0.000000
25441749242,1763340347825005520,0.000000000,0.000000000,1,224448.059346,329745,33554432,0.000,1.403038,0.018668,-1.011090,0.000000,0.000000,0.000000,0.000000,0.000000,-0.000000
25448827978,1763340347832084275,0.000000000,0.000000000,1,224448.066346,329745,33554432,0.000,1.403042,0.018667,-1.011089,0.000000,0.000000,0.000000,0.000000,0.000000,-0.000000
25455727122,1763340347838983419,0.000000000,0.000000000,1,224448.073346,329745,33554432,0.000,1.403046,0.018667,-1.011086,0.000000,0.000000,0.000000,0.000000,0.000000,-0.000000
25462785117,1763340347846041414,0.000000000,0.000000000,1,224448.080346,329745,33554432,0.000,1.403053,0.018675,-1.011078,0.000000,0.000000,0.000000,0.000000,0.000000,-0.000000
25469731149,1763340347852987428,0.000000000,0.000000000,1,224448.087346,329745,33554432,0.000,1.403059,0.018676,-1.011087,0.000000,0.000000,0.000000,0.000000,0.000000,-0.000000
25476789145,1763340347860045442,0.000000000,0.000000000,1,224448.094346,329745,33554432,0.000,1.403065,0.018666,-1.011089,0.000000,0.000000,0.000000,0.000000,0.000000,-0.000000
25483699455,1763340347866955753,0.000000000,0.000000000,1,224448.101346,329745,33554432,0.000,1.403064,0.018664,-1.011086,0.000000,0.000000,0.000000,0.000000,0.000000,-0.000000
25490792562,1763340347874048841,0.000000000,0.000000000,1,224448.108346,329745,33554432,0.000,1.403058,0.018659,-1.011079,0.000000,0.000000,0.000000,0.000000,0.000000,-0.000000
25497701150,1763340347880957447,0.000000000,0.000000000,1,224448.115346,329745,33554432,0.000,1.403063,0.018666,-1.011073,0.000000,0.000000,0.000000,0.000000,0.000000,-0.000000
25504774664,1763340347888030943,0.000000000,0.000000000,1,224448.122346,329745,33554432,0.000,1.403067,0.018661,-1.011067,0.000000,0.000000,0.000000,0.000000,0.000000,-0.000000
25511699548,1763340347894955846,0.000000000,0.000000000,1,224448.129346,329745,33554432,0.000,1.403075,0.018658,-1.011072,0.000000,0.000000,0.000000,0.000000,0.000000,-0.000000
25518768377,1763340347902024545,0.000000000,0.000000000,1,224448.136346,329745,33554432,0.000,1.403076,0.018649,-1.011073,0.000000,0.000000,0.000000,0.000000,0.000000,-0.000000
25525826909,1763340347909083188,0.000000000,0.000000000,1,224448.143346,329745,33554432,0.000,1.403080,0.018655,-1.011075,0.000000,0.000000,0.000000,0.000000,0.000000,-0.000000
25532792294,1763340347916048462,0.000000000,0.000000000,1,224448.150346,329745,33554432,0.000,1.403083,0.018649,-1.011075,0.000000,0.000000,0.000000,0.000000,0.000000,-0.000000
25539730864,1763340347922987161,0.000000000,0.000000000,1,224448.157346,329745,33554432,0.000,1.403089,0.018652,-1.011072,0.000000,0.000000,0.000000,0.000000,0.000000,-0.000000
25546789044,1763340347930045341,0.000000000,0.000000000,1,224448.164346,329745,33554432,0.000,1.403101,0.018655,-1.011066,0.000000,0.000000,0.000000,0.000000,0.000000,-0.000000
25553703281,1763340347936959559,0.000000000,0.000000000,1,224448.171346,329745,33554432,0.000,1.403103,0.018654,-1.011063,0.000000,0.000000,0.000000,0.000000,0.000000,-0.000000
25560779146,1763340347944035425,0.000000000,0.000000000,1,224448.178346,329745,33554432,0.000,1.403098,0.018657,-1.011050,0.000000,0.000000,0.000000,0.000000,0.000000,-0.000000
25567711457,1763340347950967754,0.000000000,0.000000000,1,224448.185346,329745,33554432,0.000,1.403092,0.018641,-1.011060,0.000000,0.000000,0.000000,0.000000,0.000000,-0.000000
25574784267,1763340347958040564,0.000000000,0.000000000,1,224448.192346,329745,33554432,0.000,1.403097,0.018623,-1.011065,0.000000,0.000000,0.000000,0.000000,0.000000,-0.000000
25581694744,1763340347964951041,0.000000000,0.000000000,1,224448.199346,329745,33554432,0.000,1.403101,0.018617,-1.011077,0.000000,0.000000,0.000000,0.000000,0.000000,-0.000000
25588770998,1763340347972027296,0.000000000,0.000000000,1,224448.206346,329745,33554432,0.000,1.403111,0.018613,-1.011072,0.000000,0.000000,0.000000,0.000000,0.000000,-0.000000
25595691013,1763340347978947255,0.000000000,0.000000000,1,224448.213346,329745,33554432,0.000,1.403103,0.018617,-1.011065,0.000000,0.000000,0.000000,0.000000,0.000000,-0.000000
25602750971,1763340347986007250,0.000000000,0.000000000,1,224448.220346,329745,33554432,0.000,1.403096,0.018622,-1.011063,0.000000,0.000000,0.000000,0.000000,0.000000,-0.000000
25609823948,1763340347993080227,0.000000000,0.000000000,1,224448.227346,329745,33554432,0.000,1.403095,0.018625,-1.011057,0.000000,0.000000,0.000000,0.000000,0.000000,-0.000000
25616734518,1763340347999990796,0.000000000,0.000000000,1,224448.234346,329745,33554432,0.000,1.403087,0.018628,-1.011058,0.000000,0.000000,0.000000,0.000000,0.000000,-0.000000
25623792661,1763340348007048958,0.000000000,0.000000000,1,224448.241346,329745,33554432,0.000,1.403080,0.018638,-1.011048,0.000000,0.000000,0.000000,0.000000,0.000000,-0.000000
25630733601,1763340348013989898,0.000000000,0.000000000,1,224448.248346,329745,33554432,0.000,1.403096,0.018626,-1.011051,0.000000,0.000000,0.000000,0.000000,0.000000,-0.000000
25637791041,1763340348021047338,0.000000000,0.000000000,1,224448.255346,329745,33554432,0.000,1.403107,0.018627,-1.011047,0.000000,0.000000,0.000000,0.000000,0.000000,-0.000000
25644790629,1763340348028046926,0.000000000,0.000000000,1,224448.262346,329745,33554432,0.000,1.403106,0.018632,-1.011029,0.000000,0.000000,0.000000,0.000000,0.000000,-0.000000
25651850995,1763340348035107292,0.000000000,0.000000000,1,224448.269346,329745,33554432,0.000,1.403105,0.018638,-1.011028,0.000000,0.000000,0.000000,0.000000,0.000000,-0.000000
25658752620,1763340348042008899,0.000000000,0.000000000,1,224448.276346,329745,33554432,0.000,1.403095,0.018636,-1.011022,0.000000,0.000000,0.000000,0.000000,0.000000,-0.000000
25665690060,1763340348048946357,0.000000000,0.000000000,1,224448.283346,329745,33554432,0.000,1.403100,0.018640,-1.011021,0.000000,0.000000,0.000000,0.000000,0.000000,-0.000000
25672908240,1763340348056164537,0.000000000,0.000000000,1,224448.290346,329745,33554432,0.000,1.403109,0.018632,-1.011015,0.000000,0.000000,0.000000,0.000000,0.000000,-0.000000
25679703570,1763340348062959867,0.000000000,0.000000000,1,224448.297346,329745,33554432,0.000,1.403116,0.018629,-1.011022,0.000000,0.000000,0.000000,0.000000,0.000000,-0.000000
25686762398,1763340348070018677,0.000000000,0.000000000,1,224448.304346,329745,33554432,0.000,1.403114,0.018621,-1.011009,0.000000,0.000000,0.000000,0.000000,0.000000,-0.000000
25693837893,1763340348077094191,0.000000000,0.000000000,1,224448.311346,329745,33554432,0.000,1.403119,0.018626,-1.011012,0.000000,0.000000,0.000000,0.000000,0.000000,-0.000000
25700739685,1763340348083995964,0.000000000,0.000000000,1,224448.318346,329745,33554432,0.000,1.403122,0.018630,-1.010997,0.000000,0.000000,0.000000,0.000000,0.000000,-0.000000
25707683885,1763340348090940053,0.000000000,0.000000000,1,224448.325346,329745,33554432,0.000,1.403120,0.018631,-1.010988,0.000000,0.000000,0.000000,0.000000,0.000000,-0.000000
25714754139,1763340348098010418,0.000000000,0.000000000,1,224448.332346,329745,33554432,0.000,1.403122,0.018630,-1.010991,0.000000,0.000000,0.000000,0.000000,0.000000,-0.000000
25721817486,1763340348105073784,0.000000000,0.000000000,1,224448.339346,329745,33554432,0.000,1.403126,0.018639,-1.010987,0.000000,0.000000,0.000000,0.000000,0.000000,-0.000000
25728774408,1763340348112030687,0.000000000,0.000000000,1,224448.346346,329745,33554432,0.000,1.403126,0.018630,-1.010965,0.000000,0.000000,0.000000,0.000000,0.000000,-0.000000
25735833607,1763340348119089904,0.000000000,0.000000000,1,224448.353346,329745,33554432,0.000,1.403126,0.018626,-1.010964,0.000000,0.000000,0.000000,0.000000,0.000000,-0.000000
25742752362,1763340348126008659,0.000000000,0.000000000,1,224448.360346,329745,33554432,0.000,1.403130,0.018627,-1.010966,0.000000,0.000000,0.000000,0.000000,0.000000,-0.000000
25749686173,1763340348132942470,0.000000000,0.000000000,1,224448.367346,329745,33554432,0.000,1.403134,0.018624,-1.010968,0.000000,0.000000,0.000000,0.000000,0.000000,-0.000000
25756765483,1763340348140021761,0.000000000,0.000000000,1,224448.374346,329745,33554432,0.000,1.403124,0.018619,-1.010966,0.000000,0.000000,0.000000,0.000000,0.000000,-0.000000
25763693849,1763340348146950016,0.000000000,0.000000000,1,224448.381346,329745,33554432,0.000,1.403133,0.018624,-1.010969,0.000000,0.000000,0.000000,0.000000,0.000000,-0.000000
25770753344,1763340348154009641,0.000000000,0.000000000,1,224448.388346,329745,33554432,0.000,1.403138,0.018625,-1.010956,0.000000,0.000000,0.000000,0.000000,0.000000,-0.000000
25777824061,1763340348161080359,0.000000000,0.000000000,1,224448.395346,329745,33554432,0.000,1.403137,0.018625,-1.010963,0.000000,0.000000,0.000000,0.000000,0.000000,-0.000000
25784776538,1763340348168032706,0.000000000,0.000000000,1,224448.402346,329745,33554432,0.000,1.403133,0.018628,-1.010954,0.000000,0.000000,0.000000,0.000000,0.000000,-0.000000
25791776978,1763340348175033257,0.000000000,0.000000000,1,224448.409346,329745,33554432,0.000,1.403136,0.018626,-1.010946,0.000000,0.000000,0.000000,0.000000,0.000000,-0.000000
25798850511,1763340348182106790,0.000000000,0.000000000,1,224448.416346,329745,33554432,0.000,1.403129,0.018635,-1.010945,0.000000,0.000000,0.000000,0.000000,0.000000,-0.000000
25805775118,1763340348189031396,0.000000000,0.000000000,1,224448.423346,329745,33554432,0.000,1.403129,0.018627,-1.010946,0.000000,0.000000,0.000000,0.000000,0.000000,-0.000000
25812837817,1763340348196094095,0.000000000,0.000000000,1,224448.430346,329745,33554432,0.000,1.403124,0.018641,-1.010950,0.000000,0.000000,0.000000,0.000000,0.000000,-0.000000
25819779220,1763340348203035517,0.000000000,0.000000000,1,224448.437346,329745,33554432,0.000,1.403132,0.018641,-1.010944,0.000000,0.000000,0.000000,0.000000,0.000000,-0.000000
25826810974,1763340348210066864,0.000000000,0.000000000,1,224448.444346,329745,33554432,0.000,1.403134,0.018643,-1.010929,0.000000,0.000000,0.000000,0.000000,0.000000,-0.000000
25833900988,1763340348217157285,0.000000000,0.000000000,1,224448.451346,329745,33554432,0.000,1.403133,0.018641,-1.010927,0.000000,0.000000,0.000000,0.000000,0.000000,-0.000000
25841217168,1763340348224473428,0.000000000,0.000000000,1,224448.458346,329745,33554432,0.000,1.403134,0.018643,-1.010910,0.000000,0.000000,0.000000,0.000000,0.000000,-0.000000
25847735387,1763340348230991481,0.000000000,0.000000000,1,224448.465346,329745,33554432,0.000,1.403133,0.018635,-1.010904,0.000000,0.000000,0.000000,0.000000,0.000000,-0.000000
25854768716,1763340348238024883,0.000000000,0.000000000,1,224448.472346,329745,33554432,0.000,1.403127,0.018628,-1.010900,0.000000,0.000000,0.000000,0.000000,0.000000,-0.000000
25861858655,1763340348245114360,0.000000000,0.000000000,1,224448.479346,329745,33554432,0.000,1.403125,0.018619,-1.010899,0.000000,0.000000,0.000000,0.000000,0.000000,-0.000000
25868694281,1763340348251950578,0.000000000,0.000000000,1,224448.486346,329745,33554432,0.000,1.403126,0.018618,-1.010902,0.000000,0.000000,0.000000,0.000000,0.000000,-0.000000
25875761332,1763340348259017629,0.000000000,0.000000000,1,224448.493346,329745,33554432,0.000,1.403122,0.018620,-1.010901,0.000000,0.000000,0.000000,0.000000,0.000000,-0.000000
25882820679,1763340348266076976,0.000000000,0.000000000,1,224448.500346,329745,33554432,0.000,1.403109,0.018632,-1.010907,0.000000,0.000000,0.000000,0.000000,0.000000,-0.000000
25889777378,1763340348273033231,0.000000000,0.000000000,1,224448.507346,329745,33554432,0.000,1.403119,0.018634,-1.010905,0.000000,0.000000,0.000000,0.000000,0.000000,-0.000000
25896691929,1763340348279948208,0.000000000,0.000000000,1,224448.514346,329745,33554432,0.000,1.403118,0.018637,-1.010904,0.000000,0.000000,0.000000,0.000000,0.000000,-0.000000
25903750054,1763340348287006352,0.000000000,0.000000000,1,224448.521346,329745,33554432,0.000,1.403122,0.018635,-1.010902,0.000000,0.000000,0.000000,0.000000,0.000000,-0.000000
25910821513,1763340348294077810,0.000000000,0.000000000,1,224448.528346,329745,33554432,0.000,1.403120,0.018640,-1.010903,0.000000,0.000000,0.000000,0.000000,0.000000,-0.000000
25917742564,1763340348300998861,0.000000000,0.000000000,1,224448.535346,329745,33554432,0.000,1.403110,0.018641,-1.010901,0.000000,0.000000,0.000000,0.000000,0.000000,-0.000000
25924816004,1763340348308072301,0.000000000,0.000000000,1,224448.542346,329745,33554432,0.000,1.403108,0.018639,-1.010891,0.000000,0.000000,0.000000,0.000000,0.000000,-0.000000
25931744684,1763340348315000963,0.000000000,0.000000000,1,224448.549346,329745,33554432,0.000,1.403107,0.018640,-1.010885,0.000000,0.000000,0.000000,0.000000,0.000000,-0.000000
25938813587,1763340348322069884,0.000000000,0.000000000,1,224448.556346,329745,33554432,0.000,1.403092,0.018640,-1.010888,0.000000,0.000000,0.000000,0.000000,0.000000,-0.000000
25945712787,1763340348328969065,0.000000000,0.000000000,1,224448.563346,329745,33554432,0.000,1.403094,0.018647,-1.010884,0.000000,0.000000,0.000000,0.000000,0.000000,-0.000000
25952782152,1763340348336038431,0.000000000,0.000000000,1,224448.570346,329745,33554432,0.000,1.403092,0.018650,-1.010874,0.000000,0.000000,0.000000,0.000000,0.000000,-0.000000
25959711055,1763340348342967353,0.000000000,0.000000000,1,224448.577346,329745,33554432,0.000,1.403102,0.018650,-1.010874,0.000000,0.000000,0.000000,0.000000,0.000000,-0.000000
25966814347,1763340348350070644,0.000000000,0.000000000,1,224448.584346,329745,33554432,0.000,1.403108,0.018629,-1.010857,0.000000,0.000000,0.000000,0.000000,0.000000,-0.000000
25973714528,1763340348356970807,0.000000000,0.000000000,1,224448.591346,329745,33554432,0.000,1.403111,0.018626,-1.010865,0.000000,0.000000,0.000000,0.000000,0.000000,-0.000000
25980773727,1763340348364030024,0.000000000,0.000000000,1,224448.598346,329745,33554432,0.000,1.403103,0.018629,-1.010862,0.000000,0.000000,0.000000,0.000000,0.000000,-0.000000
25987833204,1763340348371089501,0.000000000,0.000000000,1,224448.605346,329745,33554432,0.000,1.403114,0.018633,-1.010858,0.000000,0.000000,0.000000,0.000000,0.000000,-0.000000
25994755310,1763340348378011589,0.000000000,0.000000000,1,224448.612346,329745,33554432,0.000,1.403114,0.018618,-1.010863,0.000000,0.000000,0.000000,0.000000,0.000000,-0.000000
26001815620,1763340348385071899,0.000000000,0.000000000,1,224448.619346,329745,33554432,0.000,1.403120,0.018614,-1.010860,0.000000,0.000000,0.000000,0.000000,0.000000,-0.000000
26008715598,1763340348391971895,0.000000000,0.000000000,1,224448.626346,329745,33554432,0.000,1.403109,0.018631,-1.010858,0.000000,0.000000,0.000000,0.000000,0.000000,-0.000000
26015773315,1763340348399029613,0.000000000,0.000000000,1,224448.633346,329745,33554432,0.000,1.403103,0.018635,-1.010860,0.000000,0.000000,0.000000,0.000000,0.000000,-0.000000
26022674755,1763340348405931034,0.000000000,0.000000000,1,224448.640346,329745,33554432,0.000,1.403096,0.018641,-1.010852,0.000000,0.000000,0.000000,0.000000,0.000000,-0.000000
26029791195,1763340348413047474,0.000000000,0.000000000,1,224448.647346,329745,33554432,0.000,1.403105,0.018636,-1.010849,0.000000,0.000000,0.000000,0.000000,0.000000,-0.000000
26036709598,1763340348419965877,0.000000000,0.000000000,1,224448.654346,329745,33554432,0.000,1.403103,0.018627,-1.010848,0.000000,0.000000,0.000000,0.000000,0.000000,-0.000000
26043769019,1763340348427025298,0.000000000,0.000000000,1,224448.661346,329745,33554432,0.000,1.403108,0.018635,-1.010846,0.000000,0.000000,0.000000,0.000000,0.000000,-0.000000
26050827089,1763340348434083386,0.000000000,0.000000000,1,224448.668346,329745,33554432,0.000,1.403108,0.018631,-1.010846,0.000000,0.000000,0.000000,0.000000,0.000000,-0.000000
26057742270,1763340348440998567,0.000000000,0.000000000,1,224448.675346,329745,33554432,0.000,1.403098,0.018637,-1.010843,0.000000,0.000000,0.000000,0.000000,0.000000,-0.000000
26064710580,1763340348447966822,0.000000000,0.000000000,1,224448.682346,329745,33554432,0.000,1.403082,0.018640,-1.010838,0.000000,0.000000,0.000000,0.000000,0.000000,-0.000000
26071769149,1763340348455025447,0.000000000,0.000000000,1,224448.689346,329745,33554432,0.000,1.403075,0.018638,-1.010846,0.000000,0.000000,0.000000,0.000000,0.000000,-0.000000
26078826478,1763340348462082757,0.000000000,0.000000000,1,224448.696346,329745,33554432,0.000,1.403079,0.018634,-1.010835,0.000000,0.000000,0.000000,0.000000,0.000000,-0.000000
26085739159,1763340348468995438,0.000000000,0.000000000,1,224448.703346,329745,33554432,0.000,1.403081,0.018628,-1.010834,0.000000,0.000000,0.000000,0.000000,0.000000,-0.000000
26092818802,1763340348476075100,0.000000000,0.000000000,1,224448.710346,329745,33554432,0.000,1.403084,0.018635,-1.010833,0.000000,0.000000,0.000000,0.000000,0.000000,-0.000000
26099729594,1763340348482985892,0.000000000,0.000000000,1,224448.717346,329745,33554432,0.000,1.403092,0.018632,-1.010827,0.000000,0.000000,0.000000,0.000000,0.000000,-0.000000
26106788534,1763340348490044813,0.000000000,0.000000000,1,224448.724346,329745,33554432,0.000,1.403090,0.018630,-1.010821,0.000000,0.000000,0.000000,0.000000,0.000000,-0.000000
26113861215,1763340348497117493,0.000000000,0.000000000,1,224448.731346,329745,33554432,0.000,1.403087,0.018632,-1.010818,0.000000,0.000000,0.000000,0.000000,0.000000,-0.000000
26120787896,1763340348504044193,0.000000000,0.000000000,1,224448.738346,329745,33554432,0.000,1.403084,0.018637,-1.010810,0.000000,0.000000,0.000000,0.000000,0.000000,-0.000000
26127722836,1763340348510979115,0.000000000,0.000000000,1,224448.745346,329745,33554432,0.000,1.403089,0.018633,-1.010807,0.000000,0.000000,0.000000,0.000000,0.000000,-0.000000
26134780368,1763340348518036665,0.000000000,0.000000000,1,224448.752346,329745,33554432,0.000,1.403076,0.018634,-1.010798,0.000000,0.000000,0.000000,0.000000,0.000000,-0.000000
26141679271,1763340348524935550,0.000000000,0.000000000,1,224448.759346,329745,33554432,0.000,1.403080,0.018634,-1.010794,0.000000,0.000000,0.000000,0.000000,0.000000,-0.000000
26148740970,1763340348531997249,0.000000000,0.000000000,1,224448.766346,329745,33554432,0.000,1.403080,0.018635,-1.010781,0.000000,0.000000,0.000000,0.000000,0.000000,-0.000000
26155807373,1763340348539063652,0.000000000,0.000000000,1,224448.773346,329745,33554432,0.000,1.403079,0.018629,-1.010778,0.000000,0.000000,0.000000,0.000000,0.000000,-0.000000
26162708221,1763340348545964388,0.000000000,0.000000000,1,224448.780346,329745,33554432,0.000,1.403079,0.018627,-1.010774,0.000000,0.000000,0.000000,0.000000,0.000000,-0.000000
26169821734,1763340348553077902,0.000000000,0.000000000,1,224448.787346,329745,33554432,0.000,1.403074,0.018625,-1.010764,0.000000,0.000000,0.000000,0.000000,0.000000,-0.000000
26176742137,1763340348559998435,0.000000000,0.000000000,1,224448.794346,329745,33554432,0.000,1.403074,0.018613,-1.010760,0.000000,0.000000,0.000000,0.000000,0.000000,-0.000000
26183808133,1763340348567064411,0.000000000,0.000000000,1,224448.801346,329745,33554432,0.000,1.403069,0.018607,-1.010759,0.000000,0.000000,0.000000,0.000000,0.000000,-0.000000
26190733128,1763340348573989407,0.000000000,0.000000000,1,224448.808346,329745,33554432,0.000,1.403063,0.018608,-1.010760,0.000000,0.000000,0.000000,0.000000,0.000000,-0.000000
26197732290,1763340348580988458,0.000000000,0.000000000,1,224448.815346,329745,33554432,0.000,1.403068,0.018610,-1.010759,0.000000,0.000000,0.000000,0.000000,0.000000,-0.000000
26204814786,1763340348588071083,0.000000000,0.000000000,1,224448.822346,329745,33554432,0.000,1.403064,0.018626,-1.010756,0.000000,0.000000,0.000000,0.000000,0.000000,-0.000000
26211737670,1763340348594993949,0.000000000,0.000000000,1,224448.829346,329745,33554432,0.000,1.403074,0.018627,-1.010759,0.000000,0.000000,0.000000,0.000000,0.000000,-0.000000
26218817332,1763340348602073611,0.000000000,0.000000000,1,224448.836346,329745,33554432,0.000,1.403087,0.018633,-1.010758,0.000000,0.000000,0.000000,0.000000,0.000000,-0.000000
26225737161,1763340348608993459,0.000000000,0.000000000,1,224448.843346,329745,33554432,0.000,1.403092,0.018634,-1.010755,0.000000,0.000000,0.000000,0.000000,0.000000,-0.000000
26232861527,1763340348616117806,0.000000000,0.000000000,1,224448.850346,329745,33554432,0.000,1.403100,0.018633,-1.010754,0.000000,0.000000,0.000000,0.000000,0.000000,-0.000000
26239778411,1763340348623034598,0.000000000,0.000000000,1,224448.857346,329745,33554432,0.000,1.403105,0.018628,-1.010752,0.000000,0.000000,0.000000,0.000000,0.000000,-0.000000
26246695944,1763340348629952223,0.000000000,0.000000000,1,224448.864346,329745,33554432,0.000,1.403095,0.018631,-1.010746,0.000000,0.000000,0.000000,0.000000,0.000000,-0.000000
26253770421,1763340348637026700,0.000000000,0.000000000,1,224448.871346,329745,33554432,0.000,1.403094,0.018637,-1.010748,0.000000,0.000000,0.000000,0.000000,0.000000,-0.000000
26260684194,1763340348643940492,0.000000000,0.000000000,1,224448.878346,329745,33554432,0.000,1.403086,0.018633,-1.010745,0.000000,0.000000,0.000000,0.000000,0.000000,-0.000000
26267775060,1763340348651031357,0.000000000,0.000000000,1,224448.885346,329745,33554432,0.000,1.403080,0.018636,-1.010746,0.000000,0.000000,0.000000,0.000000,0.000000,-0.000000
26274834203,1763340348658090501,0.000000000,0.000000000,1,224448.892346,329745,33554432,0.000,1.403075,0.018637,-1.010747,0.000000,0.000000,0.000000,0.000000,0.000000,-0.000000
26283546008,1763340348666802361,0.000000000,0.000000000,1,224448.899346,329745,33554432,0.000,1.403077,0.018643,-1.010743,0.000000,0.000000,0.000000,0.000000,0.000000,-0.000000
26288708787,1763340348671965066,0.000000000,0.000000000,1,224448.906346,329745,33554432,0.000,1.403082,0.018635,-1.010737,0.000000,0.000000,0.000000,0.000000,0.000000,-0.000000
26295707449,1763340348678963691,0.000000000,0.000000000,1,224448.913346,329745,33554432,0.000,1.403083,0.018636,-1.010751,0.000000,0.000000,0.000000,0.000000,0.000000,-0.000000
26302779297,1763340348686035575,0.000000000,0.000000000,1,224448.920346,329745,33554432,0.000,1.403095,0.018635,-1.010745,0.000000,0.000000,0.000000,0.000000,0.000000,-0.000000
26309741163,1763340348692997441,0.000000000,0.000000000,1,224448.927346,329745,33554432,0.000,1.403099,0.018635,-1.010746,0.000000,0.000000,0.000000,0.000000,0.000000,-0.000000
26316809324,1763340348700065622,0.000000000,0.000000000,1,224448.934346,329745,33554432,0.000,1.403092,0.018638,-1.010751,0.000000,0.000000,0.000000,0.000000,0.000000,-0.000000
26323708802,1763340348706965081,0.000000000,0.000000000,1,224448.941346,329745,33554432,0.000,1.403090,0.018642,-1.010751,0.000000,0.000000,0.000000,0.000000,0.000000,-0.000000
26330793704,1763340348714050002,0.000000000,0.000000000,1,224448.948346,329745,33554432,0.000,1.403091,0.018641,-1.010745,0.000000,0.000000,0.000000,0.000000,0.000000,-0.000000
26337760070,1763340348721016312,0.000000000,0.000000000,1,224448.955346,329745,33554432,0.000,1.403094,0.018646,-1.010742,0.000000,0.000000,0.000000,0.000000,0.000000,-0.000000
26344788343,1763340348728044122,0.000000000,0.000000000,1,224448.962346,329745,33554432,0.000,1.403095,0.018651,-1.010736,0.000000,0.000000,0.000000,0.000000,0.000000,-0.000000
26351705784,1763340348734961970,0.000000000,0.000000000,1,224448.969346,329745,33554432,0.000,1.403102,0.018649,-1.010735,0.000000,0.000000,0.000000,0.000000,0.000000,-0.000000
26358707761,1763340348741963928,0.000000000,0.000000000,1,224448.976346,329745,33554432,0.000,1.403107,0.018643,-1.010738,0.000000,0.000000,0.000000,0.000000,0.000000,-0.000000
26365687701,1763340348748943979,0.000000000,0.000000000,1,224448.983346,329745,33554432,0.000,1.403110,0.018641,-1.010742,0.000000,0.000000,0.000000,0.000000,0.000000,-0.000000
26372748529,1763340348756004808,0.000000000,0.000000000,1,224448.990346,329745,33554432,0.000,1.403120,0.018644,-1.010730,0.000000,0.000000,0.000000,0.000000,0.000000,-0.000000
26379823395,1763340348763079674,0.000000000,0.000000000,1,224448.997346,329745,33554432,0.000,1.403127,0.018643,-1.010726,0.000000,0.000000,0.000000,0.000000,0.000000,-0.000000
26386738150,1763340348769994447,0.000000000,0.000000000,1,224449.004346,329745,33554432,0.000,1.403138,0.018638,-1.010714,0.000000,0.000000,0.000000,0.000000,0.000000,-0.000000
26393829941,1763340348777086239,0.000000000,0.000000000,1,224449.011346,329745,33554432,0.000,1.403146,0.018638,-1.010719,0.000000,0.000000,0.000000,0.000000,0.000000,-0.000000
26400738326,1763340348783994623,0.000000000,0.000000000,1,224449.018346,329745,33554432,0.000,1.403144,0.018631,-1.010702,0.000000,0.000000,0.000000,0.000000,0.000000,-0.000000
26407813080,1763340348791069248,0.000000000,0.000000000,1,224449.025346,329745,33554432,0.000,1.403133,0.018623,-1.010698,0.000000,0.000000,0.000000,0.000000,0.000000,-0.000000
26414725484,1763340348797981670,0.000000000,0.000000000,1,224449.032346,329745,33554432,0.000,1.403131,0.018623,-1.010700,0.000000,0.000000,0.000000,0.000000,0.000000,-0.000000
26421785164,1763340348805041461,0.000000000,0.000000000,1,224449.039346,329745,33554432,0.000,1.403134,0.018619,-1.010699,0.000000,0.000000,0.000000,0.000000,0.000000,-0.000000
26428745882,1763340348812002179,0.000000000,0.000000000,1,224449.046346,329745,33554432,0.000,1.403131,0.018626,-1.010695,0.000000,0.000000,0.000000,0.000000,0.000000,-0.000000
26435815285,1763340348819071563,0.000000000,0.000000000,1,224449.053346,329745,33554432,0.000,1.403138,0.018629,-1.010696,0.000000,0.000000,0.000000,0.000000,0.000000,-0.000000
26442716003,1763340348825972300,0.000000000,0.000000000,1,224449.060346,329745,33554432,0.000,1.403133,0.018636,-1.010677,0.000000,0.000000,0.000000,0.000000,0.000000,-0.000000
26449788609,1763340348833044888,0.000000000,0.000000000,1,224449.067346,329745,33554432,0.000,1.403131,0.018636,-1.010680,0.000000,0.000000,0.000000,0.000000,0.000000,-0.000000
26456689105,1763340348839945402,0.000000000,0.000000000,1,224449.074346,329745,33554432,0.000,1.403129,0.018634,-1.010680,0.000000,0.000000,0.000000,0.000000,0.000000,-0.000000
26463770841,1763340348847027083,0.000000000,0.000000000,1,224449.081346,329745,33554432,0.000,1.403125,0.018633,-1.010685,0.000000,0.000000,0.000000,0.000000,0.000000,-0.000000
26470828262,1763340348854084559,0.000000000,0.000000000,1,224449.088346,329745,33554432,0.000,1.403108,0.018639,-1.010679,0.000000,0.000000,0.000000,0.000000,0.000000,-0.000000
26477740202,1763340348860996481,0.000000000,0.000000000,1,224449.095346,329745,33554432,0.000,1.403113,0.018643,-1.010676,0.000000,0.000000,0.000000,0.000000,0.000000,-0.000000
26484810734,1763340348868067013,0.000000000,0.000000000,1,224449.102346,329745,33554432,0.000,1.403113,0.018644,-1.010672,0.000000,0.000000,0.000000,0.000000,0.000000,-0.000000
26491720712,1763340348874976991,0.000000000,0.000000000,1,224449.109346,329745,33554432,0.000,1.403117,0.018649,-1.010663,0.000000,0.000000,0.000000,0.000000,0.000000,-0.000000
26498792022,1763340348882048319,0.000000000,0.000000000,1,224449.116346,329745,33554432,0.000,1.403104,0.018648,-1.010664,0.000000,0.000000,0.000000,0.000000,0.000000,-0.000000
26505691962,1763340348888948259,0.000000000,0.000000000,1,224449.123346,329745,33554432,0.000,1.403091,0.018655,-1.010663,0.000000,0.000000,0.000000,0.000000,0.000000,-0.000000
26512909086,1763340348896165384,0.000000000,0.000000000,1,224449.130346,329745,33554432,0.000,1.403092,0.018653,-1.010661,0.000000,0.000000,0.000000,0.000000,0.000000,-0.000000
26519736045,1763340348902992343,0.000000000,0.000000000,1,224449.137346,329745,33554432,0.000,1.403094,0.018652,-1.010661,0.000000,0.000000,0.000000,0.000000,0.000000,-0.000000
26526693708,1763340348909949764,0.000000000,0.000000000,1,224449.144346,329745,33554432,0.000,1.403095,0.018661,-1.010664,0.000000,0.000000,0.000000,0.000000,0.000000,-0.000000
26533753240,1763340348917009537,0.000000000,0.000000000,1,224449.151346,329745,33554432,0.000,1.403095,0.018658,-1.010664,0.000000,0.000000,0.000000,0.000000,0.000000,-0.000000
26540811958,1763340348924068236,0.000000000,0.000000000,1,224449.158346,329745,33554432,0.000,1.403079,0.018654,-1.010658,0.000000,0.000000,0.000000,0.000000,0.000000,-0.000000
26547710861,1763340348930967158,0.000000000,0.000000000,1,224449.165346,329745,33554432,0.000,1.403062,0.018658,-1.010656,0.000000,0.000000,0.000000,0.000000,0.000000,-0.000000
26554768393,1763340348938024672,0.000000000,0.000000000,1,224449.172346,329745,33554432,0.000,1.403061,0.018659,-1.010654,0.000000,0.000000,0.000000,0.000000,0.000000,-0.000000
26561826277,1763340348945082556,0.000000000,0.000000000,1,224449.179346,329745,33554432,0.000,1.403062,0.018660,-1.010648,0.000000,0.000000,0.000000,0.000000,0.000000,-0.000000
26568746217,1763340348952002496,0.000000000,0.000000000,1,224449.186346,329745,33554432,0.000,1.403056,0.018659,-1.010647,0.000000,0.000000,0.000000,0.000000,0.000000,-0.000000
26575815602,1763340348959071880,0.000000000,0.000000000,1,224449.193346,329745,33554432,0.000,1.403049,0.018649,-1.010647,0.000000,0.000000,0.000000,0.000000,0.000000,-0.000000
26582713597,1763340348965969876,0.000000000,0.000000000,1,224449.200346,329745,33554432,0.000,1.403055,0.018645,-1.010638,0.000000,0.000000,0.000000,0.000000,0.000000,-0.000000
26589799481,1763340348973055742,0.000000000,0.000000000,1,224449.207346,329745,33554432,0.000,1.403059,0.018642,-1.010637,0.000000,0.000000,0.000000,0.000000,0.000000,-0.000000
26596701737,1763340348979958034,0.000000000,0.000000000,1,224449.214346,329745,33554432,0.000,1.403052,0.018653,-1.010637,0.000000,0.000000,0.000000,0.000000,0.000000,-0.000000
26603760232,1763340348987016511,0.000000000,0.000000000,1,224449.221346,329745,33554432,0.000,1.403049,0.018650,-1.010640,0.000000,0.000000,0.000000,0.000000,0.000000,-0.000000
26610818986,1763340348994075265,0.000000000,0.000000000,1,224449.228346,329745,33554432,0.000,1.403055,0.018657,-1.010638,0.000000,0.000000,0.000000,0.000000,0.000000,-0.000000
26617732019,1763340349000988317,0.000000000,0.000000000,1,224449.235346,329745,33554432,0.000,1.403048,0.018663,-1.010633,0.000000,0.000000,0.000000,0.000000,0.000000,-0.000000
26624791033,1763340349008047312,0.000000000,0.000000000,1,224449.242346,329745,33554432,0.000,1.403044,0.018655,-1.010615,0.000000,0.000000,0.000000,0.000000,0.000000,-0.000000
26631724010,1763340349014980289,0.000000000,0.000000000,1,224449.249346,329745,33554432,0.000,1.403051,0.018656,-1.010611,0.000000,0.000000,0.000000,0.000000,0.000000,-0.000000
26638792765,1763340349022049062,0.000000000,0.000000000,1,224449.256346,329745,33554432,0.000,1.403048,0.018655,-1.010613,0.000000,0.000000,0.000000,0.000000,0.000000,-0.000000
26645705686,1763340349028961965,0.000000000,0.000000000,1,224449.263346,329745,33554432,0.000,1.403049,0.018657,-1.010619,0.000000,0.000000,0.000000,0.000000,0.000000,-0.000000
26652768330,1763340349036024609,0.000000000,0.000000000,1,224449.270346,329745,33554432,0.000,1.403052,0.018659,-1.010610,0.000000,0.000000,0.000000,0.000000,0.000000,-0.000000
26659703418,1763340349042959697,0.000000000,0.000000000,1,224449.277346,329745,33554432,0.000,1.403049,0.018663,-1.010614,0.000000,0.000000,0.000000,0.000000,0.000000,-0.000000
26666828543,1763340349050084840,0.000000000,0.000000000,1,224449.284346,329745,33554432,0.000,1.403034,0.018654,-1.010607,0.000000,0.000000,0.000000,0.000000,0.000000,-0.000000
26673756613,1763340349057012910,0.000000000,0.000000000,1,224449.291346,329745,33554432,0.000,1.403033,0.018654,-1.010606,0.000000,0.000000,0.000000,0.000000,0.000000,-0.000000
26680816589,1763340349064072887,0.000000000,0.000000000,1,224449.298346,329745,33554432,0.000,1.403030,0.018646,-1.010595,0.000000,0.000000,0.000000,0.000000,0.000000,-0.000000
26687735715,1763340349070992012,0.000000000,0.000000000,1,224449.305346,329745,33554432,0.000,1.403023,0.018639,-1.010595,0.000000,0.000000,0.000000,0.000000,0.000000,-0.000000
26694691377,1763340349077947656,0.000000000,0.000000000,1,224449.312346,329745,33554432,0.000,1.403023,0.018640,-1.010599,0.000000,0.000000,0.000000,0.000000,0.000000,-0.000000
26701761132,1763340349085017410,0.000000000,0.000000000,1,224449.319346,329745,33554432,0.000,1.403025,0.018637,-1.010607,0.000000,0.000000,0.000000,0.000000,0.000000,-0.000000
26708694109,1763340349091950276,0.000000000,0.000000000,1,224449.326346,329745,33554432,0.000,1.403026,0.018634,-1.010607,0.000000,0.000000,0.000000,0.000000,0.000000,-0.000000
26715712715,1763340349098969013,0.000000000,0.000000000,1,224449.333346,329745,33554432,0.000,1.403016,0.018626,-1.010605,0.000000,0.000000,0.000000,0.000000,0.000000,-0.000000
26722776599,1763340349106032897,0.000000000,0.000000000,1,224449.340346,329745,33554432,0.000,1.403021,0.018613,-1.010593,0.000000,0.000000,0.000000,0.000000,0.000000,-0.000000
26729799873,1763340349113056170,0.000000000,0.000000000,1,224449.347346,329745,33554432,0.000,1.403029,0.018611,-1.010603,0.000000,0.000000,0.000000,0.000000,0.000000,-0.000000
26736767220,1763340349120023499,0.000000000,0.000000000,1,224449.354346,329745,33554432,0.000,1.403021,0.018612,-1.010604,0.000000,0.000000,0.000000,0.000000,0.000000,-0.000000
26743826752,1763340349127083050,0.000000000,0.000000000,1,224449.361346,329745,33554432,0.000,1.403023,0.018608,-1.010608,0.000000,0.000000,0.000000,0.000000,0.000000,-0.000000
26750727952,1763340349133984231,0.000000000,0.000000000,1,224449.368346,329745,33554432,0.000,1.403036,0.018616,-1.010598,0.000000,0.000000,0.000000,0.000000,0.000000,-0.000000
26757789355,1763340349141045652,0.000000000,0.000000000,1,224449.375346,329745,33554432,0.000,1.403032,0.018613,-1.010592,0.000000,0.000000,0.000000,0.000000,0.000000,-0.000000
26764741961,1763340349147998259,0.000000000,0.000000000,1,224449.382346,329745,33554432,0.000,1.403033,0.018614,-1.010596,0.000000,0.000000,0.000000,0.000000,0.000000,-0.000000
26771825012,1763340349155081291,0.000000000,0.000000000,1,224449.389346,329745,33554432,0.000,1.403031,0.018618,-1.010601,0.000000,0.000000,0.000000,0.000000,0.000000,-0.000000
26778783767,1763340349162040046,0.000000000,0.000000000,1,224449.396346,329745,33554432,0.000,1.403016,0.018612,-1.010590,0.000000,0.000000,0.000000,0.000000,0.000000,-0.000000
26785717392,1763340349168973597,0.000000000,0.000000000,1,224449.403346,329745,33554432,0.000,1.403009,0.018608,-1.010589,0.000000,0.000000,0.000000,0.000000,0.000000,-0.000000
26792754462,1763340349176010611,0.000000000,0.000000000,1,224449.410346,329745,33554432,0.000,1.403005,0.018600,-1.010589,0.000000,0.000000,0.000000,0.000000,0.000000,-0.000000
26799745698,1763340349183001995,0.000000000,0.000000000,1,224449.417346,329745,33554432,0.000,1.402996,0.018600,-1.010587,0.000000,0.000000,0.000000,0.000000,0.000000,-0.000000
26806820712,1763340349190076879,0.000000000,0.000000000,1,224449.424346,329745,33554432,0.000,1.402997,0.018588,-1.010586,0.000000,0.000000,0.000000,0.000000,0.000000,-0.000000
26813744985,1763340349197001264,0.000000000,0.000000000,1,224449.431346,329745,33554432,0.000,1.402994,0.018587,-1.010589,0.000000,0.000000,0.000000,0.000000,0.000000,-0.000000
26820818295,1763340349204074574,0.000000000,0.000000000,1,224449.438346,329745,33554432,0.000,1.402983,0.018591,-1.010587,0.000000,0.000000,0.000000,0.000000,0.000000,-0.000000
26827778383,1763340349211034551,0.000000000,0.000000000,1,224449.445346,329745,33554432,0.000,1.402987,0.018584,-1.010583,0.000000,0.000000,0.000000,0.000000,0.000000,-0.000000
26834698231,1763340349217954417,0.000000000,0.000000000,1,224449.452346,329745,33554432,0.000,1.402990,0.018577,-1.010581,0.000000,0.000000,0.000000,0.000000,0.000000,-0.000000
26842106133,1763340349225362097,0.000000000,0.000000000,1,224449.459346,329745,33554432,0.000,1.402983,0.018576,-1.010588,0.000000,0.000000,0.000000,0.000000,0.000000,-0.000000
26848787629,1763340349232043593,0.000000000,0.000000000,1,224449.466346,329745,33554432,0.000,1.403002,0.018577,-1.010575,0.000000,0.000000,0.000000,0.000000,0.000000,-0.000000
26855741662,1763340349238997848,0.000000000,0.000000000,1,224449.473346,329745,33554432,0.000,1.402996,0.018569,-1.010570,0.000000,0.000000,0.000000,0.000000,0.000000,-0.000000
26862815287,1763340349246071565,0.000000000,0.000000000,1,224449.480346,329745,33554432,0.000,1.402993,0.018578,-1.010569,0.000000,0.000000,0.000000,0.000000,0.000000,-0.000000
26869796504,1763340349253052802,0.000000000,0.000000000,1,224449.487346,329745,33554432,0.000,1.403001,0.018578,-1.010562,0.000000,0.000000,0.000000,0.000000,0.000000,-0.000000
26876735111,1763340349259991409,0.000000000,0.000000000,1,224449.494346,329745,33554432,0.000,1.403005,0.018586,-1.010566,0.000000,0.000000,0.000000,0.000000,0.000000,-0.000000
26883804977,1763340349267061256,0.000000000,0.000000000,1,224449.501346,329745,33554432,0.000,1.403000,0.018587,-1.010561,0.000000,0.000000,0.000000,0.000000,0.000000,-0.000000
26890757972,1763340349274014251,0.000000000,0.000000000,1,224449.508346,329745,33554432,0.000,1.403010,0.018588,-1.010548,0.000000,0.000000,0.000000,0.000000,0.000000,-0.000000
26897829431,1763340349281085709,0.000000000,0.000000000,1,224449.515346,329745,33554432,0.000,1.403006,0.018582,-1.010553,0.000000,0.000000,0.000000,0.000000,0.000000,-0.000000
26904742315,1763340349287998613,0.000000000,0.000000000,1,224449.522346,329745,33554432,0.000,1.403006,0.018581,-1.010537,0.000000,0.000000,0.000000,0.000000,0.000000,-0.000000
26911822625,1763340349295078923,0.000000000,0.000000000,1,224449.529346,329745,33554432,0.000,1.403001,0.018588,-1.010546,0.000000,0.000000,0.000000,0.000000,0.000000,-0.000000
26918737454,1763340349301993752,0.000000000,0.000000000,1,224449.536346,329745,33554432,0.000,1.403006,0.018590,-1.010544,0.000000,0.000000,0.000000,0.000000,0.000000,-0.000000
26925796376,1763340349309052673,0.000000000,0.000000000,1,224449.543346,329745,33554432,0.000,1.403007,0.018593,-1.010539,0.000000,0.000000,0.000000,0.000000,0.000000,-0.000000
26932885167,1763340349316141464,0.000000000,0.000000000,1,224449.550346,329745,33554432,0.000,1.403018,0.018613,-1.010540,0.000000,0.000000,0.000000,0.000000,0.000000,-0.000000
26939819107,1763340349323075405,0.000000000,0.000000000,1,224449.557346,329745,33554432,0.000,1.403020,0.018618,-1.010548,0.000000,0.000000,0.000000,0.000000,0.000000,-0.000000
26946720307,1763340349329976604,0.000000000,0.000000000,1,224449.564346,329745,33554432,0.000,1.403006,0.018624,-1.010553,0.000000,0.000000,0.000000,0.000000,0.000000,-0.000000
26953781784,1763340349337038081,0.000000000,0.000000000,1,224449.571346,329745,33554432,0.000,1.403015,0.018624,-1.010556,0.000000,0.000000,0.000000,0.000000,0.000000,-0.000000
26960681650,1763340349343937947,0.000000000,0.000000000,1,224449.578346,329745,33554432,0.000,1.403023,0.018619,-1.010550,0.000000,0.000000,0.000000,0.000000,0.000000,-0.000000
26967771923,1763340349351028220,0.000000000,0.000000000,1,224449.585346,329745,33554432,0.000,1.403028,0.018621,-1.010549,0.000000,0.000000,0.000000,0.000000,0.000000,-0.000000
26974829844,1763340349358086141,0.000000000,0.000000000,1,224449.592346,329745,33554432,0.000,1.403016,0.018620,-1.010543,0.000000,0.000000,0.000000,0.000000,0.000000,-0.000000
26981746191,1763340349365002470,0.000000000,0.000000000,1,224449.599346,329745,33554432,0.000,1.403016,0.018619,-1.010545,0.000000,0.000000,0.000000,0.000000,0.000000,-0.000000
26988804131,1763340349372060429,0.000000000,0.000000000,1,224449.606346,329745,33554432,0.000,1.403017,0.018622,-1.010538,0.000000,0.000000,0.000000,0.000000,0.000000,-0.000000
26995728145,1763340349378984443,0.000000000,0.000000000,1,224449.613346,329745,33554432,0.000,1.403014,0.018621,-1.010528,0.000000,0.000000,0.000000,0.000000,0.000000,-0.000000
27002785956,1763340349386042253,0.000000000,0.000000000,1,224449.620346,329745,33554432,0.000,1.403005,0.018636,-1.010513,0.000000,0.000000,0.000000,0.000000,0.000000,-0.000000
27009699359,1763340349392955656,0.000000000,0.000000000,1,224449.627346,329745,33554432,0.000,1.403011,0.018635,-1.010512,0.000000,0.000000,0.000000,0.000000,0.000000,-0.000000
27016783447,1763340349400039688,0.000000000,0.000000000,1,224449.634346,329745,33554432,0.000,1.402984,0.018639,-1.010512,0.000000,0.000000,0.000000,0.000000,0.000000,-0.000000
27023700831,1763340349406957129,0.000000000,0.000000000,1,224449.641346,329745,33554432,0.000,1.402988,0.018639,-1.010504,0.000000,0.000000,0.000000,0.000000,0.000000,-0.000000
27030813308,1763340349414069605,0.000000000,0.000000000,1,224449.648346,329745,33554432,0.000,1.402994,0.018642,-1.010499,0.000000,0.000000,0.000000,0.000000,0.000000,-0.000000
27037712933,1763340349420969212,0.000000000,0.000000000,1,224449.655346,329745,33554432,0.000,1.402993,0.018636,-1.010500,0.000000,0.000000,0.000000,0.000000,0.000000,-0.000000
27044774928,1763340349428031226,0.000000000,0.000000000,1,224449.662346,329745,33554432,0.000,1.402995,0.018644,-1.010478,0.000000,0.000000,0.000000,0.000000,0.000000,-0.000000
27051832572,1763340349435088851,0.000000000,0.000000000,1,224449.669346,329745,33554432,0.000,1.403003,0.018640,-1.010478,0.000000,0.000000,0.000000,0.000000,0.000000,-0.000000
27058742382,1763340349441998661,0.000000000,0.000000000,1,224449.676346,329745,33554432,0.000,1.403009,0.018627,-1.010478,0.000000,0.000000,0.000000,0.000000,0.000000,-0.000000
27065681674,1763340349448937953,0.000000000,0.000000000,1,224449.683346,329745,33554432,0.000,1.403003,0.018623,-1.010477,0.000000,0.000000,0.000000,0.000000,0.000000,-0.000000
27072754040,1763340349456010337,0.000000000,0.000000000,1,224449.690346,329745,33554432,0.000,1.403028,0.018615,-1.010480,0.000000,0.000000,0.000000,0.000000,0.000000,-0.000000
27079824813,1763340349463081092,0.000000000,0.000000000,1,224449.697346,329745,33554432,0.000,1.403031,0.018615,-1.010476,0.000000,0.000000,0.000000,0.000000,0.000000,-0.000000
27086734716,1763340349469991014,0.000000000,0.000000000,1,224449.704346,329745,33554432,0.000,1.403038,0.018606,-1.010466,0.000000,0.000000,0.000000,0.000000,0.000000,-0.000000
27093809174,1763340349477065453,0.000000000,0.000000000,1,224449.711346,329745,33554432,0.000,1.403041,0.018608,-1.010467,0.000000,0.000000,0.000000,0.000000,0.000000,-0.000000
27100709837,1763340349483966116,0.000000000,0.000000000,1,224449.718346,329745,33554432,0.000,1.403049,0.018614,-1.010461,0.000000,0.000000,0.000000,0.000000,0.000000,-0.000000
27107776443,1763340349491032741,0.000000000,0.000000000,1,224449.725346,329745,33554432,0.000,1.403043,0.018624,-1.010450,0.000000,0.000000,0.000000,0.000000,0.000000,-0.000000
27114687569,1763340349497943866,0.000000000,0.000000000,1,224449.732346,329745,33554432,0.000,1.403057,0.018625,-1.010450,0.000000,0.000000,0.000000,0.000000,0.000000,-0.000000
27121746805,1763340349505003084,0.000000000,0.000000000,1,224449.739346,329745,33554432,0.000,1.403057,0.018616,-1.010449,0.000000,0.000000,0.000000,0.000000,0.000000,-0.000000
27128690060,1763340349511946357,0.000000000,0.000000000,1,224449.746346,329745,33554432,0.000,1.403060,0.018592,-1.010451,0.000000,0.000000,0.000000,0.000000,0.000000,-0.000000
27135747814,1763340349519004112,0.000000000,0.000000000,1,224449.753346,329745,33554432,0.000,1.403071,0.018592,-1.010445,0.000000,0.000000,0.000000,0.000000,0.000000,-0.000000
27142788884,1763340349526045162,0.000000000,0.000000000,1,224449.760346,329745,33554432,0.000,1.403065,0.018601,-1.010439,0.000000,0.000000,0.000000,0.000000,0.000000,-0.000000
27149729213,1763340349532985492,0.000000000,0.000000000,1,224449.767346,329745,33554432,0.000,1.403052,0.018605,-1.010450,0.000000,0.000000,0.000000,0.000000,0.000000,-0.000000
27156788282,1763340349540044579,0.000000000,0.000000000,1,224449.774346,329745,33554432,0.000,1.403041,0.018605,-1.010447,0.000000,0.000000,0.000000,0.000000,0.000000,-0.000000
27163725926,1763340349546982168,0.000000000,0.000000000,1,224449.781346,329745,33554432,0.000,1.403045,0.018604,-1.010450,0.000000,0.000000,0.000000,0.000000,0.000000,-0.000000
27170784717,1763340349554040996,0.000000000,0.000000000,1,224449.788346,329745,33554432,0.000,1.403033,0.018597,-1.010433,0.000000,0.000000,0.000000,0.000000,0.000000,-0.000000
27177698621,1763340349560954936,0.000000000,0.000000000,1,224449.795346,329745,33554432,0.000,1.403028,0.018589,-1.010449,0.000000,0.000000,0.000000,0.000000,0.000000,-0.000000
27184779227,1763340349568035524,0.000000000,0.000000000,1,224449.802346,329745,33554432,0.000,1.403020,0.018584,-1.010445,0.000000,0.000000,0.000000,0.000000,0.000000,-0.000000
27191699112,1763340349574955409,0.000000000,0.000000000,1,224449.809346,329745,33554432,0.000,1.403020,0.018584,-1.010450,0.000000,0.000000,0.000000,0.000000,0.000000,-0.000000
27198690459,1763340349581946627,0.000000000,0.000000000,1,224449.816346,329745,33554432,0.000,1.403023,0.018581,-1.010458,0.000000,0.000000,0.000000,0.000000,0.000000,-0.000000
27205752936,1763340349589009103,0.000000000,0.000000000,1,224449.823346,329745,33554432,0.000,1.403029,0.018586,-1.010460,0.000000,0.000000,0.000000,0.000000,0.000000,-0.000000
27212820449,1763340349596076747,0.000000000,0.000000000,1,224449.830346,329745,33554432,0.000,1.403019,0.018586,-1.010456,0.000000,0.000000,0.000000,0.000000,0.000000,-0.000000
27219758686,1763340349603014983,0.000000000,0.000000000,1,224449.837346,329745,33554432,0.000,1.403024,0.018587,-1.010458,0.000000,0.000000,0.000000,0.000000,0.000000,-0.000000
27226705293,1763340349609961164,0.000000000,0.000000000,1,224449.844346,329745,33554432,0.000,1.403041,0.018588,-1.010446,0.000000,0.000000,0.000000,0.000000,0.000000,-0.000000
27233780380,1763340349617036659,0.000000000,0.000000000,1,224449.851346,329745,33554432,0.000,1.403052,0.018593,-1.010437,0.000000,0.000000,0.000000,0.000000,0.000000,-0.000000
27240695080,1763340349623951359,0.000000000,0.000000000,1,224449.858346,329745,33554432,0.000,1.403054,0.018593,-1.010430,0.000000,0.000000,0.000000,0.000000,0.000000,-0.000000
27247755427,1763340349631011706,0.000000000,0.000000000,1,224449.865346,329745,33554432,0.000,1.403057,0.018585,-1.010431,0.000000,0.000000,0.000000,0.000000,0.000000,-0.000000
27254683793,1763340349637940091,0.000000000,0.000000000,1,224449.872346,329745,33554432,0.000,1.403058,0.018591,-1.010422,0.000000,0.000000,0.000000,0.000000,0.000000,-0.000000
27261743696,1763340349644999975,0.000000000,0.000000000,1,224449.879346,329745,33554432,0.000,1.403068,0.018587,-1.010422,0.000000,0.000000,0.000000,0.000000,0.000000,-0.000000
27268684229,1763340349651940526,0.000000000,0.000000000,1,224449.886346,329745,33554432,0.000,1.403063,0.018586,-1.010417,0.000000,0.000000,0.000000,0.000000,0.000000,-0.000000
27275718409,1763340349658974688,0.000000000,0.000000000,1,224449.893346,329745,33554432,0.000,1.403067,0.018594,-1.010415,0.000000,0.000000,0.000000,0.000000,0.000000,-0.000000
27282792830,1763340349666049017,0.000000000,0.000000000,1,224449.900346,329745,33554432,0.000,1.403051,0.018603,-1.010417,0.000000,0.000000,0.000000,0.000000,0.000000,-0.000000
27289822715,1763340349673078308,0.000000000,0.000000000,1,224449.907346,329745,33554432,0.000,1.403049,0.018600,-1.010430,0.000000,0.000000,0.000000,0.000000,0.000000,-0.000000
27296729210,1763340349679985378,0.000000000,0.000000000,1,224449.914346,329745,33554432,0.000,1.403038,0.018592,-1.010439,0.000000,0.000000,0.000000,0.000000,0.000000,-0.000000
27303788317,1763340349687044484,0.000000000,0.000000000,1,224449.921346,329745,33554432,0.000,1.403039,0.018593,-1.010445,0.000000,0.000000,0.000000,0.000000,0.000000,-0.000000
27310700905,1763340349693957202,0.000000000,0.000000000,1,224449.928346,329745,33554432,0.000,1.403028,0.018590,-1.010449,0.000000,0.000000,0.000000,0.000000,0.000000,-0.000000
27317774734,1763340349701030901,0.000000000,0.000000000,1,224449.935346,329745,33554432,0.000,1.403039,0.018594,-1.010451,0.000000,0.000000,0.000000,0.000000,0.000000,-0.000000
27324689970,1763340349707946249,0.000000000,0.000000000,1,224449.942346,329745,33554432,0.000,1.403044,0.018588,-1.010439,0.000000,0.000000,0.000000,0.000000,0.000000,-0.000000
27331792502,1763340349715048781,0.000000000,0.000000000,1,224449.949346,329745,33554432,0.000,1.403043,0.018596,-1.010437,0.000000,0.000000,0.000000,0.000000,0.000000,-0.000000
27338901034,1763340349722157221,0.000000000,0.000000000,1,224449.956346,329745,33554432,0.000,1.403042,0.018598,-1.010450,0.000000,0.000000,0.000000,0.000000,0.000000,-0.000000
27345800382,1763340349729056383,0.000000000,0.000000000,1,224449.963346,329745,33554432,0.000,1.403041,0.018598,-1.010458,0.000000,0.000000,0.000000,0.000000,0.000000,-0.000000
27352879359,1763340349736135545,0.000000000,0.000000000,1,224449.970346,329745,33554432,0.000,1.403041,0.018601,-1.010461,0.000000,0.000000,0.000000,0.000000,0.000000,-0.000000
27359741577,1763340349742997856,0.000000000,0.000000000,1,224449.977346,329745,33554432,0.000,1.403041,0.018598,-1.010461,0.000000,0.000000,0.000000,0.000000,0.000000,-0.000000
27366713036,1763340349749969314,0.000000000,0.000000000,1,224449.984346,329745,33554432,0.000,1.403042,0.018593,-1.010460,0.000000,0.000000,0.000000,0.000000,0.000000,-0.000000
27373807086,1763340349757063273,0.000000000,0.000000000,1,224449.991346,329745,33554432,0.000,1.403038,0.018595,-1.010462,0.000000,0.000000,0.000000,0.000000,0.000000,-0.000000
27380708749,1763340349763965046,0.000000000,0.000000000,1,224449.998346,329745,33554432,0.000,1.403034,0.018602,-1.010439,0.000000,0.000000,0.000000,0.000000,0.000000,-0.000000
27387774003,1763340349771030282,0.000000000,0.000000000,1,224450.005346,329745,33554432,0.000,1.403033,0.018604,-1.010431,0.000000,0.000000,0.000000,0.000000,0.000000,-0.000000
27394735610,1763340349777991907,0.000000000,0.000000000,1,224450.012346,329745,33554432,0.000,1.403018,0.018594,-1.010425,0.000000,0.000000,0.000000,0.000000,0.000000,-0.000000
27402185900,1763340349785442068,0.000000000,0.000000000,1,224450.019346,329745,33554432,0.000,1.403005,0.018593,-1.010417,0.000000,0.000000,0.000000,0.000000,0.000000,-0.000000
27408818323,1763340349792074602,0.000000000,0.000000000,1,224450.026346,329745,33554432,0.000,1.403000,0.018591,-1.010419,0.000000,0.000000,0.000000,0.000000,0.000000,-0.000000
27415728708,1763340349798985005,0.000000000,0.000000000,1,224450.033346,329745,33554432,0.000,1.403003,0.018598,-1.010415,0.000000,0.000000,0.000000,0.000000,0.000000,-0.000000
27422788907,1763340349806045185,0.000000000,0.000000000,1,224450.040346,329745,33554432,0.000,1.402999,0.018612,-1.010408,0.000000,0.000000,0.000000,0.000000,0.000000,-0.000000
27429780254,1763340349813036551,0.000000000,0.000000000,1,224450.047346,329745,33554432,0.000,1.402999,0.018619,-1.010406,0.000000,0.000000,0.000000,0.000000,0.000000,-0.000000
27436680379,1763340349819936677,0.000000000,0.000000000,1,224450.054346,329745,33554432,0.000,1.402990,0.018622,-1.010399,0.000000,0.000000,0.000000,0.000000,0.000000,-0.000000
27443739912,1763340349826996209,0.000000000,0.000000000,1,224450.061346,329745,33554432,0.000,1.402984,0.018613,-1.010399,0.000000,0.000000,0.000000,0.000000,0.000000,-0.000000
27450822611,1763340349834078926,0.000000000,0.000000000,1,224450.068346,329745,33554432,0.000,1.402979,0.018622,-1.010383,0.000000,0.000000,0.000000,0.000000,0.000000,-0.000000
27457777069,1763340349841033367,0.000000000,0.000000000,1,224450.075346,329745,33554432,0.000,1.402979,0.018624,-1.010387,0.000000,0.000000,0.000000,0.000000,0.000000,-0.000000
27464702843,1763340349847959140,0.000000000,0.000000000,1,224450.082346,329745,33554432,0.000,1.402976,0.018627,-1.010386,0.000000,0.000000,0.000000,0.000000,0.000000,-0.000000
27471785727,1763340349855042006,0.000000000,0.000000000,1,224450.089346,329745,33554432,0.000,1.402973,0.018624,-1.010389,0.000000,0.000000,0.000000,0.000000,0.000000,-0.000000
27478705834,1763340349861962112,0.000000000,0.000000000,1,224450.096346,329745,33554432,0.000,1.402988,0.018629,-1.010401,0.000000,0.000000,0.000000,0.000000,0.000000,-0.000000
27485777958,1763340349869034237,0.000000000,0.000000000,1,224450.103346,329745,33554432,0.000,1.403000,0.018631,-1.010400,0.000000,0.000000,0.000000,0.000000,0.000000,-0.000000
27492854861,1763340349876111158,0.000000000,0.000000000,1,224450.110346,329745,33554432,0.000,1.403005,0.018631,-1.010400,0.000000,0.000000,0.000000,0.000000,0.000000,-0.000000
27499777616,1763340349883033895,0.000000000,0.000000000,1,224450.117346,329745,33554432,0.000,1.403005,0.018630,-1.010407,0.000000,0.000000,0.000000,0.000000,0.000000,-0.000000
27506695390,1763340349889951687,0.000000000,0.000000000,1,224450.124346,329745,33554432,0.000,1.402999,0.018628,-1.010391,0.000000,0.000000,0.000000,0.000000,0.000000,-0.000000
27513755422,1763340349897011701,0.000000000,0.000000000,1,224450.131346,329745,33554432,0.000,1.403004,0.018620,-1.010392,0.000000,0.000000,0.000000,0.000000,0.000000,-0.000000
27520813862,1763340349904070159,0.000000000,0.000000000,1,224450.138346,329745,33554432,0.000,1.402997,0.018624,-1.010381,0.000000,0.000000,0.000000,0.000000,0.000000,-0.000000
27527744598,1763340349911000877,0.000000000,0.000000000,1,224450.145346,329745,33554432,0.000,1.402989,0.018627,-1.010387,0.000000,0.000000,0.000000,0.000000,0.000000,-0.000000
27534820760,1763340349918076928,0.000000000,0.000000000,1,224450.152346,329745,33554432,0.000,1.402997,0.018631,-1.010390,0.000000,0.000000,0.000000,0.000000,0.000000,-0.000000
27541734830,1763340349924991109,0.000000000,0.000000000,1,224450.159346,329745,33554432,0.000,1.402988,0.018626,-1.010391,0.000000,0.000000,0.000000,0.000000,0.000000,-0.000000
27548792288,1763340349932048585,0.000000000,0.000000000,1,224450.166346,329745,33554432,0.000,1.402986,0.018630,-1.010377,0.000000,0.000000,0.000000,0.000000,0.000000,-0.000000
27555691765,1763340349938948044,0.000000000,0.000000000,1,224450.173346,329745,33554432,0.000,1.402983,0.018629,-1.010376,0.000000,0.000000,0.000000,0.000000,0.000000,-0.000000
27562751187,1763340349946007465,0.000000000,0.000000000,1,224450.180346,329745,33554432,0.000,1.402981,0.018629,-1.010387,0.000000,0.000000,0.000000,0.000000,0.000000,-0.000000
27569739534,1763340349952995831,0.000000000,0.000000000,1,224450.187346,329745,33554432,0.000,1.402986,0.018632,-1.010390,0.000000,0.000000,0.000000,0.000000,0.000000,-0.000000
27576798122,1763340349960054401,0.000000000,0.000000000,1,224450.194346,329745,33554432,0.000,1.402984,0.018632,-1.010396,0.000000,0.000000,0.000000,0.000000,0.000000,-0.000000
27583697544,1763340349966953841,0.000000000,0.000000000,1,224450.201346,329745,33554432,0.000,1.402986,0.018634,-1.010399,0.000000,0.000000,0.000000,0.000000,0.000000,-0.000000
27590767872,1763340349974024151,0.000000000,0.000000000,1,224450.208346,329745,33554432,0.000,1.402984,0.018633,-1.010405,0.000000,0.000000,0.000000,0.000000,0.000000,-0.000000
27597825775,1763340349981082054,0.000000000,0.000000000,1,224450.215346,329745,33554432,0.000,1.402976,0.018635,-1.010403,0.000000,0.000000,0.000000,0.000000,0.000000,-0.000000
27604728289,1763340349987984568,0.000000000,0.000000000,1,224450.222346,329745,33554432,0.000,1.402984,0.018627,-1.010396,0.000000,0.000000,0.000000,0.000000,0.000000,-0.000000
27611786377,1763340349995042545,0.000000000,0.000000000,1,224450.229346,329745,33554432,0.000,1.402984,0.018634,-1.010407,0.000000,0.000000,0.000000,0.000000,0.000000,-0.000000
27618689188,1763340350001945485,0.000000000,0.000000000,1,224450.236346,329745,33554432,0.000,1.402985,0.018630,-1.010412,0.000000,0.000000,0.000000,0.000000,0.000000,-0.000000
27625748887,1763340350009005166,0.000000000,0.000000000,1,224450.243346,329745,33554432,0.000,1.402984,0.018630,-1.010415,0.000000,0.000000,0.000000,0.000000,0.000000,-0.000000
27632852734,1763340350016109031,0.000000000,0.000000000,1,224450.250346,329745,33554432,0.000,1.403002,0.018631,-1.010422,0.000000,0.000000,0.000000,0.000000,0.000000,-0.000000
27639772118,1763340350023028397,0.000000000,0.000000000,1,224450.257346,329745,33554432,0.000,1.403010,0.018635,-1.010421,0.000000,0.000000,0.000000,0.000000,0.000000,-0.000000
27646791762,1763340350030048059,0.000000000,0.000000000,1,224450.264346,329745,33554432,0.000,1.403028,0.018633,-1.010404,0.000000,0.000000,0.000000,0.000000,0.000000,-0.000000
27653852442,1763340350037108740,0.000000000,0.000000000,1,224450.271346,329745,33554432,0.000,1.403027,0.018631,-1.010409,0.000000,0.000000,0.000000,0.000000,0.000000,-0.000000
27660754142,1763340350044010421,0.000000000,0.000000000,1,224450.278346,329745,33554432,0.000,1.403043,0.018632,-1.010383,0.000000,0.000000,0.000000,0.000000,0.000000,-0.000000
27667704783,1763340350050961062,0.000000000,0.000000000,1,224450.285346,329745,33554432,0.000,1.403055,0.018622,-1.010380,0.000000,0.000000,0.000000,0.000000,0.000000,-0.000000
27674764036,1763340350058020314,0.000000000,0.000000000,1,224450.292346,329745,33554432,0.000,1.403064,0.018617,-1.010373,0.000000,0.000000,0.000000,0.000000,0.000000,-0.000000
27681822269,1763340350065078548,0.000000000,0.000000000,1,224450.299346,329745,33554432,0.000,1.403059,0.018612,-1.010376,0.000000,0.000000,0.000000,0.000000,0.000000,-0.000000
27688724448,1763340350071980745,0.000000000,0.000000000,1,224450.306346,329745,33554432,0.000,1.403056,0.018618,-1.010376,0.000000,0.000000,0.000000,0.000000,0.000000,-0.000000
27695823126,1763340350079079441,0.000000000,0.000000000,1,224450.313346,329745,33554432,0.000,1.403061,0.018609,-1.010369,0.000000,0.000000,0.000000,0.000000,0.000000,-0.000000
27702725693,1763340350085981990,0.000000000,0.000000000,1,224450.320346,329745,33554432,0.000,1.403066,0.018621,-1.010371,0.000000,0.000000,0.000000,0.000000,0.000000,-0.000000
27709759853,1763340350093016094,0.000000000,0.000000000,1,224450.327346,329745,33554432,0.000,1.403071,0.018625,-1.010372,0.000000,0.000000,0.000000,0.000000,0.000000,-0.000000
27716797364,1763340350100053643,0.000000000,0.000000000,1,224450.334346,329745,33554432,0.000,1.403078,0.018639,-1.010373,0.000000,0.000000,0.000000,0.000000,0.000000,-0.000000
27723729913,1763340350106986266,0.000000000,0.000000000,1,224450.341346,329745,33554432,0.000,1.403083,0.018642,-1.010368,0.000000,0.000000,0.000000,0.000000,0.000000,-0.000000
27730721887,1763340350113978166,0.000000000,0.000000000,1,224450.348346,329745,33554432,0.000,1.403080,0.018634,-1.010370,0.000000,0.000000,0.000000,0.000000,0.000000,-0.000000
27737782103,1763340350121038400,0.000000000,0.000000000,1,224450.355346,329745,33554432,0.000,1.403086,0.018629,-1.010365,0.000000,0.000000,0.000000,0.000000,0.000000,-0.000000
27744693003,1763340350127949282,0.000000000,0.000000000,1,224450.362346,329745,33554432,0.000,1.403092,0.018625,-1.010341,0.000000,0.000000,0.000000,0.000000,0.000000,-0.000000
27751753774,1763340350135010053,0.000000000,0.000000000,1,224450.369346,329745,33554432,0.000,1.403098,0.018615,-1.010344,0.000000,0.000000,0.000000,0.000000,0.000000,-0.000000
27758813674,1763340350142069953,0.000000000,0.000000000,1,224450.376346,329745,33554432,0.000,1.403093,0.018607,-1.010337,0.000000,0.000000,0.000000,0.000000,0.000000,-0.000000
27765756353,1763340350149012650,0.000000000,0.000000000,1,224450.383346,329745,33554432,0.000,1.403088,0.018604,-1.010335,0.000000,0.000000,0.000000,0.000000,0.000000,-0.000000
27772851308,1763340350156107587,0.000000000,0.000000000,1,224450.390346,329745,33554432,0.000,1.403084,0.018606,-1.010337,0.000000,0.000000,0.000000,0.000000,0.000000,-0.000000
27779705802,1763340350162961988,0.000000000,0.000000000,1,224450.397346,329745,33554432,0.000,1.403084,0.018618,-1.010333,0.000000,0.000000,0.000000,0.000000,0.000000,-0.000000
27786752035,1763340350170008203,0.000000000,0.000000000,1,224450.404346,329745,33554432,0.000,1.403076,0.018621,-1.010329,0.000000,0.000000,0.000000,0.000000,0.000000,-0.000000
27793837658,1763340350177093955,0.000000000,0.000000000,1,224450.411346,329745,33554432,0.000,1.403075,0.018628,-1.010325,0.000000,0.000000,0.000000,0.000000,0.000000,-0.000000
27800742540,1763340350183998819,0.000000000,0.000000000,1,224450.418346,329745,33554432,0.000,1.403089,0.018639,-1.010307,0.000000,0.000000,0.000000,0.000000,0.000000,-0.000000
27807819125,1763340350191075293,0.000000000,0.000000000,1,224450.425346,329745,33554432,0.000,1.403086,0.018642,-1.010308,0.000000,0.000000,0.000000,0.000000,0.000000,-0.000000
27814725026,1763340350197981194,0.000000000,0.000000000,1,224450.432346,329745,33554432,0.000,1.403087,0.018643,-1.010307,0.000000,0.000000,0.000000,0.000000,0.000000,-0.000000
27821756908,1763340350205013187,0.000000000,0.000000000,1,224450.439346,329745,33554432,0.000,1.403089,0.018643,-1.010303,0.000000,0.000000,0.000000,0.000000,0.000000,-0.000000
27828719679,1763340350211975958,0.000000000,0.000000000,1,224450.446346,329745,33554432,0.000,1.403093,0.018644,-1.010313,0.000000,0.000000,0.000000,0.000000,0.000000,-0.000000
27835789764,1763340350219046062,0.000000000,0.000000000,1,224450.453346,329745,33554432,0.000,1.403080,0.018642,-1.010316,0.000000,0.000000,0.000000,0.000000,0.000000,-0.000000
27842759498,1763340350226015685,0.000000000,0.000000000,1,224450.460346,329745,33554432,0.000,1.403094,0.018649,-1.010312,0.000000,0.000000,0.000000,0.000000,0.000000,-0.000000
27849736140,1763340350232992307,0.000000000,0.000000000,1,224450.467346,329745,33554432,0.000,1.403102,0.018657,-1.010304,0.000000,0.000000,0.000000,0.000000,0.000000,-0.000000
27856723522,1763340350239979560,0.000000000,0.000000000,1,224450.474346,329745,33554432,0.000,1.403098,0.018660,-1.010315,0.000000,0.000000,0.000000,0.000000,0.000000,-0.000000
27863701941,1763340350246958108,0.000000000,0.000000000,1,224450.481346,329745,33554432,0.000,1.403105,0.018666,-1.010316,0.000000,0.000000,0.000000,0.000000,0.000000,-0.000000
27870775563,1763340350254031842,0.000000000,0.000000000,1,224450.488346,329745,33554432,0.000,1.403106,0.018664,-1.010318,0.000000,0.000000,0.000000,0.000000,0.000000,-0.000000
27877698297,1763340350260954465,0.000000000,0.000000000,1,224450.495346,329745,33554432,0.000,1.403110,0.018660,-1.010307,0.000000,0.000000,0.000000,0.000000,0.000000,-0.000000
27884778068,1763340350268034365,0.000000000,0.000000000,1,224450.502346,329745,33554432,0.000,1.403114,0.018668,-1.010301,0.000000,0.000000,0.000000,0.000000,0.000000,-0.000000
27891739616,1763340350274995914,0.000000000,0.000000000,1,224450.509346,329745,33554432,0.000,1.403109,0.018669,-1.010301,0.000000,0.000000,0.000000,0.000000,0.000000,-0.000000
27898797017,1763340350282053295,0.000000000,0.000000000,1,224450.516346,329745,33554432,0.000,1.403105,0.018665,-1.010310,0.000000,0.000000,0.000000,0.000000,0.000000,-0.000000
27905699121,1763340350288955085,0.000000000,0.000000000,1,224450.523346,329745,33554432,0.000,1.403091,0.018662,-1.010312,0.000000,0.000000,0.000000,0.000000,0.000000,-0.000000
27912768188,1763340350296024374,0.000000000,0.000000000,1,224450.530346,329745,33554432,0.000,1.403079,0.018656,-1.010310,0.000000,0.000000,0.000000,0.000000,0.000000,-0.000000
27919748292,1763340350303004590,0.000000000,0.000000000,1,224450.537346,329745,33554432,0.000,1.403079,0.018653,-1.010311,0.000000,0.000000,0.000000,0.000000,0.000000,-0.000000
27926718174,1763340350309974286,0.000000000,0.000000000,1,224450.544346,329745,33554432,0.000,1.403091,0.018653,-1.010303,0.000000,0.000000,0.000000,0.000000,0.000000,-0.000000
27933801945,1763340350317058242,0.000000000,0.000000000,1,224450.551346,329745,33554432,0.000,1.403093,0.018652,-1.010301,0.000000,0.000000,0.000000,0.000000,0.000000,-0.000000
27940717420,1763340350323973587,0.000000000,0.000000000,1,224450.558346,329745,33554432,0.000,1.403081,0.018651,-1.010288,0.000000,0.000000,0.000000,0.000000,0.000000,-0.000000
27947694802,1763340350330950969,0.000000000,0.000000000,1,224450.565346,329745,33554432,0.000,1.403087,0.018647,-1.010290,0.000000,0.000000,0.000000,0.000000,0.000000,-0.000000
27954753906,1763340350338010184,0.000000000,0.000000000,1,224450.572346,329745,33554432,0.000,1.403077,0.018643,-1.010298,0.000000,0.000000,0.000000,0.000000,0.000000,-0.000000
27961812250,1763340350345068548,0.000000000,0.000000000,1,224450.579346,329745,33554432,0.000,1.403080,0.018644,-1.010301,0.000000,0.000000,0.000000,0.000000,0.000000,-0.000000
27968746410,1763340350352002689,0.000000000,0.000000000,1,224450.586346,329745,33554432,0.000,1.403077,0.018647,-1.010300,0.000000,0.000000,0.000000,0.000000,0.000000,-0.000000
27975823884,1763340350359080182,0.000000000,0.000000000,1,224450.593346,329745,33554432,0.000,1.403085,0.018646,-1.010304,0.000000,0.000000,0.000000,0.000000,0.000000,-0.000000
27982770655,1763340350366026823,0.000000000,0.000000000,1,224450.600346,329745,33554432,0.000,1.403083,0.018644,-1.010300,0.000000,0.000000,0.000000,0.000000,0.000000,-0.000000
27989712149,1763340350372968409,0.000000000,0.000000000,1,224450.607346,329745,33554432,0.000,1.403077,0.018645,-1.010300,0.000000,0.000000,0.000000,0.000000,0.000000,-0.000000
27996787327,1763340350380043624,0.000000000,0.000000000,1,224450.614346,329745,33554432,0.000,1.403086,0.018641,-1.010297,0.000000,0.000000,0.000000,0.000000,0.000000,-0.000000
28003702172,1763340350386958340,0.000000000,0.000000000,1,224450.621346,329745,33554432,0.000,1.403087,0.018641,-1.010292,0.000000,0.000000,0.000000,0.000000,0.000000,-0.000000
28010760683,1763340350394016981,0.000000000,0.000000000,1,224450.628346,329745,33554432,0.000,1.403089,0.018651,-1.010298,0.000000,0.000000,0.000000,0.000000,0.000000,-0.000000
28017819046,1763340350401075325,0.000000000,0.000000000,1,224450.635346,329745,33554432,0.000,1.403088,0.018651,-1.010297,0.000000,0.000000,0.000000,0.000000,0.000000,-0.000000
28024718818,1763340350407975096,0.000000000,0.000000000,1,224450.642346,329745,33554432,0.000,1.403084,0.018651,-1.010294,0.000000,0.000000,0.000000,0.000000,0.000000,-0.000000
28031823810,1763340350415080126,0.000000000,0.000000000,1,224450.649346,329745,33554432,0.000,1.403082,0.018655,-1.010299,0.000000,0.000000,0.000000,0.000000,0.000000,-0.000000
28038737767,1763340350421993934,0.000000000,0.000000000,1,224450.656346,329745,33554432,0.000,1.403086,0.018654,-1.010299,0.000000,0.000000,0.000000,0.000000,0.000000,-0.000000
28045798667,1763340350429054964,0.000000000,0.000000000,1,224450.663346,329745,33554432,0.000,1.403084,0.018652,-1.010295,0.000000,0.000000,0.000000,0.000000,0.000000,-0.000000
28052856956,1763340350436113253,0.000000000,0.000000000,1,224450.670346,329745,33554432,0.000,1.403098,0.018653,-1.010294,0.000000,0.000000,0.000000,0.000000,0.000000,-0.000000
28059791134,1763340350443047413,0.000000000,0.000000000,1,224450.677346,329745,33554432,0.000,1.403100,0.018651,-1.010291,0.000000,0.000000,0.000000,0.000000,0.000000,-0.000000
28066725202,1763340350449981481,0.000000000,0.000000000,1,224450.684346,329745,33554432,0.000,1.403099,0.018648,-1.010289,0.000000,0.000000,0.000000,0.000000,0.000000,-0.000000
28073788750,1763340350457044899,0.000000000,0.000000000,1,224450.691346,329745,33554432,0.000,1.403097,0.018639,-1.010288,0.000000,0.000000,0.000000,0.000000,0.000000,-0.000000
28080690892,1763340350463947171,0.000000000,0.000000000,1,224450.698346,329745,33554432,0.000,1.403089,0.018643,-1.010276,0.000000,0.000000,0.000000,0.000000,0.000000,-0.000000
28087750070,1763340350471006367,0.000000000,0.000000000,1,224450.705346,329745,33554432,0.000,1.403087,0.018645,-1.010275,0.000000,0.000000,0.000000,0.000000,0.000000,-0.000000
28094686878,1763340350477943157,0.000000000,0.000000000,1,224450.712346,329745,33554432,0.000,1.403091,0.018634,-1.010277,0.000000,0.000000,0.000000,0.000000,0.000000,-0.000000
28101747593,1763340350485003872,0.000000000,0.000000000,1,224450.719346,329745,33554432,0.000,1.403094,0.018626,-1.010283,0.000000,0.000000,0.000000,0.000000,0.000000,-0.000000
28108814771,1763340350492071050,0.000000000,0.000000000,1,224450.726346,329745,33554432,0.000,1.403083,0.018630,-1.010287,0.000000,0.000000,0.000000,0.000000,0.000000,-0.000000
28115718672,1763340350498974950,0.000000000,0.000000000,1,224450.733346,329745,33554432,0.000,1.403080,0.018639,-1.010285,0.000000,0.000000,0.000000,0.000000,0.000000,-0.000000
28122777183,1763340350506033480,0.000000000,0.000000000,1,224450.740346,329745,33554432,0.000,1.403089,0.018641,-1.010281,0.000000,0.000000,0.000000,0.000000,0.000000,-0.000000
28129750398,1763340350513006677,0.000000000,0.000000000,1,224450.747346,329745,33554432,0.000,1.403080,0.018644,-1.010275,0.000000,0.000000,0.000000,0.000000,0.000000,-0.000000
28136820558,1763340350520076855,0.000000000,0.000000000,1,224450.754346,329745,33554432,0.000,1.403072,0.018639,-1.010273,0.000000,0.000000,0.000000,0.000000,0.000000,-0.000000
28143723477,1763340350526979663,0.000000000,0.000000000,1,224450.761346,329745,33554432,0.000,1.403077,0.018644,-1.010278,0.000000,0.000000,0.000000,0.000000,0.000000,-0.000000
28150783674,1763340350534039971,0.000000000,0.000000000,1,224450.768346,329745,33554432,0.000,1.403065,0.018643,-1.010273,0.000000,0.000000,0.000000,0.000000,0.000000,-0.000000
28157842778,1763340350541099075,0.000000000,0.000000000,1,224450.775346,329745,33554432,0.000,1.403059,0.018646,-1.010267,0.000000,0.000000,0.000000,0.000000,0.000000,-0.000000
28164778104,1763340350548034402,0.000000000,0.000000000,1,224450.782346,329745,33554432,0.000,1.403043,0.018637,-1.010259,0.000000,0.000000,0.000000,0.000000,0.000000,-0.000000
28171696764,1763340350554953043,0.000000000,0.000000000,1,224450.789346,329745,33554432,0.000,1.403048,0.018640,-1.010262,0.000000,0.000000,0.000000,0.000000,0.000000,-0.000000
28178755164,1763340350562011462,0.000000000,0.000000000,1,224450.796346,329745,33554432,0.000,1.403059,0.018639,-1.010251,0.000000,0.000000,0.000000,0.000000,0.000000,-0.000000
28185814583,1763340350569070899,0.000000000,0.000000000,1,224450.803346,329745,33554432,0.000,1.403063,0.018636,-1.010254,0.000000,0.000000,0.000000,0.000000,0.000000,-0.000000
28192802206,1763340350576058503,0.000000000,0.000000000,1,224450.810346,329745,33554432,0.000,1.403067,0.018647,-1.010244,0.000000,0.000000,0.000000,0.000000,0.000000,-0.000000
28199718292,1763340350582974589,0.000000000,0.000000000,1,224450.817346,329745,33554432,0.000,1.403081,0.018652,-1.010251,0.000000,0.000000,0.000000,0.000000,0.000000,-0.000000
28206804599,1763340350590060767,0.000000000,0.000000000,1,224450.824346,329745,33554432,0.000,1.403087,0.018641,-1.010248,0.000000,0.000000,0.000000,0.000000,0.000000,-0.000000
28213711222,1763340350596967390,0.000000000,0.000000000,1,224450.831346,329745,33554432,0.000,1.403087,0.018647,-1.010241,0.000000,0.000000,0.000000,0.000000,0.000000,-0.000000
28220786549,1763340350604042827,0.000000000,0.000000000,1,224450.838346,329745,33554432,0.000,1.403078,0.018656,-1.010239,0.000000,0.000000,0.000000,0.000000,0.000000,-0.000000
28227732671,1763340350610988969,0.000000000,0.000000000,1,224450.845346,329745,33554432,0.000,1.403080,0.018652,-1.010234,0.000000,0.000000,0.000000,0.000000,0.000000,-0.000000
28234791516,1763340350618047813,0.000000000,0.000000000,1,224450.852346,329745,33554432,0.000,1.403084,0.018642,-1.010241,0.000000,0.000000,0.000000,0.000000,0.000000,-0.000000
28241706676,1763340350624962973,0.000000000,0.000000000,1,224450.859346,329745,33554432,0.000,1.403084,0.018647,-1.010247,0.000000,0.000000,0.000000,0.000000,0.000000,-0.000000
28248778799,1763340350632035077,0.000000000,0.000000000,1,224450.866346,329745,33554432,0.000,1.403080,0.018643,-1.010257,0.000000,0.000000,0.000000,0.000000,0.000000,-0.000000
28255688959,1763340350638945237,0.000000000,0.000000000,1,224450.873346,329745,33554432,0.000,1.403095,0.018651,-1.010260,0.000000,0.000000,0.000000,0.000000,0.000000,-0.000000
28263540597,1763340350646796838,0.000000000,0.000000000,1,224450.880346,329745,33554432,0.000,1.403091,0.018653,-1.010259,0.000000,0.000000,0.000000,0.000000,0.000000,-0.000000
28269743037,1763340350652999334,0.000000000,0.000000000,1,224450.887346,329745,33554432,0.000,1.403092,0.018653,-1.010257,0.000000,0.000000,0.000000,0.000000,0.000000,-0.000000
28276688938,1763340350659945105,0.000000000,0.000000000,1,224450.894346,329745,33554432,0.000,1.403087,0.018646,-1.010255,0.000000,0.000000,0.000000,0.000000,0.000000,-0.000000
28283747893,1763340350667004172,0.000000000,0.000000000,1,224450.901346,329745,33554432,0.000,1.403088,0.018646,-1.010254,0.000000,0.000000,0.000000,0.000000,0.000000,-0.000000
28290705313,1763340350673961480,0.000000000,0.000000000,1,224450.908346,329745,33554432,0.000,1.403083,0.018644,-1.010257,0.000000,0.000000,0.000000,0.000000,0.000000,-0.000000
28297740620,1763340350680996807,0.000000000,0.000000000,1,224450.915346,329745,33554432,0.000,1.403084,0.018637,-1.010254,0.000000,0.000000,0.000000,0.000000,0.000000,-0.000000
28304811483,1763340350688067651,0.000000000,0.000000000,1,224450.922346,329745,33554432,0.000,1.403094,0.018629,-1.010255,0.000000,0.000000,0.000000,0.000000,0.000000,-0.000000
28311711569,1763340350694967867,0.000000000,0.000000000,1,224450.929346,329745,33554432,0.000,1.403099,0.018634,-1.010251,0.000000,0.000000,0.000000,0.000000,0.000000,-0.000000
28318769988,1763340350702026267,0.000000000,0.000000000,1,224450.936346,329745,33554432,0.000,1.403098,0.018639,-1.010247,0.000000,0.000000,0.000000,0.000000,0.000000,-0.000000
28325694037,1763340350708950334,0.000000000,0.000000000,1,224450.943346,329745,33554432,0.000,1.403104,0.018642,-1.010242,0.000000,0.000000,0.000000,0.000000,0.000000,-0.000000
28332814437,1763340350716070734,0.000000000,0.000000000,1,224450.950346,329745,33554432,0.000,1.403115,0.018634,-1.010245,0.000000,0.000000,0.000000,0.000000,0.000000,-0.000000
28339729986,1763340350722986154,0.000000000,0.000000000,1,224450.957346,329745,33554432,0.000,1.403112,0.018641,-1.010243,0.000000,0.000000,0.000000,0.000000,0.000000,-0.000000
28346715924,1763340350729972110,0.000000000,0.000000000,1,224450.964346,329745,33554432,0.000,1.403096,0.018643,-1.010244,0.000000,0.000000,0.000000,0.000000,0.000000,-0.000000
28353722935,1763340350736979121,0.000000000,0.000000000,1,224450.971346,329745,33554432,0.000,1.403098,0.018641,-1.010247,0.000000,0.000000,0.000000,0.000000,0.000000,-0.000000
28360737261,1763340350743993448,0.000000000,0.000000000,1,224450.978346,329745,33554432,0.000,1.403094,0.018636,-1.010237,0.000000,0.000000,0.000000,0.000000,0.000000,-0.000000
28367719347,1763340350750975645,0.000000000,0.000000000,1,224450.985346,329745,33554432,0.000,1.403095,0.018635,-1.010242,0.000000,0.000000,0.000000,0.000000,0.000000,-0.000000
28374801081,1763340350758057267,0.000000000,0.000000000,1,224450.992346,329745,33554432,0.000,1.403083,0.018641,-1.010244,0.000000,0.000000,0.000000,0.000000,0.000000,-0.000000
28381701481,1763340350764957760,0.000000000,0.000000000,1,224450.999346,329745,33554432,0.000,1.403075,0.018646,-1.010255,0.000000,0.000000,0.000000,0.000000,0.000000,-0.000000
28388770474,1763340350772026772,0.000000000,0.000000000,1,224451.006346,329745,33554432,0.000,1.403070,0.018639,-1.010259,0.000000,0.000000,0.000000,0.000000,0.000000,-0.000000
28395732134,1763340350778988431,0.000000000,0.000000000,1,224451.013346,329745,33554432,0.000,1.403079,0.018641,-1.010258,0.000000,0.000000,0.000000,0.000000,0.000000,-0.000000
28402818849,1763340350786075109,0.000000000,0.000000000,1,224451.020346,329745,33554432,0.000,1.403089,0.018633,-1.010265,0.000000,0.000000,0.000000,0.000000,0.000000,-0.000000
28409812324,1763340350793068491,0.000000000,0.000000000,1,224451.027346,329745,33554432,0.000,1.403088,0.018638,-1.010270,0.000000,0.000000,0.000000,0.000000,0.000000,-0.000000
28416725521,1763340350799981670,0.000000000,0.000000000,1,224451.034346,329745,33554432,0.000,1.403086,0.018640,-1.010272,0.000000,0.000000,0.000000,0.000000,0.000000,-0.000000
28423784606,1763340350807040885,0.000000000,0.000000000,1,224451.041346,329745,33554432,0.000,1.403080,0.018638,-1.010272,0.000000,0.000000,0.000000,0.000000,0.000000,-0.000000
28430738951,1763340350813995249,0.000000000,0.000000000,1,224451.048346,329745,33554432,0.000,1.403080,0.018642,-1.010271,0.000000,0.000000,0.000000,0.000000,0.000000,-0.000000
28437797574,1763340350821053852,0.000000000,0.000000000,1,224451.055346,329745,33554432,0.000,1.403073,0.018657,-1.010266,0.000000,0.000000,0.000000,0.000000,0.000000,-0.000000
28444697604,1763340350827953883,0.000000000,0.000000000,1,224451.062346,329745,33554432,0.000,1.403080,0.018666,-1.010264,0.000000,0.000000,0.000000,0.000000,0.000000,-0.000000
28451755560,1763340350835011857,0.000000000,0.000000000,1,224451.069346,329745,33554432,0.000,1.403073,0.018673,-1.010263,0.000000,0.000000,0.000000,0.000000,0.000000,-0.000000
28458813590,1763340350842069869,0.000000000,0.000000000,1,224451.076346,329745,33554432,0.000,1.403062,0.018669,-1.010257,0.000000,0.000000,0.000000,0.000000,0.000000,-0.000000
28465746787,1763340350849003066,0.000000000,0.000000000,1,224451.083346,329745,33554432,0.000,1.403064,0.018670,-1.010256,0.000000,0.000000,0.000000,0.000000,0.000000,-0.000000
28472815668,1763340350856071947,0.000000000,0.000000000,1,224451.090346,329745,33554432,0.000,1.403078,0.018673,-1.010263,0.000000,0.000000,0.000000,0.000000,0.000000,-0.000000
28479736199,1763340350862992496,0.000000000,0.000000000,1,224451.097346,329745,33554432,0.000,1.403074,0.018679,-1.010262,0.000000,0.000000,0.000000,0.000000,0.000000,-0.000000
28486794766,1763340350870051063,0.000000000,0.000000000,1,224451.104346,329745,33554432,0.000,1.403063,0.018688,-1.010262,0.000000,0.000000,0.000000,0.000000,0.000000,-0.000000
28493721148,1763340350876977445,0.000000000,0.000000000,1,224451.111346,329745,33554432,0.000,1.403066,0.018687,-1.010263,0.000000,0.000000,0.000000,0.000000,0.000000,-0.000000
28500778511,1763340350884034808,0.000000000,0.000000000,1,224451.118346,329745,33554432,0.000,1.403055,0.018678,-1.010261,0.000000,0.000000,0.000000,0.000000,0.000000,-0.000000
28507695578,1763340350890951857,0.000000000,0.000000000,1,224451.125346,329745,33554432,0.000,1.403057,0.018678,-1.010259,0.000000,0.000000,0.000000,0.000000,0.000000,-0.000000
28514753997,1763340350898010276,0.000000000,0.000000000,1,224451.132346,329745,33554432,0.000,1.403042,0.018676,-1.010259,0.000000,0.000000,0.000000,0.000000,0.000000,-0.000000
28521818897,1763340350905075195,0.000000000,0.000000000,1,224451.139346,329745,33554432,0.000,1.403037,0.018673,-1.010260,0.000000,0.000000,0.000000,0.000000,0.000000,-0.000000
28528749835,1763340350912006133,0.000000000,0.000000000,1,224451.146346,329745,33554432,0.000,1.403035,0.018670,-1.010274,0.000000,0.000000,0.000000,0.000000,0.000000,-0.000000
28535698069,1763340350918954237,0.000000000,0.000000000,1,224451.153346,329745,33554432,0.000,1.403041,0.018667,-1.010265,0.000000,0.000000,0.000000,0.000000,0.000000,-0.000000
28542756451,1763340350926012748,0.000000000,0.000000000,1,224451.160346,329745,33554432,0.000,1.403035,0.018666,-1.010260,0.000000,0.000000,0.000000,0.000000,0.000000,-0.000000
28549704352,1763340350932960649,0.000000000,0.000000000,1,224451.167346,329745,33554432,0.000,1.403035,0.018666,-1.010262,0.000000,0.000000,0.000000,0.000000,0.000000,-0.000000
28556766159,1763340350940022438,0.000000000,0.000000000,1,224451.174346,329745,33554432,0.000,1.403050,0.018666,-1.010253,0.000000,0.000000,0.000000,0.000000,0.000000,-0.000000
28563696930,1763340350946953154,0.000000000,0.000000000,1,224451.181346,329745,33554432,0.000,1.403050,0.018665,-1.010252,0.000000,0.000000,0.000000,0.000000,0.000000,-0.000000
28570755534,1763340350954011832,0.000000000,0.000000000,1,224451.188346,329745,33554432,0.000,1.403052,0.018665,-1.010251,0.000000,0.000000,0.000000,0.000000,0.000000,-0.000000
28577826323,1763340350961082602,0.000000000,0.000000000,1,224451.195346,329745,33554432,0.000,1.403055,0.018663,-1.010260,0.000000,0.000000,0.000000,0.000000,0.000000,-0.000000
28584726650,1763340350967982947,0.000000000,0.000000000,1,224451.202346,329745,33554432,0.000,1.403037,0.018661,-1.010254,0.000000,0.000000,0.000000,0.000000,0.000000,-0.000000
28591803865,1763340350975060144,0.000000000,0.000000000,1,224451.209346,329745,33554432,0.000,1.403034,0.018666,-1.010253,0.000000,0.000000,0.000000,0.000000,0.000000,-0.000000
28598725099,1763340350981981378,0.000000000,0.000000000,1,224451.216346,329745,33554432,0.000,1.403036,0.018670,-1.010257,0.000000,0.000000,0.000000,0.000000,0.000000,-0.000000
28605790888,1763340350989047167,0.000000000,0.000000000,1,224451.223346,329745,33554432,0.000,1.403040,0.018670,-1.010254,0.000000,0.000000,0.000000,0.000000,0.000000,-0.000000
28612849400,1763340350996105678,0.000000000,0.000000000,1,224451.230346,329745,33554432,0.000,1.403047,0.018658,-1.010256,0.000000,0.000000,0.000000,0.000000,0.000000,-0.000000
28619790559,1763340351003046857,0.000000000,0.000000000,1,224451.237346,329745,33554432,0.000,1.403048,0.018660,-1.010252,0.000000,0.000000,0.000000,0.000000,0.000000,-0.000000
28626717831,1763340351009974072,0.000000000,0.000000000,1,224451.244346,329745,33554432,0.000,1.403046,0.018652,-1.010263,0.000000,0.000000,0.000000,0.000000,0.000000,-0.000000
28633774916,1763340351017031213,0.000000000,0.000000000,1,224451.251346,329745,33554432,0.000,1.403044,0.018653,-1.010264,0.000000,0.000000,0.000000,0.000000,0.000000,-0.000000
28640834205,1763340351024090502,0.000000000,0.000000000,1,224451.258346,329745,33554432,0.000,1.403034,0.018656,-1.010261,0.000000,0.000000,0.000000,0.000000,0.000000,-0.000000
28647737976,1763340351030994274,0.000000000,0.000000000,1,224451.265346,329745,33554432,0.000,1.403033,0.018646,-1.010264,0.000000,0.000000,0.000000,0.000000,0.000000,-0.000000
28654799302,1763340351038055581,0.000000000,0.000000000,1,224451.272346,329745,33554432,0.000,1.403029,0.018646,-1.010269,0.000000,0.000000,0.000000,0.000000,0.000000,-0.000000
28661700148,1763340351044956427,0.000000000,0.000000000,1,224451.279346,329745,33554432,0.000,1.403018,0.018644,-1.010270,0.000000,0.000000,0.000000,0.000000,0.000000,-0.000000
28668799529,1763340351052055827,0.000000000,0.000000000,1,224451.286346,329745,33554432,0.000,1.403025,0.018655,-1.010274,0.000000,0.000000,0.000000,0.000000,0.000000,-0.000000
28675711078,1763340351058967376,0.000000000,0.000000000,1,224451.293346,329745,33554432,0.000,1.403023,0.018656,-1.010283,0.000000,0.000000,0.000000,0.000000,0.000000,-0.000000
28682787441,1763340351066043720,0.000000000,0.000000000,1,224451.300346,329745,33554432,0.000,1.403023,0.018654,-1.010288,0.000000,0.000000,0.000000,0.000000,0.000000,-0.000000
28689713286,1763340351072969547,0.000000000,0.000000000,1,224451.307346,329745,33554432,0.000,1.403023,0.018655,-1.010282,0.000000,0.000000,0.000000,0.000000,0.000000,-0.000000
28696789779,1763340351080045947,0.000000000,0.000000000,1,224451.314346,329745,33554432,0.000,1.403024,0.018655,-1.010284,0.000000,0.000000,0.000000,0.000000,0.000000,-0.000000
28703708421,1763340351086964588,0.000000000,0.000000000,1,224451.321346,329745,33554432,0.000,1.403021,0.018651,-1.010283,0.000000,0.000000,0.000000,0.000000,0.000000,-0.000000
28710780006,1763340351094036303,0.000000000,0.000000000,1,224451.328346,329745,33554432,0.000,1.403009,0.018657,-1.010271,0.000000,0.000000,0.000000,0.000000,0.000000,-0.000000
28717711296,1763340351100967500,0.000000000,0.000000000,1,224451.335346,329745,33554432,0.000,1.403010,0.018655,-1.010267,0.000000,0.000000,0.000000,0.000000,0.000000,-0.000000
28724779455,1763340351108035641,0.000000000,0.000000000,1,224451.342346,329745,33554432,0.000,1.403011,0.018657,-1.010274,0.000000,0.000000,0.000000,0.000000,0.000000,-0.000000
28731718745,1763340351114975042,0.000000000,0.000000000,1,224451.349346,329745,33554432,0.000,1.403006,0.018653,-1.010270,0.000000,0.000000,0.000000,0.000000,0.000000,-0.000000
28738777126,1763340351122033424,0.000000000,0.000000000,1,224451.356346,329745,33554432,0.000,1.403008,0.018642,-1.010278,0.000000,0.000000,0.000000,0.000000,0.000000,-0.000000
28745838453,1763340351129094731,0.000000000,0.000000000,1,224451.363346,329745,33554432,0.000,1.403007,0.018650,-1.010276,0.000000,0.000000,0.000000,0.000000,0.000000,-0.000000
28752755853,1763340351136012151,0.000000000,0.000000000,1,224451.370346,329745,33554432,0.000,1.403017,0.018653,-1.010260,0.000000,0.000000,0.000000,0.000000,0.000000,-0.000000
28759696865,1763340351142953144,0.000000000,0.000000000,1,224451.377346,329745,33554432,0.000,1.403020,0.018652,-1.010262,0.000000,0.000000,0.000000,0.000000,0.000000,-0.000000
28767554374,1763340351150810652,0.000000000,0.000000000,1,224451.384346,329745,33554432,0.000,1.403017,0.018649,-1.010259,0.000000,0.000000,0.000000,0.000000,0.000000,-0.000000
28773832332,1763340351157088630,0.000000000,0.000000000,1,224451.391346,329745,33554432,0.000,1.403015,0.018652,-1.010257,0.000000,0.000000,0.000000,0.000000,0.000000,-0.000000
28781026843,1763340351164283029,0.000000000,0.000000000,1,224451.398346,329745,33554432,0.000,1.403027,0.018647,-1.010255,0.000000,0.000000,0.000000,0.000000,0.000000,-0.000000
28787781930,1763340351171038208,0.000000000,0.000000000,1,224451.405346,329745,33554432,0.000,1.403030,0.018657,-1.010258,0.000000,0.000000,0.000000,0.000000,0.000000,-0.000000
28794755478,1763340351178011776,0.000000000,0.000000000,1,224451.412346,329745,33554432,0.000,1.403034,0.018663,-1.010255,0.000000,0.000000,0.000000,0.000000,0.000000,-0.000000
28801828934,1763340351185085231,0.000000000,0.000000000,1,224451.419346,329745,33554432,0.000,1.403035,0.018664,-1.010253,0.000000,0.000000,0.000000,0.000000,0.000000,-0.000000
28808739372,1763340351191995669,0.000000000,0.000000000,1,224451.426346,329745,33554432,0.000,1.403036,0.018669,-1.010259,0.000000,0.000000,0.000000,0.000000,0.000000,-0.000000
28815811698,1763340351199067995,0.000000000,0.000000000,1,224451.433346,329745,33554432,0.000,1.403034,0.018670,-1.010256,0.000000,0.000000,0.000000,0.000000,0.000000,-0.000000
28822711840,1763340351205968137,0.000000000,0.000000000,1,224451.440346,329745,33554432,0.000,1.403035,0.018682,-1.010244,0.000000,0.000000,0.000000,0.000000,0.000000,-0.000000
28829833610,1763340351213089907,0.000000000,0.000000000,1,224451.447346,329745,33554432,0.000,1.403043,0.018680,-1.010249,0.000000,0.000000,0.000000,0.000000,0.000000,-0.000000
28836744048,1763340351220000327,0.000000000,0.000000000,1,224451.454346,329745,33554432,0.000,1.403039,0.018677,-1.010252,0.000000,0.000000,0.000000,0.000000,0.000000,-0.000000
28843746911,1763340351227003097,0.000000000,0.000000000,1,224451.461346,329745,33554432,0.000,1.403033,0.018677,-1.010253,0.000000,0.000000,0.000000,0.000000,0.000000,-0.000000
28850785960,1763340351234042127,0.000000000,0.000000000,1,224451.468346,329745,33554432,0.000,1.403031,0.018673,-1.010263,0.000000,0.000000,0.000000,0.000000,0.000000,-0.000000
28857797323,1763340351241053491,0.000000000,0.000000000,1,224451.475346,329745,33554432,0.000,1.403034,0.018666,-1.010271,0.000000,0.000000,0.000000,0.000000,0.000000,-0.000000
28864770798,1763340351248027095,0.000000000,0.000000000,1,224451.482346,329745,33554432,0.000,1.403030,0.018676,-1.010270,0.000000,0.000000,0.000000,0.000000,0.000000,-0.000000
28871713161,1763340351254969347,0.000000000,0.000000000,1,224451.489346,329745,33554432,0.000,1.403028,0.018682,-1.010266,0.000000,0.000000,0.000000,0.000000,0.000000,-0.000000
28878784321,1763340351262040488,0.000000000,0.000000000,1,224451.496346,329745,33554432,0.000,1.403017,0.018684,-1.010263,0.000000,0.000000,0.000000,0.000000,0.000000,-0.000000
28885685796,1763340351268942074,0.000000000,0.000000000,1,224451.503346,329745,33554432,0.000,1.403016,0.018691,-1.010259,0.000000,0.000000,0.000000,0.000000,0.000000,-0.000000
28892827270,1763340351276083548,0.000000000,0.000000000,1,224451.510346,329745,33554432,0.000,1.403015,0.018687,-1.010252,0.000000,0.000000,0.000000,0.000000,0.000000,-0.000000
28899762522,1763340351283018801,0.000000000,0.000000000,1,224451.517346,329745,33554432,0.000,1.403019,0.018695,-1.010251,0.000000,0.000000,0.000000,0.000000,0.000000,-0.000000
28906820959,1763340351290077238,0.000000000,0.000000000,1,224451.524346,329745,33554432,0.000,1.403025,0.018694,-1.010260,0.000000,0.000000,0.000000,0.000000,0.000000,-0.000000
28913732286,1763340351296988565,0.000000000,0.000000000,1,224451.531346,329745,33554432,0.000,1.403023,0.018691,-1.010255,0.000000,0.000000,0.000000,0.000000,0.000000,-0.000000
28920804520,1763340351304060817,0.000000000,0.000000000,1,224451.538346,329745,33554432,0.000,1.403027,0.018693,-1.010243,0.000000,0.000000,0.000000,0.000000,0.000000,-0.000000
28927738791,1763340351310995070,0.000000000,0.000000000,1,224451.545346,329745,33554432,0.000,1.403022,0.018698,-1.010247,0.000000,0.000000,0.000000,0.000000,0.000000,-0.000000
28934797024,1763340351318053303,0.000000000,0.000000000,1,224451.552346,329745,33554432,0.000,1.403013,0.018692,-1.010234,0.000000,0.000000,0.000000,0.000000,0.000000,-0.000000
28941855147,1763340351325111426,0.000000000,0.000000000,1,224451.559346,329745,33554432,0.000,1.403018,0.018696,-1.010230,0.000000,0.000000,0.000000,0.000000,0.000000,-0.000000
28948776918,1763340351332033197,0.000000000,0.000000000,1,224451.566346,329745,33554432,0.000,1.403012,0.018688,-1.010223,0.000000,0.000000,0.000000,0.000000,0.000000,-0.000000
28955837077,1763340351339093375,0.000000000,0.000000000,1,224451.573346,329745,33554432,0.000,1.403022,0.018686,-1.010221,0.000000,0.000000,0.000000,0.000000,0.000000,-0.000000
28962737793,1763340351345994072,0.000000000,0.000000000,1,224451.580346,329745,33554432,0.000,1.403033,0.018678,-1.010227,0.000000,0.000000,0.000000,0.000000,0.000000,-0.000000
28969831600,1763340351353087898,0.000000000,0.000000000,1,224451.587346,329745,33554432,0.000,1.403031,0.018680,-1.010228,0.000000,0.000000,0.000000,0.000000,0.000000,-0.000000
28976740723,1763340351359997002,0.000000000,0.000000000,1,224451.594346,329745,33554432,0.000,1.403028,0.018678,-1.010228,0.000000,0.000000,0.000000,0.000000,0.000000,-0.000000
28983823272,1763340351367079569,0.000000000,0.000000000,1,224451.601346,329745,33554432,0.000,1.403026,0.018672,-1.010222,0.000000,0.000000,0.000000,0.000000,0.000000,-0.000000
28990758784,1763340351374015081,0.000000000,0.000000000,1,224451.608346,329745,33554432,0.000,1.403023,0.018680,-1.010220,0.000000,0.000000,0.000000,0.000000,0.000000,-0.000000
28997817591,1763340351381073889,0.000000000,0.000000000,1,224451.615346,329745,33554432,0.000,1.403018,0.018679,-1.010221,0.000000,0.000000,0.000000,0.000000,0.000000,-0.000000
29004718159,1763340351387974456,0.000000000,0.000000000,1,224451.622346,329745,33554432,0.000,1.403016,0.018690,-1.010218,0.000000,0.000000,0.000000,0.000000,0.000000,-0.000000
29011777355,1763340351395033653,0.000000000,0.000000000,1,224451.629346,329745,33554432,0.000,1.403018,0.018685,-1.010219,0.000000,0.000000,0.000000,0.000000,0.000000,-0.000000
29018835978,1763340351402092275,0.000000000,0.000000000,1,224451.636346,329745,33554432,0.000,1.403019,0.018683,-1.010227,0.000000,0.000000,0.000000,0.000000,0.000000,-0.000000
29025736119,1763340351408992398,0.000000000,0.000000000,1,224451.643346,329745,33554432,0.000,1.403025,0.018672,-1.010228,0.000000,0.000000,0.000000,0.000000,0.000000,-0.000000
29032893519,1763340351416149816,0.000000000,0.000000000,1,224451.650346,329745,33554432,0.000,1.403038,0.018677,-1.010230,0.000000,0.000000,0.000000,0.000000,0.000000,-0.000000
29039699031,1763340351422955310,0.000000000,0.000000000,1,224451.657346,329745,33554432,0.000,1.403047,0.018678,-1.010232,0.000000,0.000000,0.000000,0.000000,0.000000,-0.000000
29046756376,1763340351430012673,0.000000000,0.000000000,1,224451.664346,329745,33554432,0.000,1.403041,0.018694,-1.010229,0.000000,0.000000,0.000000,0.000000,0.000000,-0.000000
29053813999,1763340351437070296,0.000000000,0.000000000,1,224451.671346,329745,33554432,0.000,1.403043,0.018690,-1.010237,0.000000,0.000000,0.000000,0.000000,0.000000,-0.000000
29060712992,1763340351443969271,0.000000000,0.000000000,1,224451.678346,329745,33554432,0.000,1.403037,0.018688,-1.010235,0.000000,0.000000,0.000000,0.000000,0.000000,-0.000000
29067861596,1763340351451117893,0.000000000,0.000000000,1,224451.685346,329745,33554432,0.000,1.403034,0.018695,-1.010232,0.000000,0.000000,0.000000,0.000000,0.000000,-0.000000
29074761182,1763340351458017460,0.000000000,0.000000000,1,224451.692346,329745,33554432,0.000,1.403036,0.018702,-1.010234,0.000000,0.000000,0.000000,0.000000,0.000000,-0.000000
29081819137,1763340351465075435,0.000000000,0.000000000,1,224451.699346,329745,33554432,0.000,1.403036,0.018698,-1.010242,0.000000,0.000000,0.000000,0.000000,0.000000,-0.000000
29088735705,1763340351471992002,0.000000000,0.000000000,1,224451.706346,329745,33554432,0.000,1.403035,0.018695,-1.010238,0.000000,0.000000,0.000000,0.000000,0.000000,-0.000000
29095823086,1763340351479079402,0.000000000,0.000000000,1,224451.713346,329745,33554432,0.000,1.403031,0.018691,-1.010239,0.000000,0.000000,0.000000,0.000000,0.000000,-0.000000
29102723543,1763340351485979822,0.000000000,0.000000000,1,224451.720346,329745,33554432,0.000,1.403041,0.018704,-1.010232,0.000000,0.000000,0.000000,0.000000,0.000000,-0.000000
29109811554,1763340351493067851,0.000000000,0.000000000,1,224451.727346,329745,33554432,0.000,1.403033,0.018706,-1.010238,0.000000,0.000000,0.000000,0.000000,0.000000,-0.000000
29116719418,1763340351499975715,0.000000000,0.000000000,1,224451.734346,329745,33554432,0.000,1.403037,0.018703,-1.010242,0.000000,0.000000,0.000000,0.000000,0.000000,-0.000000
29123777225,1763340351507033523,0.000000000,0.000000000,1,224451.741346,329745,33554432,0.000,1.403034,0.018705,-1.010234,0.000000,0.000000,0.000000,0.000000,0.000000,-0.000000
29130859181,1763340351514115478,0.000000000,0.000000000,1,224451.748346,329745,33554432,0.000,1.403038,0.018711,-1.010232,0.000000,0.000000,0.000000,0.000000,0.000000,-0.000000
29137759712,1763340351521016009,0.000000000,0.000000000,1,224451.755346,329745,33554432,0.000,1.403051,0.018707,-1.010226,0.000000,0.000000,0.000000,0.000000,0.000000,-0.000000
29144696316,1763340351527952595,0.000000000,0.000000000,1,224451.762346,329745,33554432,0.000,1.403048,0.018709,-1.010221,0.000000,0.000000,0.000000,0.000000,0.000000,-0.000000
29151762105,1763340351535018402,0.000000000,0.000000000,1,224451.769346,329745,33554432,0.000,1.403048,0.018713,-1.010219,0.000000,0.000000,0.000000,0.000000,0.000000,-0.000000
29158822635,1763340351542078914,0.000000000,0.000000000,1,224451.776346,329745,33554432,0.000,1.403033,0.018719,-1.010215,0.000000,0.000000,0.000000,0.000000,0.000000,-0.000000
29165784332,1763340351549040629,0.000000000,0.000000000,1,224451.783346,329745,33554432,0.000,1.403033,0.018719,-1.010216,0.000000,0.000000,0.000000,0.000000,0.000000,-0.000000
29172860306,1763340351556116585,0.000000000,0.000000000,1,224451.790346,329745,33554432,0.000,1.403040,0.018719,-1.010215,0.000000,0.000000,0.000000,0.000000,0.000000,-0.000000
29179784725,1763340351563041023,0.000000000,0.000000000,1,224451.797346,329745,33554432,0.000,1.403046,0.018713,-1.010204,0.000000,0.000000,0.000000,0.000000,0.000000,-0.000000
29186701904,1763340351569958183,0.000000000,0.000000000,1,224451.804346,329745,33554432,0.000,1.403050,0.018704,-1.010187,0.000000,0.000000,0.000000,0.000000,0.000000,-0.000000
29193800934,1763340351577057027,0.000000000,0.000000000,1,224451.811346,329745,33554432,0.000,1.403055,0.018696,-1.010183,0.000000,0.000000,0.000000,0.000000,0.000000,-0.000000
29200705982,1763340351583962261,0.000000000,0.000000000,1,224451.818346,329745,33554432,0.000,1.403063,0.018698,-1.010182,0.000000,0.000000,0.000000,0.000000,0.000000,-0.000000
29207813383,1763340351591069532,0.000000000,0.000000000,1,224451.825346,329745,33554432,0.000,1.403057,0.018694,-1.010190,0.000000,0.000000,0.000000,0.000000,0.000000,-0.000000
29214875524,1763340351598131784,0.000000000,0.000000000,1,224451.832346,329745,33554432,0.000,1.403060,0.018696,-1.010199,0.000000,0.000000,0.000000,0.000000,0.000000,-0.000000
29221789091,1763340351605045370,0.000000000,0.000000000,1,224451.839346,329745,33554432,0.000,1.403066,0.018695,-1.010200,0.000000,0.000000,0.000000,0.000000,0.000000,-0.000000
29228758603,1763340351612014863,0.000000000,0.000000000,1,224451.846346,329745,33554432,0.000,1.403052,0.018690,-1.010207,0.000000,0.000000,0.000000,0.000000,0.000000,-0.000000
29235829355,1763340351619085634,0.000000000,0.000000000,1,224451.853346,329745,33554432,0.000,1.403053,0.018694,-1.010207,0.000000,0.000000,0.000000,0.000000,0.000000,-0.000000
29242741607,1763340351625997886,0.000000000,0.000000000,1,224451.860346,329745,33554432,0.000,1.403057,0.018688,-1.010204,0.000000,0.000000,0.000000,0.000000,0.000000,-0.000000
29249827656,1763340351633083934,0.000000000,0.000000000,1,224451.867346,329745,33554432,0.000,1.403072,0.018689,-1.010204,0.000000,0.000000,0.000000,0.000000,0.000000,-0.000000
29256886945,1763340351640143242,0.000000000,0.000000000,1,224451.874346,329745,33554432,0.000,1.403078,0.018689,-1.010195,0.000000,0.000000,0.000000,0.000000,0.000000,-0.000000
29267600387,1763340351650856333,0.000000000,0.000000000,1,224451.881346,329745,33554432,0.000,1.403066,0.018698,-1.010191,0.000000,0.000000,0.000000,0.000000,0.000000,-0.000000
29270712876,1763340351653969155,0.000000000,0.000000000,1,224451.888346,329745,33554432,0.000,1.403064,0.018703,-1.010188,0.000000,0.000000,0.000000,0.000000,0.000000,-0.000000
29277822035,1763340351661078203,0.000000000,0.000000000,1,224451.895346,329745,33554432,0.000,1.403063,0.018702,-1.010181,0.000000,0.000000,0.000000,0.000000,0.000000,-0.000000
29284722973,1763340351667979252,0.000000000,0.000000000,1,224451.902346,329745,33554432,0.000,1.403063,0.018697,-1.010177,0.000000,0.000000,0.000000,0.000000,0.000000,-0.000000
29291827669,1763340351675083967,0.000000000,0.000000000,1,224451.909346,329745,33554432,0.000,1.403068,0.018699,-1.010177,0.000000,0.000000,0.000000,0.000000,0.000000,-0.000000
29298730144,1763340351681986442,0.000000000,0.000000000,1,224451.916346,329745,33554432,0.000,1.403074,0.018693,-1.010183,0.000000,0.000000,0.000000,0.000000,0.000000,-0.000000
29305789452,1763340351689045731,0.000000000,0.000000000,1,224451.923346,329745,33554432,0.000,1.403081,0.018681,-1.010186,0.000000,0.000000,0.000000,0.000000,0.000000,-0.000000
29312847111,1763340351696103390,0.000000000,0.000000000,1,224451.930346,329745,33554432,0.000,1.403081,0.018677,-1.010183,0.000000,0.000000,0.000000,0.000000,0.000000,-0.000000
29319782975,1763340351703039272,0.000000000,0.000000000,1,224451.937346,329745,33554432,0.000,1.403087,0.018675,-1.010174,0.000000,0.000000,0.000000,0.000000,0.000000,-0.000000
29326713746,1763340351709969988,0.000000000,0.000000000,1,224451.944346,329745,33554432,0.000,1.403081,0.018677,-1.010179,0.000000,0.000000,0.000000,0.000000,0.000000,-0.000000
29333779683,1763340351717035981,0.000000000,0.000000000,1,224451.951346,329745,33554432,0.000,1.403080,0.018683,-1.010181,0.000000,0.000000,0.000000,0.000000,0.000000,-0.000000
29340837806,1763340351724094103,0.000000000,0.000000000,1,224451.958346,329745,33554432,0.000,1.403072,0.018684,-1.010186,0.000000,0.000000,0.000000,0.000000,0.000000,-0.000000
29347748244,1763340351731004411,0.000000000,0.000000000,1,224451.965346,329745,33554432,0.000,1.403081,0.018679,-1.010195,0.000000,0.000000,0.000000,0.000000,0.000000,-0.000000
29354755552,1763340351738011719,0.000000000,0.000000000,1,224451.972346,329745,33554432,0.000,1.403085,0.018679,-1.010188,0.000000,0.000000,0.000000,0.000000,0.000000,-0.000000
29361718026,1763340351744974212,0.000000000,0.000000000,1,224451.979346,329745,33554432,0.000,1.403087,0.018673,-1.010193,0.000000,0.000000,0.000000,0.000000,0.000000,-0.000000
29368697242,1763340351751953539,0.000000000,0.000000000,1,224451.986346,329745,33554432,0.000,1.403076,0.018667,-1.010208,0.000000,0.000000,0.000000,0.000000,0.000000,-0.000000
29375783753,1763340351759040050,0.000000000,0.000000000,1,224451.993346,329745,33554432,0.000,1.403075,0.018673,-1.010214,0.000000,0.000000,0.000000,0.000000,0.000000,-0.000000
29382687302,1763340351765943618,0.000000000,0.000000000,1,224452.000346,329745,33554432,0.000,1.403073,0.018669,-1.010207,0.000000,0.000000,0.000000,0.000000,0.000000,-0.000000
29389691943,1763340351772948185,0.000000000,0.000000000,1,224452.007346,329745,33554432,0.000,1.403078,0.018671,-1.010203,0.000000,0.000000,0.000000,0.000000,0.000000,-0.000000
29396751028,1763340351780007307,0.000000000,0.000000000,1,224452.014346,329745,33554432,0.000,1.403072,0.018681,-1.010203,0.000000,0.000000,0.000000,0.000000,0.000000,-0.000000
29403835910,1763340351787092096,0.000000000,0.000000000,1,224452.021346,329745,33554432,0.000,1.403067,0.018683,-1.010193,0.000000,0.000000,0.000000,0.000000,0.000000,-0.000000
29410739089,1763340351793995386,0.000000000,0.000000000,1,224452.028346,329745,33554432,0.000,1.403066,0.018669,-1.010197,0.000000,0.000000,0.000000,0.000000,0.000000,-0.000000
29417809711,1763340351801065916,0.000000000,0.000000000,1,224452.035346,329745,33554432,0.000,1.403069,0.018658,-1.010195,0.000000,0.000000,0.000000,0.000000,0.000000,-0.000000
29424720556,1763340351807976854,0.000000000,0.000000000,1,224452.042346,329745,33554432,0.000,1.403063,0.018669,-1.010196,0.000000,0.000000,0.000000,0.000000,0.000000,-0.000000
29431696401,1763340351814952699,0.000000000,0.000000000,1,224452.049346,329745,33554432,0.000,1.403055,0.018668,-1.010197,0.000000,0.000000,0.000000,0.000000,0.000000,-0.000000
29438755912,1763340351822012191,0.000000000,0.000000000,1,224452.056346,329745,33554432,0.000,1.403040,0.018667,-1.010208,0.000000,0.000000,0.000000,0.000000,0.000000,-0.000000
29445825442,1763340351829081610,0.000000000,0.000000000,1,224452.063346,329745,33554432,0.000,1.403043,0.018667,-1.010204,0.000000,0.000000,0.000000,0.000000,0.000000,-0.000000
29452884861,1763340351836141158,0.000000000,0.000000000,1,224452.070346,329745,33554432,0.000,1.403042,0.018660,-1.010196,0.000000,0.000000,0.000000,0.000000,0.000000,-0.000000
29459810280,1763340351843066578,0.000000000,0.000000000,1,224452.077346,329745,33554432,0.000,1.403053,0.018655,-1.010202,0.000000,0.000000,0.000000,0.000000,0.000000,-0.000000
29466734737,1763340351849991034,0.000000000,0.000000000,1,224452.084346,329745,33554432,0.000,1.403042,0.018649,-1.010206,0.000000,0.000000,0.000000,0.000000,0.000000,-0.000000
29473792785,1763340351857049082,0.000000000,0.000000000,1,224452.091346,329745,33554432,0.000,1.403037,0.018648,-1.010199,0.000000,0.000000,0.000000,0.000000,0.000000,-0.000000
29480691834,1763340351863948131,0.000000000,0.000000000,1,224452.098346,329745,33554432,0.000,1.403035,0.018647,-1.010193,0.000000,0.000000,0.000000,0.000000,0.000000,-0.000000
29487750179,1763340351871006476,0.000000000,0.000000000,1,224452.105346,329745,33554432,0.000,1.403030,0.018647,-1.010191,0.000000,0.000000,0.000000,0.000000,0.000000,-0.000000
29494830486,1763340351878086765,0.000000000,0.000000000,1,224452.112346,329745,33554432,0.000,1.403034,0.018648,-1.010194,0.000000,0.000000,0.000000,0.000000,0.000000,-0.000000
29501743498,1763340351884999666,0.000000000,0.000000000,1,224452.119346,329745,33554432,0.000,1.403046,0.018638,-1.010190,0.000000,0.000000,0.000000,0.000000,0.000000,-0.000000
29508804250,1763340351892060529,0.000000000,0.000000000,1,224452.126346,329745,33554432,0.000,1.403048,0.018627,-1.010183,0.000000,0.000000,0.000000,0.000000,0.000000,-0.000000
29515704262,1763340351898960430,0.000000000,0.000000000,1,224452.133346,329745,33554432,0.000,1.403045,0.018625,-1.010186,0.000000,0.000000,0.000000,0.000000,0.000000,-0.000000
29522762607,1763340351906018886,0.000000000,0.000000000,1,224452.140346,329745,33554432,0.000,1.403051,0.018632,-1.010180,0.000000,0.000000,0.000000,0.000000,0.000000,-0.000000
29529868044,1763340351913124341,0.000000000,0.000000000,1,224452.147346,329745,33554432,0.000,1.403050,0.018624,-1.010180,0.000000,0.000000,0.000000,0.000000,0.000000,-0.000000
29536788611,1763340351920044890,0.000000000,0.000000000,1,224452.154346,329745,33554432,0.000,1.403049,0.018626,-1.010183,0.000000,0.000000,0.000000,0.000000,0.000000,-0.000000
29543847919,1763340351927104198,0.000000000,0.000000000,1,224452.161346,329745,33554432,0.000,1.403056,0.018626,-1.010181,0.000000,0.000000,0.000000,0.000000,0.000000,-0.000000
29550746801,1763340351934003099,0.000000000,0.000000000,1,224452.168346,329745,33554432,0.000,1.403050,0.018627,-1.010194,0.000000,0.000000,0.000000,0.000000,0.000000,-0.000000
29557804553,1763340351941060832,0.000000000,0.000000000,1,224452.175346,329745,33554432,0.000,1.403051,0.018627,-1.010193,0.000000,0.000000,0.000000,0.000000,0.000000,-0.000000
29564757861,1763340351948014140,0.000000000,0.000000000,1,224452.182346,329745,33554432,0.000,1.403046,0.018625,-1.010188,0.000000,0.000000,0.000000,0.000000,0.000000,-0.000000
29571833132,1763340351955089411,0.000000000,0.000000000,1,224452.189346,329745,33554432,0.000,1.403059,0.018622,-1.010179,0.000000,0.000000,0.000000,0.000000,0.000000,-0.000000
29578732736,1763340351961989034,0.000000000,0.000000000,1,224452.196346,329745,33554432,0.000,1.403063,0.018617,-1.010185,0.000000,0.000000,0.000000,0.000000,0.000000,-0.000000
29585789711,1763340351969046008,0.000000000,0.000000000,1,224452.203346,329745,33554432,0.000,1.403063,0.018620,-1.010177,0.000000,0.000000,0.000000,0.000000,0.000000,-0.000000
29592867407,1763340351976123686,0.000000000,0.000000000,1,224452.210346,329745,33554432,0.000,1.403071,0.018622,-1.010174,0.000000,0.000000,0.000000,0.000000,0.000000,-0.000000
29599793530,1763340351983049828,0.000000000,0.000000000,1,224452.217346,329745,33554432,0.000,1.403069,0.018623,-1.010170,0.000000,0.000000,0.000000,0.000000,0.000000,-0.000000
29606694838,1763340351989951117,0.000000000,0.000000000,1,224452.224346,329745,33554432,0.000,1.403064,0.018623,-1.010161,0.000000,0.000000,0.000000,0.000000,0.000000,-0.000000
29613761572,1763340351997017869,0.000000000,0.000000000,1,224452.231346,329745,33554432,0.000,1.403066,0.018624,-1.010154,0.000000,0.000000,0.000000,0.000000,0.000000,-0.000000
29620836342,1763340352004092621,0.000000000,0.000000000,1,224452.238346,329745,33554432,0.000,1.403052,0.018629,-1.010157,0.000000,0.000000,0.000000,0.000000,0.000000,-0.000000
29627768558,1763340352011024837,0.000000000,0.000000000,1,224452.245346,329745,33554432,0.000,1.403060,0.018627,-1.010154,0.000000,0.000000,0.000000,0.000000,0.000000,-0.000000
29634841310,1763340352018097607,0.000000000,0.000000000,1,224452.252346,329745,33554432,0.000,1.403050,0.018614,-1.010149,0.000000,0.000000,0.000000,0.000000,0.000000,-0.000000
29641805192,1763340352025061489,0.000000000,0.000000000,1,224452.259346,329745,33554432,0.000,1.403058,0.018600,-1.010156,0.000000,0.000000,0.000000,0.000000,0.000000,-0.000000
29648705852,1763340352031962150,0.000000000,0.000000000,1,224452.266346,329745,33554432,0.000,1.403059,0.018607,-1.010166,0.000000,0.000000,0.000000,0.000000,0.000000,-0.000000
29655764863,1763340352039021142,0.000000000,0.000000000,1,224452.273346,329745,33554432,0.000,1.403069,0.018606,-1.010171,0.000000,0.000000,0.000000,0.000000,0.000000,-0.000000
29662825745,1763340352046082024,0.000000000,0.000000000,1,224452.280346,329745,33554432,0.000,1.403065,0.018613,-1.010161,0.000000,0.000000,0.000000,0.000000,0.000000,-0.000000
29669814572,1763340352053070850,0.000000000,0.000000000,1,224452.287346,329745,33554432,0.000,1.403070,0.018612,-1.010158,0.000000,0.000000,0.000000,0.000000,0.000000,-0.000000
29676726139,1763340352059982436,0.000000000,0.000000000,1,224452.294346,329745,33554432,0.000,1.403077,0.018607,-1.010151,0.000000,0.000000,0.000000,0.000000,0.000000,-0.000000
29683785076,1763340352067041355,0.000000000,0.000000000,1,224452.301346,329745,33554432,0.000,1.403079,0.018604,-1.010158,0.000000,0.000000,0.000000,0.000000,0.000000,-0.000000
29690731718,1763340352073987997,0.000000000,0.000000000,1,224452.308346,329745,33554432,0.000,1.403087,0.018605,-1.010165,0.000000,0.000000,0.000000,0.000000,0.000000,-0.000000
29697770359,1763340352081026638,0.000000000,0.000000000,1,224452.315346,329745,33554432,0.000,1.403093,0.018613,-1.010167,0.000000,0.000000,0.000000,0.000000,0.000000,-0.000000
29704834259,1763340352088090538,0.000000000,0.000000000,1,224452.322346,329745,33554432,0.000,1.403095,0.018626,-1.010159,0.000000,0.000000,0.000000,0.000000,0.000000,-0.000000
29711743401,1763340352094999698,0.000000000,0.000000000,1,224452.329346,329745,33554432,0.000,1.403103,0.018627,-1.010150,0.000000,0.000000,0.000000,0.000000,0.000000,-0.000000
29718819356,1763340352102075654,0.000000000,0.000000000,1,224452.336346,329745,33554432,0.000,1.403107,0.018628,-1.010149,0.000000,0.000000,0.000000,0.000000,0.000000,-0.000000
29725739831,1763340352108996128,0.000000000,0.000000000,1,224452.343346,329745,33554432,0.000,1.403117,0.018631,-1.010145,0.000000,0.000000,0.000000,0.000000,0.000000,-0.000000
29732783380,1763340352116039677,0.000000000,0.000000000,1,224452.350346,329745,33554432,0.000,1.403106,0.018644,-1.010136,0.000000,0.000000,0.000000,0.000000,0.000000,-0.000000
29739877798,1763340352123134096,0.000000000,0.000000000,1,224452.357346,329745,33554432,0.000,1.403105,0.018636,-1.010132,0.000000,0.000000,0.000000,0.000000,0.000000,-0.000000
29746778958,1763340352130035256,0.000000000,0.000000000,1,224452.364346,329745,33554432,0.000,1.403106,0.018642,-1.010127,0.000000,0.000000,0.000000,0.000000,0.000000,-0.000000
29753838136,1763340352137094434,0.000000000,0.000000000,1,224452.371346,329745,33554432,0.000,1.403109,0.018634,-1.010120,0.000000,0.000000,0.000000,0.000000,0.000000,-0.000000
29760898018,1763340352144154297,0.000000000,0.000000000,1,224452.378346,329745,33554432,0.000,1.403109,0.018629,-1.010116,0.000000,0.000000,0.000000,0.000000,0.000000,-0.000000
29767838215,1763340352151094494,0.000000000,0.000000000,1,224452.385346,329745,33554432,0.000,1.403111,0.018636,-1.010113,0.000000,0.000000,0.000000,0.000000,0.000000,-0.000000
29775554261,1763340352158810521,0.000000000,0.000000000,1,224452.392346,329745,33554432,0.000,1.403100,0.018650,-1.010119,0.000000,0.000000,0.000000,0.000000,0.000000,-0.000000
29781839608,1763340352165095795,0.000000000,0.000000000,1,224452.399346,329745,33554432,0.000,1.403103,0.018657,-1.010121,0.000000,0.000000,0.000000,0.000000,0.000000,-0.000000
29788769750,1763340352172025918,0.000000000,0.000000000,1,224452.406346,329745,33554432,0.000,1.403100,0.018648,-1.010112,0.000000,0.000000,0.000000,0.000000,0.000000,-0.000000
29795718336,1763340352178974615,0.000000000,0.000000000,1,224452.413346,329745,33554432,0.000,1.403095,0.018654,-1.010118,0.000000,0.000000,0.000000,0.000000,0.000000,-0.000000
29802802440,1763340352186058737,0.000000000,0.000000000,1,224452.420346,329745,33554432,0.000,1.403090,0.018652,-1.010115,0.000000,0.000000,0.000000,0.000000,0.000000,-0.000000
29809752988,1763340352193009286,0.000000000,0.000000000,1,224452.427346,329745,33554432,0.000,1.403081,0.018652,-1.010118,0.000000,0.000000,0.000000,0.000000,0.000000,-0.000000
29816794833,1763340352200051130,0.000000000,0.000000000,1,224452.434346,329745,33554432,0.000,1.403079,0.018651,-1.010129,0.000000,0.000000,0.000000,0.000000,0.000000,-0.000000
29823771511,1763340352207027809,0.000000000,0.000000000,1,224452.441346,329745,33554432,0.000,1.403076,0.018659,-1.010122,0.000000,0.000000,0.000000,0.000000,0.000000,-0.000000
29830763356,1763340352214018968,0.000000000,0.000000000,1,224452.448346,329745,33554432,0.000,1.403066,0.018660,-1.010132,0.000000,0.000000,0.000000,0.000000,0.000000,-0.000000
29837821294,1763340352221077480,0.000000000,0.000000000,1,224452.455346,329745,33554432,0.000,1.403058,0.018669,-1.010129,0.000000,0.000000,0.000000,0.000000,0.000000,-0.000000
29844806731,1763340352228062936,0.000000000,0.000000000,1,224452.462346,329745,33554432,0.000,1.403050,0.018672,-1.010119,0.000000,0.000000,0.000000,0.000000,0.000000,-0.000000
29851851557,1763340352235107744,0.000000000,0.000000000,1,224452.469346,329745,33554432,0.000,1.403054,0.018668,-1.010107,0.000000,0.000000,0.000000,0.000000,0.000000,-0.000000
29858696958,1763340352241953163,0.000000000,0.000000000,1,224452.476346,329745,33554432,0.000,1.403049,0.018674,-1.010087,0.000000,0.000000,0.000000,0.000000,0.000000,-0.000000
29865827803,1763340352249084082,0.000000000,0.000000000,1,224452.483346,329745,33554432,0.000,1.403051,0.018677,-1.010091,0.000000,0.000000,0.000000,0.000000,0.000000,-0.000000
29872905888,1763340352256162074,0.000000000,0.000000000,1,224452.490346,329745,33554432,0.000,1.403049,0.018679,-1.010102,0.000000,0.000000,0.000000,0.000000,0.000000,-0.000000
29879708752,1763340352262965031,0.000000000,0.000000000,1,224452.497346,329745,33554432,0.000,1.403038,0.018685,-1.010105,0.000000,0.000000,0.000000,0.000000,0.000000,-0.000000
29886767486,1763340352270023783,0.000000000,0.000000000,1,224452.504346,329745,33554432,0.000,1.403043,0.018677,-1.010096,0.000000,0.000000,0.000000,0.000000,0.000000,-0.000000
29893814738,1763340352277071017,0.000000000,0.000000000,1,224452.511346,329745,33554432,0.000,1.403038,0.018682,-1.010094,0.000000,0.000000,0.000000,0.000000,0.000000,-0.000000
29900715324,1763340352283971621,0.000000000,0.000000000,1,224452.518346,329745,33554432,0.000,1.403031,0.018682,-1.010085,0.000000,0.000000,0.000000,0.000000,0.000000,-0.000000
29907774539,1763340352291030818,0.000000000,0.000000000,1,224452.525346,329745,33554432,0.000,1.403033,0.018680,-1.010082,0.000000,0.000000,0.000000,0.000000,0.000000,-0.000000
29914834087,1763340352298090366,0.000000000,0.000000000,1,224452.532346,329745,33554432,0.000,1.403032,0.018688,-1.010083,0.000000,0.000000,0.000000,0.000000,0.000000,-0.000000
29921823358,1763340352305079526,0.000000000,0.000000000,1,224452.539346,329745,33554432,0.000,1.403028,0.018682,-1.010085,0.000000,0.000000,0.000000,0.000000,0.000000,-0.000000
29928784574,1763340352312040871,0.000000000,0.000000000,1,224452.546346,329745,33554432,0.000,1.403019,0.018684,-1.010082,0.000000,0.000000,0.000000,0.000000,0.000000,-0.000000
29935695419,1763340352318951716,0.000000000,0.000000000,1,224452.553346,329745,33554432,0.000,1.403023,0.018694,-1.010077,0.000000,0.000000,0.000000,0.000000,0.000000,-0.000000
29942753912,1763340352326010191,0.000000000,0.000000000,1,224452.560346,329745,33554432,0.000,1.403033,0.018699,-1.010078,0.000000,0.000000,0.000000,0.000000,0.000000,-0.000000
29951185640,1763340352334441882,0.000000000,0.000000000,1,224452.567346,329745,33554432,0.000,1.403042,0.018692,-1.010076,0.000000,0.000000,0.000000,0.000000,0.000000,-0.000000
29956823749,1763340352340079917,0.000000000,0.000000000,1,224452.574346,329745,33554432,0.000,1.403056,0.018695,-1.010069,0.000000,0.000000,0.000000,0.000000,0.000000,-0.000000
29963801946,1763340352347057762,0.000000000,0.000000000,1,224452.581346,329745,33554432,0.000,1.403057,0.018688,-1.010075,0.000000,0.000000,0.000000,0.000000,0.000000,-0.000000
29970862661,1763340352354118940,0.000000000,0.000000000,1,224452.588346,329745,33554432,0.000,1.403050,0.018691,-1.010083,0.000000,0.000000,0.000000,0.000000,0.000000,-0.000000
29977773469,1763340352361029767,0.000000000,0.000000000,1,224452.595346,329745,33554432,0.000,1.403047,0.018692,-1.010086,0.000000,0.000000,0.000000,0.000000,0.000000,-0.000000
29984689037,1763340352367945279,0.000000000,0.000000000,1,224452.602346,329745,33554432,0.000,1.403046,0.018695,-1.010088,0.000000,0.000000,0.000000,0.000000,0.000000,-0.000000
29991798585,1763340352375054845,0.000000000,0.000000000,1,224452.609346,329745,33554432,0.000,1.403047,0.018698,-1.010086,0.000000,0.000000,0.000000,0.000000,0.000000,-0.000000
29998732912,1763340352381989191,0.000000000,0.000000000,1,224452.616346,329745,33554432,0.000,1.403046,0.018695,-1.010087,0.000000,0.000000,0.000000,0.000000,0.000000,-0.000000
30005815386,1763340352389071683,0.000000000,0.000000000,1,224452.623346,329745,33554432,0.000,1.403048,0.018695,-1.010088,0.000000,0.000000,0.000000,0.000000,0.000000,-0.000000
30012894305,1763340352396150583,0.000000000,0.000000000,1,224452.630346,329745,33554432,0.000,1.403045,0.018690,-1.010097,0.000000,0.000000,0.000000,0.000000,0.000000,-0.000000
30019699187,1763340352402955485,0.000000000,0.000000000,1,224452.637346,329745,33554432,0.000,1.403046,0.018685,-1.010101,0.000000,0.000000,0.000000,0.000000,0.000000,-0.000000
30026803328,1763340352410059570,0.000000000,0.000000000,1,224452.644346,329745,33554432,0.000,1.403058,0.018677,-1.010104,0.000000,0.000000,0.000000,0.000000,0.000000,-0.000000
30033730377,1763340352416986563,0.000000000,0.000000000,1,224452.651346,329745,33554432,0.000,1.403060,0.018672,-1.010110,0.000000,0.000000,0.000000,0.000000,0.000000,-0.000000
30040803055,1763340352424059352,0.000000000,0.000000000,1,224452.658346,329745,33554432,0.000,1.403052,0.018674,-1.010102,0.000000,0.000000,0.000000,0.000000,0.000000,-0.000000
30047710641,1763340352430966938,0.000000000,0.000000000,1,224452.665346,329745,33554432,0.000,1.403052,0.018676,-1.010108,0.000000,0.000000,0.000000,0.000000,0.000000,-0.000000
30054789671,1763340352438045968,0.000000000,0.000000000,1,224452.672346,329745,33554432,0.000,1.403061,0.018678,-1.010101,0.000000,0.000000,0.000000,0.000000,0.000000,-0.000000
30061704053,1763340352444960350,0.000000000,0.000000000,1,224452.679346,329745,33554432,0.000,1.403056,0.018681,-1.010098,0.000000,0.000000,0.000000,0.000000,0.000000,-0.000000
30068826990,1763340352452083269,0.000000000,0.000000000,1,224452.686346,329745,33554432,0.000,1.403064,0.018675,-1.010099,0.000000,0.000000,0.000000,0.000000,0.000000,-0.000000
30075734187,1763340352458990484,0.000000000,0.000000000,1,224452.693346,329745,33554432,0.000,1.403060,0.018671,-1.010098,0.000000,0.000000,0.000000,0.000000,0.000000,-0.000000
30082801143,1763340352466057422,0.000000000,0.000000000,1,224452.700346,329745,33554432,0.000,1.403069,0.018673,-1.010095,0.000000,0.000000,0.000000,0.000000,0.000000,-0.000000
30089763969,1763340352473020211,0.000000000,0.000000000,1,224452.707346,329745,33554432,0.000,1.403065,0.018679,-1.010091,0.000000,0.000000,0.000000,0.000000,0.000000,-0.000000
30096832925,1763340352480089222,0.000000000,0.000000000,1,224452.714346,329745,33554432,0.000,1.403070,0.018670,-1.010088,0.000000,0.000000,0.000000,0.000000,0.000000,-0.000000
30103742641,1763340352486998938,0.000000000,0.000000000,1,224452.721346,329745,33554432,0.000,1.403067,0.018670,-1.010086,0.000000,0.000000,0.000000,0.000000,0.000000,-0.000000
30110822819,1763340352494079116,0.000000000,0.000000000,1,224452.728346,329745,33554432,0.000,1.403058,0.018673,-1.010090,0.000000,0.000000,0.000000,0.000000,0.000000,-0.000000
30117755071,1763340352501011350,0.000000000,0.000000000,1,224452.735346,329745,33554432,0.000,1.403066,0.018675,-1.010087,0.000000,0.000000,0.000000,0.000000,0.000000,-0.000000
30125083007,1763340352508339268,0.000000000,0.000000000,1,224452.742346,329745,33554432,0.000,1.403064,0.018666,-1.010082,0.000000,0.000000,0.000000,0.000000,0.000000,-0.000000
30131697669,1763340352514953836,0.000000000,0.000000000,1,224452.749346,329745,33554432,0.000,1.403066,0.018674,-1.010076,0.000000,0.000000,0.000000,0.000000,0.000000,-0.000000
30138763717,1763340352522020014,0.000000000,0.000000000,1,224452.756346,329745,33554432,0.000,1.403063,0.018672,-1.010098,0.000000,0.000000,0.000000,0.000000,0.000000,-0.000000
30145697488,1763340352528953674,0.000000000,0.000000000,1,224452.763346,329745,33554432,0.000,1.403052,0.018662,-1.010099,0.000000,0.000000,0.000000,0.000000,0.000000,-0.000000
30152789481,1763340352536045778,0.000000000,0.000000000,1,224452.770346,329745,33554432,0.000,1.403053,0.018651,-1.010099,0.000000,0.000000,0.000000,0.000000,0.000000,-0.000000
30159752159,1763340352543008456,0.000000000,0.000000000,1,224452.777346,329745,33554432,0.000,1.403060,0.018659,-1.010099,0.000000,0.000000,0.000000,0.000000,0.000000,-0.000000
30166704800,1763340352549960968,0.000000000,0.000000000,1,224452.784346,329745,33554432,0.000,1.403044,0.018650,-1.010104,0.000000,0.000000,0.000000,0.000000,0.000000,-0.000000
30173789349,1763340352557045609,0.000000000,0.000000000,1,224452.791346,329745,33554432,0.000,1.403031,0.018648,-1.010109,0.000000,0.000000,0.000000,0.000000,0.000000,-0.000000
30180705620,1763340352563961825,0.000000000,0.000000000,1,224452.798346,329745,33554432,0.000,1.403033,0.018641,-1.010112,0.000000,0.000000,0.000000,0.000000,0.000000,-0.000000
30187782890,1763340352571039169,0.000000000,0.000000000,1,224452.805346,329745,33554432,0.000,1.403021,0.018641,-1.010118,0.000000,0.000000,0.000000,0.000000,0.000000,-0.000000
30194784402,1763340352578040681,0.000000000,0.000000000,1,224452.812346,329745,33554432,0.000,1.403029,0.018638,-1.010127,0.000000,0.000000,0.000000,0.000000,0.000000,-0.000000
30201717562,1763340352584973748,0.000000000,0.000000000,1,224452.819346,329745,33554432,0.000,1.403025,0.018643,-1.010126,0.000000,0.000000,0.000000,0.000000,0.000000,-0.000000
30208798573,1763340352592054759,0.000000000,0.000000000,1,224452.826346,329745,33554432,0.000,1.403025,0.018636,-1.010137,0.000000,0.000000,0.000000,0.000000,0.000000,-0.000000
30215710289,1763340352598966012,0.000000000,0.000000000,1,224452.833346,329745,33554432,0.000,1.403030,0.018639,-1.010137,0.000000,0.000000,0.000000,0.000000,0.000000,-0.000000
30222796226,1763340352606052523,0.000000000,0.000000000,1,224452.840346,329745,33554432,0.000,1.403025,0.018647,-1.010141,0.000000,0.000000,0.000000,0.000000,0.000000,-0.000000
30229798552,1763340352613054850,0.000000000,0.000000000,1,224452.847346,329745,33554432,0.000,1.403031,0.018649,-1.010147,0.000000,0.000000,0.000000,0.000000,0.000000,-0.000000
30236711657,1763340352619967825,0.000000000,0.000000000,1,224452.854346,329745,33554432,0.000,1.403039,0.018657,-1.010148,0.000000,0.000000,0.000000,0.000000,0.000000,-0.000000
30243825649,1763340352627081947,0.000000000,0.000000000,1,224452.861346,329745,33554432,0.000,1.403038,0.018658,-1.010146,0.000000,0.000000,0.000000,0.000000,0.000000,-0.000000
30250734013,1763340352633990292,0.000000000,0.000000000,1,224452.868346,329745,33554432,0.000,1.403037,0.018651,-1.010149,0.000000,0.000000,0.000000,0.000000,0.000000,-0.000000
30257802636,1763340352641058914,0.000000000,0.000000000,1,224452.875346,329745,33554432,0.000,1.403030,0.018650,-1.010157,0.000000,0.000000,0.000000,0.000000,0.000000,-0.000000
30264755295,1763340352648011574,0.000000000,0.000000000,1,224452.882346,329745,33554432,0.000,1.403034,0.018663,-1.010137,0.000000,0.000000,0.000000,0.000000,0.000000,-0.000000
30275542701,1763340352658798942,0.000000000,0.000000000,1,224452.889346,329745,33554432,0.000,1.403033,0.018666,-1.010145,0.000000,0.000000,0.000000,0.000000,0.000000,-0.000000
30278798096,1763340352662054375,0.000000000,0.000000000,1,224452.896346,329745,33554432,0.000,1.403046,0.018659,-1.010147,0.000000,0.000000,0.000000,0.000000,0.000000,-0.000000
30285762460,1763340352669018628,0.000000000,0.000000000,1,224452.903346,329745,33554432,0.000,1.403049,0.018645,-1.010143,0.000000,0.000000,0.000000,0.000000,0.000000,-0.000000
30292876767,1763340352676133065,0.000000000,0.000000000,1,224452.910346,329745,33554432,0.000,1.403054,0.018649,-1.010150,0.000000,0.000000,0.000000,0.000000,0.000000,-0.000000
30299802168,1763340352683058336,0.000000000,0.000000000,1,224452.917346,329745,33554432,0.000,1.403059,0.018639,-1.010150,0.000000,0.000000,0.000000,0.000000,0.000000,-0.000000
30306717328,1763340352689973607,0.000000000,0.000000000,1,224452.924346,329745,33554432,0.000,1.403064,0.018641,-1.010147,0.000000,0.000000,0.000000,0.000000,0.000000,-0.000000
30313784858,1763340352697041137,0.000000000,0.000000000,1,224452.931346,329745,33554432,0.000,1.403059,0.018639,-1.010152,0.000000,0.000000,0.000000,0.000000,0.000000,-0.000000
30320693499,1763340352703949797,0.000000000,0.000000000,1,224452.938346,329745,33554432,0.000,1.403054,0.018639,-1.010155,0.000000,0.000000,0.000000,0.000000,0.000000,-0.000000
30327795418,1763340352711051697,0.000000000,0.000000000,1,224452.945346,329745,33554432,0.000,1.403051,0.018641,-1.010158,0.000000,0.000000,0.000000,0.000000,0.000000,-0.000000
30334714004,1763340352717970283,0.000000000,0.000000000,1,224452.952346,329745,33554432,0.000,1.403051,0.018639,-1.010144,0.000000,0.000000,0.000000,0.000000,0.000000,-0.000000
30341792571,1763340352725048850,0.000000000,0.000000000,1,224452.959346,329745,33554432,0.000,1.403051,0.018639,-1.010136,0.000000,0.000000,0.000000,0.000000,0.000000,-0.000000
30348724286,1763340352731980454,0.000000000,0.000000000,1,224452.966346,329745,33554432,0.000,1.403059,0.018639,-1.010146,0.000000,0.000000,0.000000,0.000000,0.000000,-0.000000
30355713039,1763340352738968743,0.000000000,0.000000000,1,224452.973346,329745,33554432,0.000,1.403061,0.018630,-1.010146,0.000000,0.000000,0.000000,0.000000,0.000000,-0.000000
30362821050,1763340352746077347,0.000000000,0.000000000,1,224452.980346,329745,33554432,0.000,1.403056,0.018629,-1.010161,0.000000,0.000000,0.000000,0.000000,0.000000,-0.000000
30369819876,1763340352753076155,0.000000000,0.000000000,1,224452.987346,329745,33554432,0.000,1.403054,0.018632,-1.010163,0.000000,0.000000,0.000000,0.000000,0.000000,-0.000000
30376750573,1763340352760006741,0.000000000,0.000000000,1,224452.994346,329745,33554432,0.000,1.403049,0.018637,-1.010164,0.000000,0.000000,0.000000,0.000000,0.000000,-0.000000
30383694752,1763340352766951049,0.000000000,0.000000000,1,224453.001346,329745,33554432,0.000,1.403049,0.018633,-1.010168,0.000000,0.000000,0.000000,0.000000,0.000000,-0.000000
30390837966,1763340352774094264,0.000000000,0.000000000,1,224453.008346,329745,33554432,0.000,1.403044,0.018634,-1.010160,0.000000,0.000000,0.000000,0.000000,0.000000,-0.000000
30397758404,1763340352781014701,0.000000000,0.000000000,1,224453.015346,329745,33554432,0.000,1.403037,0.018631,-1.010162,0.000000,0.000000,0.000000,0.000000,0.000000,-0.000000
30404693897,1763340352787950065,0.000000000,0.000000000,1,224453.022346,329745,33554432,0.000,1.403037,0.018632,-1.010155,0.000000,0.000000,0.000000,0.000000,0.000000,-0.000000
30411761612,1763340352795017910,0.000000000,0.000000000,1,224453.029346,329745,33554432,0.000,1.403033,0.018631,-1.010155,0.000000,0.000000,0.000000,0.000000,0.000000,-0.000000
30418697680,1763340352801953847,0.000000000,0.000000000,1,224453.036346,329745,33554432,0.000,1.403025,0.018638,-1.010168,0.000000,0.000000,0.000000,0.000000,0.000000,-0.000000
30425764080,1763340352809020359,0.000000000,0.000000000,1,224453.043346,329745,33554432,0.000,1.403032,0.018644,-1.010175,0.000000,0.000000,0.000000,0.000000,0.000000,-0.000000
30432892017,1763340352816148296,0.000000000,0.000000000,1,224453.050346,329745,33554432,0.000,1.403030,0.018648,-1.010181,0.000000,0.000000,0.000000,0.000000,0.000000,-0.000000
30439821269,1763340352823077548,0.000000000,0.000000000,1,224453.057346,329745,33554432,0.000,1.403029,0.018655,-1.010184,0.000000,0.000000,0.000000,0.000000,0.000000,-0.000000
30446730263,1763340352829986560,0.000000000,0.000000000,1,224453.064346,329745,33554432,0.000,1.403027,0.018655,-1.010187,0.000000,0.000000,0.000000,0.000000,0.000000,-0.000000
30453796145,1763340352837052442,0.000000000,0.000000000,1,224453.071346,329745,33554432,0.000,1.403032,0.018653,-1.010199,0.000000,0.000000,0.000000,0.000000,0.000000,-0.000000
30460703323,1763340352843959621,0.000000000,0.000000000,1,224453.078346,329745,33554432,0.000,1.403034,0.018652,-1.010199,0.000000,0.000000,0.000000,0.000000,0.000000,-0.000000
30467834612,1763340352851090761,0.000000000,0.000000000,1,224453.085346,329745,33554432,0.000,1.403046,0.018657,-1.010201,0.000000,0.000000,0.000000,0.000000,0.000000,-0.000000
30474743235,1763340352857999514,0.000000000,0.000000000,1,224453.092346,329745,33554432,0.000,1.403051,0.018654,-1.010203,0.000000,0.000000,0.000000,0.000000,0.000000,-0.000000
30481810135,1763340352865066414,0.000000000,0.000000000,1,224453.099346,329745,33554432,0.000,1.403059,0.018652,-1.010208,0.000000,0.000000,0.000000,0.000000,0.000000,-0.000000
30488718351,1763340352871974648,0.000000000,0.000000000,1,224453.106346,329745,33554432,0.000,1.403062,0.018664,-1.010210,0.000000,0.000000,0.000000,0.000000,0.000000,-0.000000
30495830751,1763340352879087030,0.000000000,0.000000000,1,224453.113346,329745,33554432,0.000,1.403058,0.018671,-1.010211,0.000000,0.000000,0.000000,0.000000,0.000000,-0.000000
30502739226,1763340352885995393,0.000000000,0.000000000,1,224453.120346,329745,33554432,0.000,1.403065,0.018675,-1.010215,0.000000,0.000000,0.000000,0.000000,0.000000,-0.000000
30509835107,1763340352893091386,0.000000000,0.000000000,1,224453.127346,329745,33554432,0.000,1.403059,0.018678,-1.010211,0.000000,0.000000,0.000000,0.000000,0.000000,-0.000000
30516772619,1763340352900028787,0.000000000,0.000000000,1,224453.134346,329745,33554432,0.000,1.403063,0.018685,-1.010202,0.000000,0.000000,0.000000,0.000000,0.000000,-0.000000
30523840445,1763340352907096743,0.000000000,0.000000000,1,224453.141346,329745,33554432,0.000,1.403070,0.018684,-1.010196,0.000000,0.000000,0.000000,0.000000,0.000000,-0.000000
30530784976,1763340352914041254,0.000000000,0.000000000,1,224453.148346,329745,33554432,0.000,1.403063,0.018674,-1.010198,0.000000,0.000000,0.000000,0.000000,0.000000,-0.000000
30537748172,1763340352921004340,0.000000000,0.000000000,1,224453.155346,329745,33554432,0.000,1.403065,0.018669,-1.010198,0.000000,0.000000,0.000000,0.000000,0.000000,-0.000000
30544829758,1763340352928085963,0.000000000,0.000000000,1,224453.162346,329745,33554432,0.000,1.403068,0.018654,-1.010192,0.000000,0.000000,0.000000,0.000000,0.000000,-0.000000
30551749196,1763340352935005456,0.000000000,0.000000000,1,224453.169346,329745,33554432,0.000,1.403069,0.018656,-1.010187,0.000000,0.000000,0.000000,0.000000,0.000000,-0.000000
30558825188,1763340352942081467,0.000000000,0.000000000,1,224453.176346,329745,33554432,0.000,1.403081,0.018656,-1.010188,0.000000,0.000000,0.000000,0.000000,0.000000,-0.000000
30565822737,1763340352949079034,0.000000000,0.000000000,1,224453.183346,329745,33554432,0.000,1.403080,0.018657,-1.010191,0.000000,0.000000,0.000000,0.000000,0.000000,-0.000000
30572889674,1763340352956145972,0.000000000,0.000000000,1,224453.190346,329745,33554432,0.000,1.403077,0.018653,-1.010188,0.000000,0.000000,0.000000,0.000000,0.000000,-0.000000
30579825093,1763340352963081391,0.000000000,0.000000000,1,224453.197346,329745,33554432,0.000,1.403083,0.018648,-1.010178,0.000000,0.000000,0.000000,0.000000,0.000000,-0.000000
30586748087,1763340352970004366,0.000000000,0.000000000,1,224453.204346,329745,33554432,0.000,1.403075,0.018642,-1.010187,0.000000,0.000000,0.000000,0.000000,0.000000,-0.000000
30593825876,1763340352977082173,0.000000000,0.000000000,1,224453.211346,329745,33554432,0.000,1.403081,0.018637,-1.010184,0.000000,0.000000,0.000000,0.000000,0.000000,-0.000000
30600750036,1763340352984006315,0.000000000,0.000000000,1,224453.218346,329745,33554432,0.000,1.403075,0.018634,-1.010190,0.000000,0.000000,0.000000,0.000000,0.000000,-0.000000
30607820158,1763340352991076455,0.000000000,0.000000000,1,224453.225346,329745,33554432,0.000,1.403076,0.018634,-1.010189,0.000000,0.000000,0.000000,0.000000,0.000000,-0.000000
30614727892,1763340352997984190,0.000000000,0.000000000,1,224453.232346,329745,33554432,0.000,1.403078,0.018638,-1.010190,0.000000,0.000000,0.000000,0.000000,0.000000,-0.000000
30621794792,1763340353005051090,0.000000000,0.000000000,1,224453.239346,329745,33554432,0.000,1.403082,0.018636,-1.010186,0.000000,0.000000,0.000000,0.000000,0.000000,-0.000000
30628742230,1763340353011998509,0.000000000,0.000000000,1,224453.246346,329745,33554432,0.000,1.403091,0.018626,-1.010205,0.000000,0.000000,0.000000,0.000000,0.000000,-0.000000
30635821760,1763340353019078057,0.000000000,0.000000000,1,224453.253346,329745,33554432,0.000,1.403092,0.018623,-1.010211,0.000000,0.000000,0.000000,0.000000,0.000000,-0.000000
30642731735,1763340353025988014,0.000000000,0.000000000,1,224453.260346,329745,33554432,0.000,1.403097,0.018627,-1.010209,0.000000,0.000000,0.000000,0.000000,0.000000,-0.000000
30649836079,1763340353033092377,0.000000000,0.000000000,1,224453.267346,329745,33554432,0.000,1.403104,0.018619,-1.010205,0.000000,0.000000,0.000000,0.000000,0.000000,-0.000000
30656746054,1763340353040002333,0.000000000,0.000000000,1,224453.274346,329745,33554432,0.000,1.403106,0.018627,-1.010212,0.000000,0.000000,0.000000,0.000000,0.000000,-0.000000
30663699325,1763340353046955456,0.000000000,0.000000000,1,224453.281346,329745,33554432,0.000,1.403095,0.018629,-1.010215,0.000000,0.000000,0.000000,0.000000,0.000000,-0.000000
30670767892,1763340353054024189,0.000000000,0.000000000,1,224453.288346,329745,33554432,0.000,1.403097,0.018641,-1.010209,0.000000,0.000000,0.000000,0.000000,0.000000,-0.000000
30677698515,1763340353060954812,0.000000000,0.000000000,1,224453.295346,329745,33554432,0.000,1.403100,0.018632,-1.010205,0.000000,0.000000,0.000000,0.000000,0.000000,-0.000000
30684780711,1763340353068036990,0.000000000,0.000000000,1,224453.302346,329745,33554432,0.000,1.403093,0.018637,-1.010196,0.000000,0.000000,0.000000,0.000000,0.000000,-0.000000
30691730964,1763340353074987261,0.000000000,0.000000000,1,224453.309346,329745,33554432,0.000,1.403091,0.018631,-1.010197,0.000000,0.000000,0.000000,0.000000,0.000000,-0.000000
30698815290,1763340353082071569,0.000000000,0.000000000,1,224453.316346,329745,33554432,0.000,1.403087,0.018629,-1.010208,0.000000,0.000000,0.000000,0.000000,0.000000,-0.000000
30705735376,1763340353088991562,0.000000000,0.000000000,1,224453.323346,329745,33554432,0.000,1.403093,0.018624,-1.010210,0.000000,0.000000,0.000000,0.000000,0.000000,-0.000000
30712823313,1763340353096079610,0.000000000,0.000000000,1,224453.330346,329745,33554432,0.000,1.403098,0.018621,-1.010207,0.000000,0.000000,0.000000,0.000000,0.000000,-0.000000
30719805936,1763340353103062215,0.000000000,0.000000000,1,224453.337346,329745,33554432,0.000,1.403097,0.018628,-1.010213,0.000000,0.000000,0.000000,0.000000,0.000000,-0.000000
30726750799,1763340353110006893,0.000000000,0.000000000,1,224453.344346,329745,33554432,0.000,1.403102,0.018633,-1.010219,0.000000,0.000000,0.000000,0.000000,0.000000,-0.000000
30733834607,1763340353117090886,0.000000000,0.000000000,1,224453.351346,329745,33554432,0.000,1.403096,0.018628,-1.010223,0.000000,0.000000,0.000000,0.000000,0.000000,-0.000000
30740770656,1763340353124026935,0.000000000,0.000000000,1,224453.358346,329745,33554432,0.000,1.403101,0.018620,-1.010211,0.000000,0.000000,0.000000,0.000000,0.000000,-0.000000
30747839408,1763340353131095705,0.000000000,0.000000000,1,224453.365346,329745,33554432,0.000,1.403100,0.018617,-1.010219,0.000000,0.000000,0.000000,0.000000,0.000000,-0.000000
30754762475,1763340353138018773,0.000000000,0.000000000,1,224453.372346,329745,33554432,0.000,1.403098,0.018620,-1.010232,0.000000,0.000000,0.000000,0.000000,0.000000,-0.000000
30761829264,1763340353145085562,0.000000000,0.000000000,1,224453.379346,329745,33554432,0.000,1.403090,0.018625,-1.010226,0.000000,0.000000,0.000000,0.000000,0.000000,-0.000000
30768801202,1763340353152057481,0.000000000,0.000000000,1,224453.386346,329745,33554432,0.000,1.403090,0.018624,-1.010240,0.000000,0.000000,0.000000,0.000000,0.000000,-0.000000
30775829806,1763340353159086011,0.000000000,0.000000000,1,224453.393346,329745,33554432,0.000,1.403087,0.018627,-1.010240,0.000000,0.000000,0.000000,0.000000,0.000000,-0.000000
30782713744,1763340353165969930,0.000000000,0.000000000,1,224453.400346,329745,33554432,0.000,1.403081,0.018628,-1.010224,0.000000,0.000000,0.000000,0.000000,0.000000,-0.000000
30789765626,1763340353173021645,0.000000000,0.000000000,1,224453.407346,329745,33554432,0.000,1.403080,0.018635,-1.010224,0.000000,0.000000,0.000000,0.000000,0.000000,-0.000000
30796714063,1763340353179970361,0.000000000,0.000000000,1,224453.414346,329745,33554432,0.000,1.403077,0.018641,-1.010212,0.000000,0.000000,0.000000,0.000000,0.000000,-0.000000
30803757649,1763340353187013928,0.000000000,0.000000000,1,224453.421346,329745,33554432,0.000,1.403072,0.018639,-1.010214,0.000000,0.000000,0.000000,0.000000,0.000000,-0.000000
30810835216,1763340353194091494,0.000000000,0.000000000,1,224453.428346,329745,33554432,0.000,1.403069,0.018635,-1.010203,0.000000,0.000000,0.000000,0.000000,0.000000,-0.000000
30817756468,1763340353201012766,0.000000000,0.000000000,1,224453.435346,329745,33554432,0.000,1.403072,0.018644,-1.010204,0.000000,0.000000,0.000000,0.000000,0.000000,-0.000000
30824823757,1763340353208080036,0.000000000,0.000000000,1,224453.442346,329745,33554432,0.000,1.403079,0.018640,-1.010209,0.000000,0.000000,0.000000,0.000000,0.000000,-0.000000
30831804269,1763340353215060548,0.000000000,0.000000000,1,224453.449346,329745,33554432,0.000,1.403085,0.018645,-1.010210,0.000000,0.000000,0.000000,0.000000,0.000000,-0.000000
30838723059,1763340353221979356,0.000000000,0.000000000,1,224453.456346,329745,33554432,0.000,1.403082,0.018637,-1.010209,0.000000,0.000000,0.000000,0.000000,0.000000,-0.000000
30845800977,1763340353229056923,0.000000000,0.000000000,1,224453.463346,329745,33554432,0.000,1.403081,0.018629,-1.010203,0.000000,0.000000,0.000000,0.000000,0.000000,-0.000000
30852911488,1763340353236167582,0.000000000,0.000000000,1,224453.470346,329745,33554432,0.000,1.403073,0.018632,-1.010192,0.000000,0.000000,0.000000,0.000000,0.000000,-0.000000
30859857408,1763340353243113575,0.000000000,0.000000000,1,224453.477346,329745,33554432,0.000,1.403067,0.018631,-1.010195,0.000000,0.000000,0.000000,0.000000,0.000000,-0.000000
30866835067,1763340353250091346,0.000000000,0.000000000,1,224453.484346,329745,33554432,0.000,1.403064,0.018632,-1.010195,0.000000,0.000000,0.000000,0.000000,0.000000,-0.000000
30873779283,1763340353257035580,0.000000000,0.000000000,1,224453.491346,329745,33554432,0.000,1.403070,0.018630,-1.010195,0.000000,0.000000,0.000000,0.000000,0.000000,-0.000000
30880848165,1763340353264104443,0.000000000,0.000000000,1,224453.498346,329745,33554432,0.000,1.403075,0.018630,-1.010189,0.000000,0.000000,0.000000,0.000000,0.000000,-0.000000
30887756602,1763340353271012900,0.000000000,0.000000000,1,224453.505346,329745,33554432,0.000,1.403072,0.018634,-1.010190,0.000000,0.000000,0.000000,0.000000,0.000000,-0.000000
30894727744,1763340353277984023,0.000000000,0.000000000,1,224453.512346,329745,33554432,0.000,1.403086,0.018637,-1.010198,0.000000,0.000000,0.000000,0.000000,0.000000,-0.000000
30901797273,1763340353285053441,0.000000000,0.000000000,1,224453.519346,329745,33554432,0.000,1.403080,0.018634,-1.010193,0.000000,0.000000,0.000000,0.000000,0.000000,-0.000000
30908864933,1763340353292121230,0.000000000,0.000000000,1,224453.526346,329745,33554432,0.000,1.403080,0.018634,-1.010193,0.000000,0.000000,0.000000,0.000000,0.000000,-0.000000
30915783797,1763340353299040076,0.000000000,0.000000000,1,224453.533346,329745,33554432,0.000,1.403080,0.018634,-1.010191,0.000000,0.000000,0.000000,0.000000,0.000000,-0.000000
30922866734,1763340353306123013,0.000000000,0.000000000,1,224453.540346,329745,33554432,0.000,1.403082,0.018617,-1.010200,0.000000,0.000000,0.000000,0.000000,0.000000,-0.000000
30929817134,1763340353313073413,0.000000000,0.000000000,1,224453.547346,329745,33554432,0.000,1.403076,0.018621,-1.010201,0.000000,0.000000,0.000000,0.000000,0.000000,-0.000000
30936724850,1763340353319981129,0.000000000,0.000000000,1,224453.554346,329745,33554432,0.000,1.403087,0.018628,-1.010197,0.000000,0.000000,0.000000,0.000000,0.000000,-0.000000
30943792361,1763340353327048640,0.000000000,0.000000000,1,224453.561346,329745,33554432,0.000,1.403091,0.018632,-1.010193,0.000000,0.000000,0.000000,0.000000,0.000000,-0.000000
30950870076,1763340353334126355,0.000000000,0.000000000,1,224453.568346,329745,33554432,0.000,1.403090,0.018633,-1.010191,0.000000,0.000000,0.000000,0.000000,0.000000,-0.000000
30957792403,1763340353341048682,0.000000000,0.000000000,1,224453.575346,329745,33554432,0.000,1.403097,0.018641,-1.010187,0.000000,0.000000,0.000000,0.000000,0.000000,-0.000000
30964736489,1763340353347992768,0.000000000,0.000000000,1,224453.582346,329745,33554432,0.000,1.403098,0.018633,-1.010175,0.000000,0.000000,0.000000,0.000000,0.000000,-0.000000
30971828833,1763340353355085131,0.000000000,0.000000000,1,224453.589346,329745,33554432,0.000,1.403102,0.018632,-1.010167,0.000000,0.000000,0.000000,0.000000,0.000000,-0.000000
30978750197,1763340353362006495,0.000000000,0.000000000,1,224453.596346,329745,33554432,0.000,1.403101,0.018628,-1.010179,0.000000,0.000000,0.000000,0.000000,0.000000,-0.000000
30985828023,1763340353369084321,0.000000000,0.000000000,1,224453.603346,329745,33554432,0.000,1.403097,0.018627,-1.010177,0.000000,0.000000,0.000000,0.000000,0.000000,-0.000000
30992763257,1763340353376019536,0.000000000,0.000000000,1,224453.610346,329745,33554432,0.000,1.403091,0.018626,-1.010171,0.000000,0.000000,0.000000,0.000000,0.000000,-0.000000
30999866398,1763340353383122677,0.000000000,0.000000000,1,224453.617346,329745,33554432,0.000,1.403091,0.018623,-1.010166,0.000000,0.000000,0.000000,0.000000,0.000000,-0.000000
31006781373,1763340353390037652,0.000000000,0.000000000,1,224453.624346,329745,33554432,0.000,1.403098,0.018628,-1.010172,0.000000,0.000000,0.000000,0.000000,0.000000,-0.000000
31013847810,1763340353397104089,0.000000000,0.000000000,1,224453.631346,329745,33554432,0.000,1.403096,0.018632,-1.010176,0.000000,0.000000,0.000000,0.000000,0.000000,-0.000000
31020756267,1763340353404012545,0.000000000,0.000000000,1,224453.638346,329745,33554432,0.000,1.403093,0.018630,-1.010175,0.000000,0.000000,0.000000,0.000000,0.000000,-0.000000
31027860130,1763340353411116427,0.000000000,0.000000000,1,224453.645346,329745,33554432,0.000,1.403103,0.018631,-1.010171,0.000000,0.000000,0.000000,0.000000,0.000000,-0.000000
31034866808,1763340353418123105,0.000000000,0.000000000,1,224453.652346,329745,33554432,0.000,1.403092,0.018632,-1.010180,0.000000,0.000000,0.000000,0.000000,0.000000,-0.000000
31041787505,1763340353425043802,0.000000000,0.000000000,1,224453.659346,329745,33554432,0.000,1.403096,0.018635,-1.010185,0.000000,0.000000,0.000000,0.000000,0.000000,-0.000000
31048853201,1763340353432109499,0.000000000,0.000000000,1,224453.666346,329745,33554432,0.000,1.403103,0.018638,-1.010194,0.000000,0.000000,0.000000,0.000000,0.000000,-0.000000
31055761935,1763340353439018214,0.000000000,0.000000000,1,224453.673346,329745,33554432,0.000,1.403105,0.018636,-1.010187,0.000000,0.000000,0.000000,0.000000,0.000000,-0.000000
31062828632,1763340353446084929,0.000000000,0.000000000,1,224453.680346,329745,33554432,0.000,1.403108,0.018646,-1.010197,0.000000,0.000000,0.000000,0.000000,0.000000,-0.000000
31069803162,1763340353453059441,0.000000000,0.000000000,1,224453.687346,329745,33554432,0.000,1.403113,0.018644,-1.010198,0.000000,0.000000,0.000000,0.000000,0.000000,-0.000000
31076882451,1763340353460138730,0.000000000,0.000000000,1,224453.694346,329745,33554432,0.000,1.403123,0.018628,-1.010202,0.000000,0.000000,0.000000,0.000000,0.000000,-0.000000
31083802704,1763340353467058983,0.000000000,0.000000000,1,224453.701346,329745,33554432,0.000,1.403124,0.018625,-1.010206,0.000000,0.000000,0.000000,0.000000,0.000000,-0.000000
31090887956,1763340353474144253,0.000000000,0.000000000,1,224453.708346,329745,33554432,0.000,1.403128,0.018611,-1.010223,0.000000,0.000000,0.000000,0.000000,0.000000,-0.000000
31097796431,1763340353481052709,0.000000000,0.000000000,1,224453.715346,329745,33554432,0.000,1.403130,0.018617,-1.010219,0.000000,0.000000,0.000000,0.000000,0.000000,-0.000000
31104874609,1763340353488130887,0.000000000,0.000000000,1,224453.722346,329745,33554432,0.000,1.403133,0.018618,-1.010219,0.000000,0.000000,0.000000,0.000000,0.000000,-0.000000
31111793565,1763340353495049862,0.000000000,0.000000000,1,224453.729346,329745,33554432,0.000,1.403127,0.018615,-1.010223,0.000000,0.000000,0.000000,0.000000,0.000000,-0.000000
31118859410,1763340353502115688,0.000000000,0.000000000,1,224453.736346,329745,33554432,0.000,1.403139,0.018609,-1.010228,0.000000,0.000000,0.000000,0.000000,0.000000,-0.000000
31125767551,1763340353509023848,0.000000000,0.000000000,1,224453.743346,329745,33554432,0.000,1.403126,0.018606,-1.010225,0.000000,0.000000,0.000000,0.000000,0.000000,-0.000000
31132866988,1763340353516123267,0.000000000,0.000000000,1,224453.750346,329745,33554432,0.000,1.403125,0.018609,-1.010230,0.000000,0.000000,0.000000,0.000000,0.000000,-0.000000
31139786241,1763340353523042520,0.000000000,0.000000000,1,224453.757346,329745,33554432,0.000,1.403121,0.018603,-1.010224,0.000000,0.000000,0.000000,0.000000,0.000000,-0.000000
31146869993,1763340353530126290,0.000000000,0.000000000,1,224453.764346,329745,33554432,0.000,1.403118,0.018603,-1.010218,0.000000,0.000000,0.000000,0.000000,0.000000,-0.000000
31153791819,1763340353537048117,0.000000000,0.000000000,1,224453.771346,329745,33554432,0.000,1.403115,0.018606,-1.010217,0.000000,0.000000,0.000000,0.000000,0.000000,-0.000000
31160860905,1763340353544117202,0.000000000,0.000000000,1,224453.778346,329745,33554432,0.000,1.403108,0.018598,-1.010210,0.000000,0.000000,0.000000,0.000000,0.000000,-0.000000
31167827879,1763340353551084177,0.000000000,0.000000000,1,224453.785346,329745,33554432,0.000,1.403103,0.018608,-1.010201,0.000000,0.000000,0.000000,0.000000,0.000000,-0.000000
31174908298,1763340353558164577,0.000000000,0.000000000,1,224453.792346,329745,33554432,0.000,1.403095,0.018605,-1.010199,0.000000,0.000000,0.000000,0.000000,0.000000,-0.000000
31181832477,1763340353565088755,0.000000000,0.000000000,1,224453.799346,329745,33554432,0.000,1.403092,0.018596,-1.010196,0.000000,0.000000,0.000000,0.000000,0.000000,-0.000000
31188767396,1763340353572023693,0.000000000,0.000000000,1,224453.806346,329745,33554432,0.000,1.403075,0.018590,-1.010203,0.000000,0.000000,0.000000,0.000000,0.000000,-0.000000
31195875963,1763340353579132241,0.000000000,0.000000000,1,224453.813346,329745,33554432,0.000,1.403072,0.018595,-1.010202,0.000000,0.000000,0.000000,0.000000,0.000000,-0.000000
31202801548,1763340353586057716,0.000000000,0.000000000,1,224453.820346,329745,33554432,0.000,1.403068,0.018595,-1.010209,0.000000,0.000000,0.000000,0.000000,0.000000,-0.000000
31209769727,1763340353593026024,0.000000000,0.000000000,1,224453.827346,329745,33554432,0.000,1.403067,0.018586,-1.010215,0.000000,0.000000,0.000000,0.000000,0.000000,-0.000000
31216839942,1763340353600096110,0.000000000,0.000000000,1,224453.834346,329745,33554432,0.000,1.403081,0.018582,-1.010227,0.000000,0.000000,0.000000,0.000000,0.000000,-0.000000
31223909286,1763340353607165565,0.000000000,0.000000000,1,224453.841346,329745,33554432,0.000,1.403083,0.018575,-1.010223,0.000000,0.000000,0.000000,0.000000,0.000000,-0.000000
31230874576,1763340353614130855,0.000000000,0.000000000,1,224453.848346,329745,33554432,0.000,1.403066,0.018587,-1.010231,0.000000,0.000000,0.000000,0.000000,0.000000,-0.000000
31237784014,1763340353621040293,0.000000000,0.000000000,1,224453.855346,329745,33554432,0.000,1.403067,0.018590,-1.010225,0.000000,0.000000,0.000000,0.000000,0.000000,-0.000000
31244709026,1763340353627965304,0.000000000,0.000000000,1,224453.862346,329745,33554432,0.000,1.403067,0.018595,-1.010224,0.000000,0.000000,0.000000,0.000000,0.000000,-0.000000
31251777278,1763340353635033575,0.000000000,0.000000000,1,224453.869346,329745,33554432,0.000,1.403061,0.018594,-1.010231,0.000000,0.000000,0.000000,0.000000,0.000000,-0.000000
31258847159,1763340353642103438,0.000000000,0.000000000,1,224453.876346,329745,33554432,0.000,1.403059,0.018589,-1.010247,0.000000,0.000000,0.000000,0.000000,0.000000,-0.000000
31265784745,1763340353649041043,0.000000000,0.000000000,1,224453.883346,329745,33554432,0.000,1.403049,0.018592,-1.010241,0.000000,0.000000,0.000000,0.000000,0.000000,-0.000000
31275574950,1763340353658831303,0.000000000,0.000000000,1,224453.890346,329745,33554432,0.000,1.403050,0.018592,-1.010232,0.000000,0.000000,0.000000,0.000000,0.000000,-0.000000
31279836027,1763340353663092306,0.000000000,0.000000000,1,224453.897346,329745,33554432,0.000,1.403056,0.018580,-1.010245,0.000000,0.000000,0.000000,0.000000,0.000000,-0.000000
31286784447,1763340353670040744,0.000000000,0.000000000,1,224453.904346,329745,33554432,0.000,1.403052,0.018575,-1.010240,0.000000,0.000000,0.000000,0.000000,0.000000,-0.000000
31293771829,1763340353677028107,0.000000000,0.000000000,1,224453.911346,329745,33554432,0.000,1.403051,0.018587,-1.010242,0.000000,0.000000,0.000000,0.000000,0.000000,-0.000000
31300838599,1763340353684094878,0.000000000,0.000000000,1,224453.918346,329745,33554432,0.000,1.403062,0.018573,-1.010242,0.000000,0.000000,0.000000,0.000000,0.000000,-0.000000
31307747704,1763340353691004001,0.000000000,0.000000000,1,224453.925346,329745,33554432,0.000,1.403062,0.018580,-1.010241,0.000000,0.000000,0.000000,0.000000,0.000000,-0.000000
31314826956,1763340353698083253,0.000000000,0.000000000,1,224453.932346,329745,33554432,0.000,1.403065,0.018582,-1.010243,0.000000,0.000000,0.000000,0.000000,0.000000,-0.000000
31321747227,1763340353705003506,0.000000000,0.000000000,1,224453.939346,329745,33554432,0.000,1.403067,0.018589,-1.010245,0.000000,0.000000,0.000000,0.000000,0.000000,-0.000000
31328857090,1763340353712113387,0.000000000,0.000000000,1,224453.946346,329745,33554432,0.000,1.403064,0.018588,-1.010252,0.000000,0.000000,0.000000,0.000000,0.000000,-0.000000
31335765565,1763340353719021843,0.000000000,0.000000000,1,224453.953346,329745,33554432,0.000,1.403065,0.018591,-1.010255,0.000000,0.000000,0.000000,0.000000,0.000000,-0.000000
31342832224,1763340353726088503,0.000000000,0.000000000,1,224453.960346,329745,33554432,0.000,1.403061,0.018586,-1.010258,0.000000,0.000000,0.000000,0.000000,0.000000,-0.000000
31349816532,1763340353733072700,0.000000000,0.000000000,1,224453.967346,329745,33554432,0.000,1.403065,0.018590,-1.010252,0.000000,0.000000,0.000000,0.000000,0.000000,-0.000000
31356798266,1763340353740054434,0.000000000,0.000000000,1,224453.974346,329745,33554432,0.000,1.403069,0.018588,-1.010241,0.000000,0.000000,0.000000,0.000000,0.000000,-0.000000
31363785481,1763340353747041297,0.000000000,0.000000000,1,224453.981346,329745,33554432,0.000,1.403061,0.018594,-1.010239,0.000000,0.000000,0.000000,0.000000,0.000000,-0.000000
31370853141,1763340353754109438,0.000000000,0.000000000,1,224453.988346,329745,33554432,0.000,1.403054,0.018584,-1.010247,0.000000,0.000000,0.000000,0.000000,0.000000,-0.000000
31377822782,1763340353761079061,0.000000000,0.000000000,1,224453.995346,329745,33554432,0.000,1.403047,0.018587,-1.010241,0.000000,0.000000,0.000000,0.000000,0.000000,-0.000000
31384744905,1763340353768001184,0.000000000,0.000000000,1,224454.002346,329745,33554432,0.000,1.403044,0.018592,-1.010248,0.000000,0.000000,0.000000,0.000000,0.000000,-0.000000
31391853490,1763340353775109769,0.000000000,0.000000000,1,224454.009346,329745,33554432,0.000,1.403037,0.018596,-1.010240,0.000000,0.000000,0.000000,0.000000,0.000000,-0.000000
31398762484,1763340353782018762,0.000000000,0.000000000,1,224454.016346,329745,33554432,0.000,1.403048,0.018598,-1.010246,0.000000,0.000000,0.000000,0.000000,0.000000,-0.000000
31405841347,1763340353789097625,0.000000000,0.000000000,1,224454.023346,329745,33554432,0.000,1.403057,0.018599,-1.010242,0.000000,0.000000,0.000000,0.000000,0.000000,-0.000000
31412911191,1763340353796167489,0.000000000,0.000000000,1,224454.030346,329745,33554432,0.000,1.403052,0.018605,-1.010240,0.000000,0.000000,0.000000,0.000000,0.000000,-0.000000
31419785740,1763340353803041964,0.000000000,0.000000000,1,224454.037346,329745,33554432,0.000,1.403049,0.018608,-1.010242,0.000000,0.000000,0.000000,0.000000,0.000000,-0.000000
31426748067,1763340353810004086,0.000000000,0.000000000,1,224454.044346,329745,33554432,0.000,1.403065,0.018607,-1.010247,0.000000,0.000000,0.000000,0.000000,0.000000,-0.000000
31433817337,1763340353817073635,0.000000000,0.000000000,1,224454.051346,329745,33554432,0.000,1.403061,0.018604,-1.010248,0.000000,0.000000,0.000000,0.000000,0.000000,-0.000000
31440725460,1763340353823981739,0.000000000,0.000000000,1,224454.058346,329745,33554432,0.000,1.403043,0.018599,-1.010243,0.000000,0.000000,0.000000,0.000000,0.000000,-0.000000
31447794509,1763340353831050788,0.000000000,0.000000000,1,224454.065346,329745,33554432,0.000,1.403052,0.018596,-1.010233,0.000000,0.000000,0.000000,0.000000,0.000000,-0.000000
31454876853,1763340353838133151,0.000000000,0.000000000,1,224454.072346,329745,33554432,0.000,1.403047,0.018600,-1.010226,0.000000,0.000000,0.000000,0.000000,0.000000,-0.000000
31461798124,1763340353845054403,0.000000000,0.000000000,1,224454.079346,329745,33554432,0.000,1.403049,0.018600,-1.010224,0.000000,0.000000,0.000000,0.000000,0.000000,-0.000000
31468733803,1763340353851989971,0.000000000,0.000000000,1,224454.086346,329745,33554432,0.000,1.403051,0.018593,-1.010223,0.000000,0.000000,0.000000,0.000000,0.000000,-0.000000
31475802518,1763340353859058797,0.000000000,0.000000000,1,224454.093346,329745,33554432,0.000,1.403042,0.018588,-1.010214,0.000000,0.000000,0.000000,0.000000,0.000000,-0.000000
31482880955,1763340353866137234,0.000000000,0.000000000,1,224454.100346,329745,33554432,0.000,1.403043,0.018582,-1.010228,0.000000,0.000000,0.000000,0.000000,0.000000,-0.000000
31489854300,1763340353873110560,0.000000000,0.000000000,1,224454.107346,329745,33554432,0.000,1.403040,0.018591,-1.010236,0.000000,0.000000,0.000000,0.000000,0.000000,-0.000000
31496764201,1763340353880020498,0.000000000,0.000000000,1,224454.114346,329745,33554432,0.000,1.403051,0.018592,-1.010228,0.000000,0.000000,0.000000,0.000000,0.000000,-0.000000
31503831268,1763340353887087547,0.000000000,0.000000000,1,224454.121346,329745,33554432,0.000,1.403044,0.018592,-1.010226,0.000000,0.000000,0.000000,0.000000,0.000000,-0.000000
31510755280,1763340353894011558,0.000000000,0.000000000,1,224454.128346,329745,33554432,0.000,1.403045,0.018590,-1.010223,0.000000,0.000000,0.000000,0.000000,0.000000,-0.000000
31517823458,1763340353901079736,0.000000000,0.000000000,1,224454.135346,329745,33554432,0.000,1.403040,0.018580,-1.010222,0.000000,0.000000,0.000000,0.000000,0.000000,-0.000000
31524747099,1763340353908003378,0.000000000,0.000000000,1,224454.142346,329745,33554432,0.000,1.403044,0.018578,-1.010233,0.000000,0.000000,0.000000,0.000000,0.000000,-0.000000
31531755203,1763340353915011482,0.000000000,0.000000000,1,224454.149346,329745,33554432,0.000,1.403041,0.018581,-1.010225,0.000000,0.000000,0.000000,0.000000,0.000000,-0.000000
31538841844,1763340353922098123,0.000000000,0.000000000,1,224454.156346,329745,33554432,0.000,1.403039,0.018578,-1.010237,0.000000,0.000000,0.000000,0.000000,0.000000,-0.000000
31545751560,1763340353929007839,0.000000000,0.000000000,1,224454.163346,329745,33554432,0.000,1.403034,0.018578,-1.010231,0.000000,0.000000,0.000000,0.000000,0.000000,-0.000000
31552836127,1763340353936092424,0.000000000,0.000000000,1,224454.170346,329745,33554432,0.000,1.403027,0.018583,-1.010240,0.000000,0.000000,0.000000,0.000000,0.000000,-0.000000
31559791009,1763340353943047306,0.000000000,0.000000000,1,224454.177346,329745,33554432,0.000,1.403023,0.018579,-1.010239,0.000000,0.000000,0.000000,0.000000,0.000000,-0.000000
31566749224,1763340353950005503,0.000000000,0.000000000,1,224454.184346,329745,33554432,0.000,1.403019,0.018580,-1.010233,0.000000,0.000000,0.000000,0.000000,0.000000,-0.000000
31573828050,1763340353957084329,0.000000000,0.000000000,1,224454.191346,329745,33554432,0.000,1.403020,0.018575,-1.010233,0.000000,0.000000,0.000000,0.000000,0.000000,-0.000000
31580893821,1763340353964150100,0.000000000,0.000000000,1,224454.198346,329745,33554432,0.000,1.403013,0.018569,-1.010239,0.000000,0.000000,0.000000,0.000000,0.000000,-0.000000
31587803147,1763340353971059426,0.000000000,0.000000000,1,224454.205346,329745,33554432,0.000,1.403000,0.018570,-1.010245,0.000000,0.000000,0.000000,0.000000,0.000000,-0.000000
31594754159,1763340353978010438,0.000000000,0.000000000,1,224454.212346,329745,33554432,0.000,1.403009,0.018557,-1.010247,0.000000,0.000000,0.000000,0.000000,0.000000,-0.000000
31601822967,1763340353985079264,0.000000000,0.000000000,1,224454.219346,329745,33554432,0.000,1.403001,0.018556,-1.010247,0.000000,0.000000,0.000000,0.000000,0.000000,-0.000000
31608891293,1763340353992147572,0.000000000,0.000000000,1,224454.226346,329745,33554432,0.000,1.403005,0.018552,-1.010258,0.000000,0.000000,0.000000,0.000000,0.000000,-0.000000
31615802360,1763340353999058658,0.000000000,0.000000000,1,224454.233346,329745,33554432,0.000,1.403003,0.018561,-1.010262,0.000000,0.000000,0.000000,0.000000,0.000000,-0.000000
31622872112,1763340354006128391,0.000000000,0.000000000,1,224454.240346,329745,33554432,0.000,1.403002,0.018552,-1.010270,0.000000,0.000000,0.000000,0.000000,0.000000,-0.000000
31629827698,1763340354013083977,0.000000000,0.000000000,1,224454.247346,329745,33554432,0.000,1.402995,0.018554,-1.010263,0.000000,0.000000,0.000000,0.000000,0.000000,-0.000000
31636894080,1763340354020150377,0.000000000,0.000000000,1,224454.254346,329745,33554432,0.000,1.403003,0.018554,-1.010262,0.000000,0.000000,0.000000,0.000000,0.000000,-0.000000
31643823814,1763340354027080111,0.000000000,0.000000000,1,224454.261346,329745,33554432,0.000,1.403003,0.018562,-1.010262,0.000000,0.000000,0.000000,0.000000,0.000000,-0.000000
31650760122,1763340354034016419,0.000000000,0.000000000,1,224454.268346,329745,33554432,0.000,1.403006,0.018559,-1.010268,0.000000,0.000000,0.000000,0.000000,0.000000,-0.000000
31657827522,1763340354041083801,0.000000000,0.000000000,1,224454.275346,329745,33554432,0.000,1.403010,0.018556,-1.010269,0.000000,0.000000,0.000000,0.000000,0.000000,-0.000000
31664781293,1763340354048037572,0.000000000,0.000000000,1,224454.282346,329745,33554432,0.000,1.403011,0.018561,-1.010264,0.000000,0.000000,0.000000,0.000000,0.000000,-0.000000
31671849823,1763340354055106102,0.000000000,0.000000000,1,224454.289346,329745,33554432,0.000,1.403011,0.018566,-1.010259,0.000000,0.000000,0.000000,0.000000,0.000000,-0.000000
31678766409,1763340354062022688,0.000000000,0.000000000,1,224454.296346,329745,33554432,0.000,1.403008,0.018570,-1.010287,0.000000,0.000000,0.000000,0.000000,0.000000,-0.000000
31685835291,1763340354069091570,0.000000000,0.000000000,1,224454.303346,329745,33554432,0.000,1.403009,0.018569,-1.010277,0.000000,0.000000,0.000000,0.000000,0.000000,-0.000000
31692936357,1763340354076192618,0.000000000,0.000000000,1,224454.310346,329745,33554432,0.000,1.403008,0.018577,-1.010271,0.000000,0.000000,0.000000,0.000000,0.000000,-0.000000
31699868110,1763340354083124389,0.000000000,0.000000000,1,224454.317346,329745,33554432,0.000,1.402997,0.018574,-1.010278,0.000000,0.000000,0.000000,0.000000,0.000000,-0.000000
31706827122,1763340354090083289,0.000000000,0.000000000,1,224454.324346,329745,33554432,0.000,1.402986,0.018573,-1.010285,0.000000,0.000000,0.000000,0.000000,0.000000,-0.000000
31713773948,1763340354097030227,0.000000000,0.000000000,1,224454.331346,329745,33554432,0.000,1.402986,0.018572,-1.010291,0.000000,0.000000,0.000000,0.000000,0.000000,-0.000000
31720851348,1763340354104107516,0.000000000,0.000000000,1,224454.338346,329745,33554432,0.000,1.402989,0.018588,-1.010282,0.000000,0.000000,0.000000,0.000000,0.000000,-0.000000
31727712231,1763340354110968399,0.000000000,0.000000000,1,224454.345346,329745,33554432,0.000,1.402982,0.018592,-1.010278,0.000000,0.000000,0.000000,0.000000,0.000000,-0.000000
31734827686,1763340354118083984,0.000000000,0.000000000,1,224454.352346,329745,33554432,0.000,1.402979,0.018589,-1.010279,0.000000,0.000000,0.000000,0.000000,0.000000,-0.000000
31741911383,1763340354125167662,0.000000000,0.000000000,1,224454.359346,329745,33554432,0.000,1.402979,0.018593,-1.010277,0.000000,0.000000,0.000000,0.000000,0.000000,-0.000000
31748837413,1763340354132093711,0.000000000,0.000000000,1,224454.366346,329745,33554432,0.000,1.402971,0.018585,-1.010282,0.000000,0.000000,0.000000,0.000000,0.000000,-0.000000
31755774925,1763340354139031204,0.000000000,0.000000000,1,224454.373346,329745,33554432,0.000,1.402963,0.018589,-1.010281,0.000000,0.000000,0.000000,0.000000,0.000000,-0.000000
31762697326,1763340354145953623,0.000000000,0.000000000,1,224454.380346,329745,33554432,0.000,1.402964,0.018587,-1.010292,0.000000,0.000000,0.000000,0.000000,0.000000,-0.000000
31769835818,1763340354153092097,0.000000000,0.000000000,1,224454.387346,329745,33554432,0.000,1.402965,0.018590,-1.010294,0.000000,0.000000,0.000000,0.000000,0.000000,-0.000000
31776840163,1763340354160096442,0.000000000,0.000000000,1,224454.394346,329745,33554432,0.000,1.402964,0.018594,-1.010296,0.000000,0.000000,0.000000,0.000000,0.000000,-0.000000
31783783397,1763340354167039676,0.000000000,0.000000000,1,224454.401346,329745,33554432,0.000,1.402971,0.018597,-1.010289,0.000000,0.000000,0.000000,0.000000,0.000000,-0.000000
31790784427,1763340354174040725,0.000000000,0.000000000,1,224454.408346,329745,33554432,0.000,1.402962,0.018593,-1.010287,0.000000,0.000000,0.000000,0.000000,0.000000,-0.000000
31797767791,1763340354181024088,0.000000000,0.000000000,1,224454.415346,329745,33554432,0.000,1.402958,0.018592,-1.010273,0.000000,0.000000,0.000000,0.000000,0.000000,-0.000000
31804698469,1763340354187954655,0.000000000,0.000000000,1,224454.422346,329745,33554432,0.000,1.402963,0.018599,-1.010266,0.000000,0.000000,0.000000,0.000000,0.000000,-0.000000
31811732314,1763340354194988593,0.000000000,0.000000000,1,224454.429346,329745,33554432,0.000,1.402959,0.018603,-1.010268,0.000000,0.000000,0.000000,0.000000,0.000000,-0.000000
31818780011,1763340354202036289,0.000000000,0.000000000,1,224454.436346,329745,33554432,0.000,1.402967,0.018597,-1.010281,0.000000,0.000000,0.000000,0.000000,0.000000,-0.000000
31825925910,1763340354209182189,0.000000000,0.000000000,1,224454.443346,329745,33554432,0.000,1.402980,0.018601,-1.010277,0.000000,0.000000,0.000000,0.000000,0.000000,-0.000000
31832893867,1763340354216150145,0.000000000,0.000000000,1,224454.450346,329745,33554432,0.000,1.402985,0.018609,-1.010288,0.000000,0.000000,0.000000,0.000000,0.000000,-0.000000
31839820545,1763340354223076898,0.000000000,0.000000000,1,224454.457346,329745,33554432,0.000,1.402990,0.018606,-1.010278,0.000000,0.000000,0.000000,0.000000,0.000000,-0.000000
31846745224,1763340354230001114,0.000000000,0.000000000,1,224454.464346,329745,33554432,0.000,1.402998,0.018608,-1.010281,0.000000,0.000000,0.000000,0.000000,0.000000,-0.000000
31853843790,1763340354237099940,0.000000000,0.000000000,1,224454.471346,329745,33554432,0.000,1.402997,0.018611,-1.010281,0.000000,0.000000,0.000000,0.000000,0.000000,-0.000000
31860772395,1763340354244028563,0.000000000,0.000000000,1,224454.478346,329745,33554432,0.000,1.403005,0.018611,-1.010264,0.000000,0.000000,0.000000,0.000000,0.000000,-0.000000
31867760055,1763340354251016222,0.000000000,0.000000000,1,224454.485346,329745,33554432,0.000,1.403010,0.018613,-1.010268,0.000000,0.000000,0.000000,0.000000,0.000000,-0.000000
31874691566,1763340354257947901,0.000000000,0.000000000,1,224454.492346,329745,33554432,0.000,1.402999,0.018610,-1.010280,0.000000,0.000000,0.000000,0.000000,0.000000,-0.000000
31881784578,1763340354265040856,0.000000000,0.000000000,1,224454.499346,329745,33554432,0.000,1.403003,0.018608,-1.010272,0.000000,0.000000,0.000000,0.000000,0.000000,-0.000000
31888707830,1763340354271964128,0.000000000,0.000000000,1,224454.506346,329745,33554432,0.000,1.403000,0.018607,-1.010273,0.000000,0.000000,0.000000,0.000000,0.000000,-0.000000
31895694212,1763340354278950510,0.000000000,0.000000000,1,224454.513346,329745,33554432,0.000,1.402994,0.018608,-1.010271,0.000000,0.000000,0.000000,0.000000,0.000000,-0.000000
31902763205,1763340354286019502,0.000000000,0.000000000,1,224454.520346,329745,33554432,0.000,1.402993,0.018604,-1.010272,0.000000,0.000000,0.000000,0.000000,0.000000,-0.000000
31909710106,1763340354292966403,0.000000000,0.000000000,1,224454.527346,329745,33554432,0.000,1.403003,0.018601,-1.010253,0.000000,0.000000,0.000000,0.000000,0.000000,-0.000000
31916789746,1763340354300046044,0.000000000,0.000000000,1,224454.534346,329745,33554432,0.000,1.403013,0.018601,-1.010249,0.000000,0.000000,0.000000,0.000000,0.000000,-0.000000
31923711795,1763340354306968074,0.000000000,0.000000000,1,224454.541346,329745,33554432,0.000,1.403013,0.018605,-1.010248,0.000000,0.000000,0.000000,0.000000,0.000000,-0.000000
31930815010,1763340354314071289,0.000000000,0.000000000,1,224454.548346,329745,33554432,0.000,1.403019,0.018615,-1.010257,0.000000,0.000000,0.000000,0.000000,0.000000,-0.000000
31937733652,1763340354320989949,0.000000000,0.000000000,1,224454.555346,329745,33554432,0.000,1.403023,0.018618,-1.010258,0.000000,0.000000,0.000000,0.000000,0.000000,-0.000000
31944800441,1763340354328056720,0.000000000,0.000000000,1,224454.562346,329745,33554432,0.000,1.403033,0.018620,-1.010258,0.000000,0.000000,0.000000,0.000000,0.000000,-0.000000
31951708805,1763340354334965083,0.000000000,0.000000000,1,224454.569346,329745,33554432,0.000,1.403038,0.018618,-1.010265,0.000000,0.000000,0.000000,0.000000,0.000000,-0.000000
31958786057,1763340354342042335,0.000000000,0.000000000,1,224454.576346,329745,33554432,0.000,1.403051,0.018627,-1.010274,0.000000,0.000000,0.000000,0.000000,0.000000,-0.000000
31965730494,1763340354348986773,0.000000000,0.000000000,1,224454.583346,329745,33554432,0.000,1.403060,0.018628,-1.010270,0.000000,0.000000,0.000000,0.000000,0.000000,-0.000000
31972798209,1763340354356054507,0.000000000,0.000000000,1,224454.590346,329745,33554432,0.000,1.403078,0.018628,-1.010273,0.000000,0.000000,0.000000,0.000000,0.000000,-0.000000
31979742443,1763340354362998722,0.000000000,0.000000000,1,224454.597346,329745,33554432,0.000,1.403079,0.018635,-1.010278,0.000000,0.000000,0.000000,0.000000,0.000000,-0.000000
31986810566,1763340354370066845,0.000000000,0.000000000,1,224454.604346,329745,33554432,0.000,1.403085,0.018641,-1.010284,0.000000,0.000000,0.000000,0.000000,0.000000,-0.000000
31993741966,1763340354376998264,0.000000000,0.000000000,1,224454.611346,329745,33554432,0.000,1.403082,0.018648,-1.010286,0.000000,0.000000,0.000000,0.000000,0.000000,-0.000000
32000808663,1763340354384064942,0.000000000,0.000000000,1,224454.618346,329745,33554432,0.000,1.403079,0.018656,-1.010287,0.000000,0.000000,0.000000,0.000000,0.000000,-0.000000
32007717804,1763340354390974102,0.000000000,0.000000000,1,224454.625346,329745,33554432,0.000,1.403078,0.018658,-1.010284,0.000000,0.000000,0.000000,0.000000,0.000000,-0.000000
32014796631,1763340354398052928,0.000000000,0.000000000,1,224454.632346,329745,33554432,0.000,1.403090,0.018656,-1.010283,0.000000,0.000000,0.000000,0.000000,0.000000,-0.000000
32021705013,1763340354404961292,0.000000000,0.000000000,1,224454.639346,329745,33554432,0.000,1.403093,0.018655,-1.010288,0.000000,0.000000,0.000000,0.000000,0.000000,-0.000000
32028820302,1763340354412076599,0.000000000,0.000000000,1,224454.646346,329745,33554432,0.000,1.403096,0.018656,-1.010310,0.000000,0.000000,0.000000,0.000000,0.000000,-0.000000
32035741591,1763340354418997759,0.000000000,0.000000000,1,224454.653346,329745,33554432,0.000,1.403089,0.018656,-1.010315,0.000000,0.000000,0.000000,0.000000,0.000000,-0.000000
32042822973,1763340354426079270,0.000000000,0.000000000,1,224454.660346,329745,33554432,0.000,1.403084,0.018648,-1.010310,0.000000,0.000000,0.000000,0.000000,0.000000,-0.000000
32049764929,1763340354433021208,0.000000000,0.000000000,1,224454.667346,329745,33554432,0.000,1.403081,0.018650,-1.010305,0.000000,0.000000,0.000000,0.000000,0.000000,-0.000000
32056831755,1763340354440088034,0.000000000,0.000000000,1,224454.674346,329745,33554432,0.000,1.403077,0.018648,-1.010305,0.000000,0.000000,0.000000,0.000000,0.000000,-0.000000
32063784878,1763340354447041120,0.000000000,0.000000000,1,224454.681346,329745,33554432,0.000,1.403090,0.018648,-1.010314,0.000000,0.000000,0.000000,0.000000,0.000000,-0.000000
32070707927,1763340354453964206,0.000000000,0.000000000,1,224454.688346,329745,33554432,0.000,1.403081,0.018640,-1.010315,0.000000,0.000000,0.000000,0.000000,0.000000,-0.000000
32077788679,1763340354461044958,0.000000000,0.000000000,1,224454.695346,329745,33554432,0.000,1.403085,0.018640,-1.010321,0.000000,0.000000,0.000000,0.000000,0.000000,-0.000000
32084707191,1763340354467963470,0.000000000,0.000000000,1,224454.702346,329745,33554432,0.000,1.403091,0.018631,-1.010332,0.000000,0.000000,0.000000,0.000000,0.000000,-0.000000
32091785536,1763340354475041833,0.000000000,0.000000000,1,224454.709346,329745,33554432,0.000,1.403085,0.018623,-1.010331,0.000000,0.000000,0.000000,0.000000,0.000000,-0.000000
32098696881,1763340354481953160,0.000000000,0.000000000,1,224454.716346,329745,33554432,0.000,1.403080,0.018630,-1.010331,0.000000,0.000000,0.000000,0.000000,0.000000,-0.000000
32105764411,1763340354489020708,0.000000000,0.000000000,1,224454.723346,329745,33554432,0.000,1.403072,0.018636,-1.010336,0.000000,0.000000,0.000000,0.000000,0.000000,-0.000000
32112831107,1763340354496087405,0.000000000,0.000000000,1,224454.730346,329745,33554432,0.000,1.403071,0.018641,-1.010332,0.000000,0.000000,0.000000,0.000000,0.000000,-0.000000
32119754767,1763340354503011046,0.000000000,0.000000000,1,224454.737346,329745,33554432,0.000,1.403067,0.018636,-1.010332,0.000000,0.000000,0.000000,0.000000,0.000000,-0.000000
32126702205,1763340354509958484,0.000000000,0.000000000,1,224454.744346,329745,33554432,0.000,1.403055,0.018635,-1.010332,0.000000,0.000000,0.000000,0.000000,0.000000,-0.000000
32133769401,1763340354517025699,0.000000000,0.000000000,1,224454.751346,329745,33554432,0.000,1.403065,0.018639,-1.010340,0.000000,0.000000,0.000000,0.000000,0.000000,-0.000000
32140848264,1763340354524104562,0.000000000,0.000000000,1,224454.758346,329745,33554432,0.000,1.403069,0.018644,-1.010336,0.000000,0.000000,0.000000,0.000000,0.000000,-0.000000
32147759443,1763340354531015722,0.000000000,0.000000000,1,224454.765346,329745,33554432,0.000,1.403078,0.018647,-1.010340,0.000000,0.000000,0.000000,0.000000,0.000000,-0.000000
32154844491,1763340354538100789,0.000000000,0.000000000,1,224454.772346,329745,33554432,0.000,1.403067,0.018656,-1.010339,0.000000,0.000000,0.000000,0.000000,0.000000,-0.000000
32161756133,1763340354545012412,0.000000000,0.000000000,1,224454.779346,329745,33554432,0.000,1.403070,0.018658,-1.010338,0.000000,0.000000,0.000000,0.000000,0.000000,-0.000000
32168702070,1763340354551958405,0.000000000,0.000000000,1,224454.786346,329745,33554432,0.000,1.403059,0.018650,-1.010335,0.000000,0.000000,0.000000,0.000000,0.000000,-0.000000
32175768082,1763340354559024361,0.000000000,0.000000000,1,224454.793346,329745,33554432,0.000,1.403066,0.018647,-1.010336,0.000000,0.000000,0.000000,0.000000,0.000000,-0.000000
32182835278,1763340354566091557,0.000000000,0.000000000,1,224454.800346,329745,33554432,0.000,1.403074,0.018641,-1.010339,0.000000,0.000000,0.000000,0.000000,0.000000,-0.000000
32189813957,1763340354573070087,0.000000000,0.000000000,1,224454.807346,329745,33554432,0.000,1.403075,0.018638,-1.010327,0.000000,0.000000,0.000000,0.000000,0.000000,-0.000000
32196745246,1763340354580001544,0.000000000,0.000000000,1,224454.814346,329745,33554432,0.000,1.403072,0.018640,-1.010324,0.000000,0.000000,0.000000,0.000000,0.000000,-0.000000
32203816998,1763340354587073296,0.000000000,0.000000000,1,224454.821346,329745,33554432,0.000,1.403069,0.018642,-1.010335,0.000000,0.000000,0.000000,0.000000,0.000000,-0.000000
32210734455,1763340354593990733,0.000000000,0.000000000,1,224454.828346,329745,33554432,0.000,1.403061,0.018637,-1.010330,0.000000,0.000000,0.000000,0.000000,0.000000,-0.000000
32217806910,1763340354601063208,0.000000000,0.000000000,1,224454.835346,329745,33554432,0.000,1.403060,0.018638,-1.010329,0.000000,0.000000,0.000000,0.000000,0.000000,-0.000000
32224718274,1763340354607974571,0.000000000,0.000000000,1,224454.842346,329745,33554432,0.000,1.403061,0.018637,-1.010326,0.000000,0.000000,0.000000,0.000000,0.000000,-0.000000
32231848489,1763340354615104768,0.000000000,0.000000000,1,224454.849346,329745,33554432,0.000,1.403061,0.018636,-1.010322,0.000000,0.000000,0.000000,0.000000,0.000000,-0.000000
32238757704,1763340354622013983,0.000000000,0.000000000,1,224454.856346,329745,33554432,0.000,1.403065,0.018637,-1.010325,0.000000,0.000000,0.000000,0.000000,0.000000,-0.000000
32245840105,1763340354629096402,0.000000000,0.000000000,1,224454.863346,329745,33554432,0.000,1.403066,0.018635,-1.010328,0.000000,0.000000,0.000000,0.000000,0.000000,-0.000000
32252797727,1763340354636054025,0.000000000,0.000000000,1,224454.870346,329745,33554432,0.000,1.403063,0.018633,-1.010329,0.000000,0.000000,0.000000,0.000000,0.000000,-0.000000
32259725906,1763340354642982185,0.000000000,0.000000000,1,224454.877346,329745,33554432,0.000,1.403063,0.018632,-1.010326,0.000000,0.000000,0.000000,0.000000,0.000000,-0.000000
32270860569,1763340354654116737,0.000000000,0.000000000,1,224454.884346,329745,33554432,0.000,1.403058,0.018635,-1.010336,0.000000,0.000000,0.000000,0.000000,0.000000,-0.000000
32273804669,1763340354657060967,0.000000000,0.000000000,1,224454.891346,329745,33554432,0.000,1.403055,0.018641,-1.010336,0.000000,0.000000,0.000000,0.000000,0.000000,-0.000000
32280789051,1763340354664045201,0.000000000,0.000000000,1,224454.898346,329745,33554432,0.000,1.403061,0.018631,-1.010329,0.000000,0.000000,0.000000,0.000000,0.000000,-0.000000
32287759396,1763340354671015564,0.000000000,0.000000000,1,224454.905346,329745,33554432,0.000,1.403057,0.018631,-1.010321,0.000000,0.000000,0.000000,0.000000,0.000000,-0.000000
32294700149,1763340354677956428,0.000000000,0.000000000,1,224454.912346,329745,33554432,0.000,1.403056,0.018628,-1.010322,0.000000,0.000000,0.000000,0.000000,0.000000,-0.000000
32301768827,1763340354685025124,0.000000000,0.000000000,1,224454.919346,329745,33554432,0.000,1.403055,0.018627,-1.010331,0.000000,0.000000,0.000000,0.000000,0.000000,-0.000000
32308834598,1763340354692090876,0.000000000,0.000000000,1,224454.926346,329745,33554432,0.000,1.403047,0.018626,-1.010339,0.000000,0.000000,0.000000,0.000000,0.000000,-0.000000
32315743943,1763340354699000222,0.000000000,0.000000000,1,224454.933346,329745,33554432,0.000,1.403043,0.018625,-1.010344,0.000000,0.000000,0.000000,0.000000,0.000000,-0.000000
32322821769,1763340354706078048,0.000000000,0.000000000,1,224454.940346,329745,33554432,0.000,1.403031,0.018629,-1.010348,0.000000,0.000000,0.000000,0.000000,0.000000,-0.000000
32329821114,1763340354713077411,0.000000000,0.000000000,1,224454.947346,329745,33554432,0.000,1.403028,0.018626,-1.010356,0.000000,0.000000,0.000000,0.000000,0.000000,-0.000000
32336732126,1763340354719988423,0.000000000,0.000000000,1,224454.954346,329745,33554432,0.000,1.403017,0.018611,-1.010360,0.000000,0.000000,0.000000,0.000000,0.000000,-0.000000
32343801896,1763340354727058175,0.000000000,0.000000000,1,224454.961346,329745,33554432,0.000,1.403020,0.018609,-1.010358,0.000000,0.000000,0.000000,0.000000,0.000000,-0.000000
32350748815,1763340354734004854,0.000000000,0.000000000,1,224454.968346,329745,33554432,0.000,1.403027,0.018612,-1.010367,0.000000,0.000000,0.000000,0.000000,0.000000,-0.000000
32357759420,1763340354741015365,0.000000000,0.000000000,1,224454.975346,329745,33554432,0.000,1.403018,0.018609,-1.010371,0.000000,0.000000,0.000000,0.000000,0.000000,-0.000000
32364784153,1763340354748040247,0.000000000,0.000000000,1,224454.982346,329745,33554432,0.000,1.403027,0.018610,-1.010375,0.000000,0.000000,0.000000,0.000000,0.000000,-0.000000
32371858813,1763340354755115110,0.000000000,0.000000000,1,224454.989346,329745,33554432,0.000,1.403033,0.018609,-1.010372,0.000000,0.000000,0.000000,0.000000,0.000000,-0.000000
32378782232,1763340354762038529,0.000000000,0.000000000,1,224454.996346,329745,33554432,0.000,1.403032,0.018619,-1.010389,0.000000,0.000000,0.000000,0.000000,0.000000,-0.000000
32385705540,1763340354768961837,0.000000000,0.000000000,1,224455.003346,329745,33554432,0.000,1.403028,0.018615,-1.010385,0.000000,0.000000,0.000000,0.000000,0.000000,-0.000000
32393060273,1763340354776316403,0.000000000,0.000000000,1,224455.010346,329745,33554432,0.000,1.403022,0.018632,-1.010378,0.000000,0.000000,0.000000,0.000000,0.000000,-0.000000
32399839748,1763340354783096045,0.000000000,0.000000000,1,224455.017346,329745,33554432,0.000,1.403028,0.018630,-1.010378,0.000000,0.000000,0.000000,0.000000,0.000000,-0.000000
32406779093,1763340354790035261,0.000000000,0.000000000,1,224455.024346,329745,33554432,0.000,1.403031,0.018629,-1.010372,0.000000,0.000000,0.000000,0.000000,0.000000,-0.000000
32413846604,1763340354797102902,0.000000000,0.000000000,1,224455.031346,329745,33554432,0.000,1.403028,0.018634,-1.010372,0.000000,0.000000,0.000000,0.000000,0.000000,-0.000000
32420731709,1763340354803987895,0.000000000,0.000000000,1,224455.038346,329745,33554432,0.000,1.403022,0.018632,-1.010371,0.000000,0.000000,0.000000,0.000000,0.000000,-0.000000
32427701795,1763340354810958092,0.000000000,0.000000000,1,224455.045346,329745,33554432,0.000,1.403026,0.018623,-1.010371,0.000000,0.000000,0.000000,0.000000,0.000000,-0.000000
32434769102,1763340354818025381,0.000000000,0.000000000,1,224455.052346,329745,33554432,0.000,1.403021,0.018627,-1.010365,0.000000,0.000000,0.000000,0.000000,0.000000,-0.000000
32441835114,1763340354825091392,0.000000000,0.000000000,1,224455.059346,329745,33554432,0.000,1.403030,0.018637,-1.010360,0.000000,0.000000,0.000000,0.000000,0.000000,-0.000000
32448742366,1763340354831998664,0.000000000,0.000000000,1,224455.066346,329745,33554432,0.000,1.403032,0.018638,-1.010358,0.000000,0.000000,0.000000,0.000000,0.000000,-0.000000
32455822563,1763340354839078860,0.000000000,0.000000000,1,224455.073346,329745,33554432,0.000,1.403027,0.018643,-1.010359,0.000000,0.000000,0.000000,0.000000,0.000000,-0.000000
32462744871,1763340354846001150,0.000000000,0.000000000,1,224455.080346,329745,33554432,0.000,1.403015,0.018642,-1.010370,0.000000,0.000000,0.000000,0.000000,0.000000,-0.000000
32469708364,1763340354852964643,0.000000000,0.000000000,1,224455.087346,329745,33554432,0.000,1.403013,0.018640,-1.010366,0.000000,0.000000,0.000000,0.000000,0.000000,-0.000000
32476787523,1763340354860043821,0.000000000,0.000000000,1,224455.094346,329745,33554432,0.000,1.403014,0.018647,-1.010368,0.000000,0.000000,0.000000,0.000000,0.000000,-0.000000
32483711165,1763340354866967444,0.000000000,0.000000000,1,224455.101346,329745,33554432,0.000,1.403023,0.018650,-1.010378,0.000000,0.000000,0.000000,0.000000,0.000000,-0.000000
32490798324,1763340354874054603,0.000000000,0.000000000,1,224455.108346,329745,33554432,0.000,1.403015,0.018651,-1.010374,0.000000,0.000000,0.000000,0.000000,0.000000,-0.000000
32497706392,1763340354880962671,0.000000000,0.000000000,1,224455.115346,329745,33554432,0.000,1.403010,0.018653,-1.010374,0.000000,0.000000,0.000000,0.000000,0.000000,-0.000000
32504776440,1763340354888032608,0.000000000,0.000000000,1,224455.122346,329745,33554432,0.000,1.403014,0.018663,-1.010378,0.000000,0.000000,0.000000,0.000000,0.000000,-0.000000
32511842137,1763340354895098415,0.000000000,0.000000000,1,224455.129346,329745,33554432,0.000,1.403021,0.018663,-1.010379,0.000000,0.000000,0.000000,0.000000,0.000000,-0.000000
32518757426,1763340354902013705,0.000000000,0.000000000,1,224455.136346,329745,33554432,0.000,1.403005,0.018658,-1.010397,0.000000,0.000000,0.000000,0.000000,0.000000,-0.000000
32525836493,1763340354909092772,0.000000000,0.000000000,1,224455.143346,329745,33554432,0.000,1.403004,0.018652,-1.010397,0.000000,0.000000,0.000000,0.000000,0.000000,-0.000000
32532807820,1763340354916064061,0.000000000,0.000000000,1,224455.150346,329745,33554432,0.000,1.402996,0.018655,-1.010407,0.000000,0.000000,0.000000,0.000000,0.000000,-0.000000
32539749979,1763340354923006258,0.000000000,0.000000000,1,224455.157346,329745,33554432,0.000,1.403006,0.018648,-1.010405,0.000000,0.000000,0.000000,0.000000,0.000000,-0.000000
32546828472,1763340354930084751,0.000000000,0.000000000,1,224455.164346,329745,33554432,0.000,1.403007,0.018645,-1.010401,0.000000,0.000000,0.000000,0.000000,0.000000,-0.000000
32553737558,1763340354936993856,0.000000000,0.000000000,1,224455.171346,329745,33554432,0.000,1.403009,0.018652,-1.010395,0.000000,0.000000,0.000000,0.000000,0.000000,-0.000000
32560803551,1763340354944059830,0.000000000,0.000000000,1,224455.178346,329745,33554432,0.000,1.403006,0.018643,-1.010391,0.000000,0.000000,0.000000,0.000000,0.000000,-0.000000
32567743674,1763340354950999953,0.000000000,0.000000000,1,224455.185346,329745,33554432,0.000,1.403010,0.018645,-1.010387,0.000000,0.000000,0.000000,0.000000,0.000000,-0.000000
32574809222,1763340354958065501,0.000000000,0.000000000,1,224455.192346,329745,33554432,0.000,1.403017,0.018644,-1.010390,0.000000,0.000000,0.000000,0.000000,0.000000,-0.000000
32581716901,1763340354964973180,0.000000000,0.000000000,1,224455.199346,329745,33554432,0.000,1.403018,0.018636,-1.010393,0.000000,0.000000,0.000000,0.000000,0.000000,-0.000000
32588796523,1763340354972052802,0.000000000,0.000000000,1,224455.206346,329745,33554432,0.000,1.403018,0.018648,-1.010391,0.000000,0.000000,0.000000,0.000000,0.000000,-0.000000
32595723498,1763340354978979795,0.000000000,0.000000000,1,224455.213346,329745,33554432,0.000,1.403021,0.018644,-1.010388,0.000000,0.000000,0.000000,0.000000,0.000000,-0.000000
32602797898,1763340354986054177,0.000000000,0.000000000,1,224455.220346,329745,33554432,0.000,1.403030,0.018661,-1.010393,0.000000,0.000000,0.000000,0.000000,0.000000,-0.000000
32609755558,1763340354993011837,0.000000000,0.000000000,1,224455.227346,329745,33554432,0.000,1.403024,0.018666,-1.010391,0.000000,0.000000,0.000000,0.000000,0.000000,-0.000000
32616833273,1763340355000089552,0.000000000,0.000000000,1,224455.234346,329745,33554432,0.000,1.403026,0.018664,-1.010386,0.000000,0.000000,0.000000,0.000000,0.000000,-0.000000
32623754563,1763340355007010842,0.000000000,0.000000000,1,224455.241346,329745,33554432,0.000,1.403023,0.018667,-1.010390,0.000000,0.000000,0.000000,0.000000,0.000000,-0.000000
32630712334,1763340355013968631,0.000000000,0.000000000,1,224455.248346,329745,33554432,0.000,1.403019,0.018669,-1.010403,0.000000,0.000000,0.000000,0.000000,0.000000,-0.000000
32637792715,1763340355021048994,0.000000000,0.000000000,1,224455.255346,329745,33554432,0.000,1.403024,0.018672,-1.010398,0.000000,0.000000,0.000000,0.000000,0.000000,-0.000000
32644711338,1763340355027967636,0.000000000,0.000000000,1,224455.262346,329745,33554432,0.000,1.403023,0.018672,-1.010392,0.000000,0.000000,0.000000,0.000000,0.000000,-0.000000
32651777757,1763340355035034054,0.000000000,0.000000000,1,224455.269346,329745,33554432,0.000,1.403025,0.018671,-1.010391,0.000000,0.000000,0.000000,0.000000,0.000000,-0.000000
32658849268,1763340355042105547,0.000000000,0.000000000,1,224455.276346,329745,33554432,0.000,1.403015,0.018680,-1.010396,0.000000,0.000000,0.000000,0.000000,0.000000,-0.000000
32665789724,1763340355049046003,0.000000000,0.000000000,1,224455.283346,329745,33554432,0.000,1.403009,0.018679,-1.010392,0.000000,0.000000,0.000000,0.000000,0.000000,-0.000000
32672854717,1763340355056110996,0.000000000,0.000000000,1,224455.290346,329745,33554432,0.000,1.403018,0.018683,-1.010400,0.000000,0.000000,0.000000,0.000000,0.000000,-0.000000
32679775488,1763340355063031767,0.000000000,0.000000000,1,224455.297346,329745,33554432,0.000,1.403028,0.018674,-1.010399,0.000000,0.000000,0.000000,0.000000,0.000000,-0.000000
32686796611,1763340355070052797,0.000000000,0.000000000,1,224455.304346,329745,33554432,0.000,1.403033,0.018671,-1.010404,0.000000,0.000000,0.000000,0.000000,0.000000,-0.000000
32693858770,1763340355077115012,0.000000000,0.000000000,1,224455.311346,329745,33554432,0.000,1.403031,0.018670,-1.010410,0.000000,0.000000,0.000000,0.000000,0.000000,-0.000000
32700774282,1763340355084030487,0.000000000,0.000000000,1,224455.318346,329745,33554432,0.000,1.403024,0.018672,-1.010417,0.000000,0.000000,0.000000,0.000000,0.000000,-0.000000
32707734646,1763340355090990795,0.000000000,0.000000000,1,224455.325346,329745,33554432,0.000,1.403028,0.018666,-1.010425,0.000000,0.000000,0.000000,0.000000,0.000000,-0.000000
32714719306,1763340355097975492,0.000000000,0.000000000,1,224455.332346,329745,33554432,0.000,1.403045,0.018667,-1.010415,0.000000,0.000000,0.000000,0.000000,0.000000,-0.000000
32721811039,1763340355105067170,0.000000000,0.000000000,1,224455.339346,329745,33554432,0.000,1.403046,0.018666,-1.010406,0.000000,0.000000,0.000000,0.000000,0.000000,-0.000000
32728750884,1763340355112007182,0.000000000,0.000000000,1,224455.346346,329745,33554432,0.000,1.403044,0.018661,-1.010404,0.000000,0.000000,0.000000,0.000000,0.000000,-0.000000
32735834488,1763340355119090767,0.000000000,0.000000000,1,224455.353346,329745,33554432,0.000,1.403051,0.018662,-1.010412,0.000000,0.000000,0.000000,0.000000,0.000000,-0.000000
32742756222,1763340355126012501,0.000000000,0.000000000,1,224455.360346,329745,33554432,0.000,1.403038,0.018668,-1.010419,0.000000,0.000000,0.000000,0.000000,0.000000,-0.000000
32749844011,1763340355133100309,0.000000000,0.000000000,1,224455.367346,329745,33554432,0.000,1.403036,0.018660,-1.010427,0.000000,0.000000,0.000000,0.000000,0.000000,-0.000000
32756751542,1763340355140007839,0.000000000,0.000000000,1,224455.374346,329745,33554432,0.000,1.403036,0.018662,-1.010429,0.000000,0.000000,0.000000,0.000000,0.000000,-0.000000
32763697127,1763340355146953369,0.000000000,0.000000000,1,224455.381346,329745,33554432,0.000,1.403042,0.018660,-1.010428,0.000000,0.000000,0.000000,0.000000,0.000000,-0.000000
32770763842,1763340355154020121,0.000000000,0.000000000,1,224455.388346,329745,33554432,0.000,1.403046,0.018663,-1.010430,0.000000,0.000000,0.000000,0.000000,0.000000,-0.000000
32777829113,1763340355161085392,0.000000000,0.000000000,1,224455.395346,329745,33554432,0.000,1.403053,0.018664,-1.010427,0.000000,0.000000,0.000000,0.000000,0.000000,-0.000000
32784747884,1763340355168004182,0.000000000,0.000000000,1,224455.402346,329745,33554432,0.000,1.403054,0.018675,-1.010423,0.000000,0.000000,0.000000,0.000000,0.000000,-0.000000
32791832507,1763340355175088804,0.000000000,0.000000000,1,224455.409346,329745,33554432,0.000,1.403067,0.018682,-1.010418,0.000000,0.000000,0.000000,0.000000,0.000000,-0.000000
32798750278,1763340355182006557,0.000000000,0.000000000,1,224455.416346,329745,33554432,0.000,1.403074,0.018673,-1.010423,0.000000,0.000000,0.000000,0.000000,0.000000,-0.000000
32805827289,1763340355189083568,0.000000000,0.000000000,1,224455.423346,329745,33554432,0.000,1.403071,0.018674,-1.010421,0.000000,0.000000,0.000000,0.000000,0.000000,-0.000000
32812898208,1763340355196154505,0.000000000,0.000000000,1,224455.430346,329745,33554432,0.000,1.403086,0.018675,-1.010424,0.000000,0.000000,0.000000,0.000000,0.000000,-0.000000
32819703442,1763340355202959740,0.000000000,0.000000000,1,224455.437346,329745,33554432,0.000,1.403086,0.018675,-1.010425,0.000000,0.000000,0.000000,0.000000,0.000000,-0.000000
32826793565,1763340355210049825,0.000000000,0.000000000,1,224455.444346,329745,33554432,0.000,1.403076,0.018670,-1.010434,0.000000,0.000000,0.000000,0.000000,0.000000,-0.000000
32833712706,1763340355216968985,0.000000000,0.000000000,1,224455.451346,329745,33554432,0.000,1.403088,0.018677,-1.010425,0.000000,0.000000,0.000000,0.000000,0.000000,-0.000000
32840822476,1763340355224078774,0.000000000,0.000000000,1,224455.458346,329745,33554432,0.000,1.403082,0.018681,-1.010432,0.000000,0.000000,0.000000,0.000000,0.000000,-0.000000
32847789618,1763340355231045915,0.000000000,0.000000000,1,224455.465346,329745,33554432,0.000,1.403080,0.018682,-1.010423,0.000000,0.000000,0.000000,0.000000,0.000000,-0.000000
32854842240,1763340355238097149,0.000000000,0.000000000,1,224455.472346,329745,33554432,0.000,1.403066,0.018679,-1.010424,0.000000,0.000000,0.000000,0.000000,0.000000,-0.000000
32861736419,1763340355244992587,0.000000000,0.000000000,1,224455.479346,329745,33554432,0.000,1.403068,0.018681,-1.010430,0.000000,0.000000,0.000000,0.000000,0.000000,-0.000000
32868720134,1763340355251976413,0.000000000,0.000000000,1,224455.486346,329745,33554432,0.000,1.403078,0.018686,-1.010426,0.000000,0.000000,0.000000,0.000000,0.000000,-0.000000
32875809034,1763340355259065184,0.000000000,0.000000000,1,224455.493346,329745,33554432,0.000,1.403081,0.018684,-1.010436,0.000000,0.000000,0.000000,0.000000,0.000000,-0.000000
32882877546,1763340355266133824,0.000000000,0.000000000,1,224455.500346,329745,33554432,0.000,1.403076,0.018700,-1.010439,0.000000,0.000000,0.000000,0.000000,0.000000,-0.000000
32889699910,1763340355272956170,0.000000000,0.000000000,1,224455.507346,329745,33554432,0.000,1.403076,0.018702,-1.010435,0.000000,0.000000,0.000000,0.000000,0.000000,-0.000000
32896770384,1763340355280026681,0.000000000,0.000000000,1,224455.514346,329745,33554432,0.000,1.403062,0.018708,-1.010428,0.000000,0.000000,0.000000,0.000000,0.000000,-0.000000
32903837488,1763340355287093767,0.000000000,0.000000000,1,224455.521346,329745,33554432,0.000,1.403060,0.018708,-1.010425,0.000000,0.000000,0.000000,0.000000,0.000000,-0.000000
32910743926,1763340355294000223,0.000000000,0.000000000,1,224455.528346,329745,33554432,0.000,1.403061,0.018705,-1.010423,0.000000,0.000000,0.000000,0.000000,0.000000,-0.000000
32917822085,1763340355301078253,0.000000000,0.000000000,1,224455.535346,329745,33554432,0.000,1.403058,0.018712,-1.010418,0.000000,0.000000,0.000000,0.000000,0.000000,-0.000000
32924742356,1763340355307998635,0.000000000,0.000000000,1,224455.542346,329745,33554432,0.000,1.403044,0.018718,-1.010434,0.000000,0.000000,0.000000,0.000000,0.000000,-0.000000
32931701646,1763340355314957943,0.000000000,0.000000000,1,224455.549346,329745,33554432,0.000,1.403049,0.018701,-1.010434,0.000000,0.000000,0.000000,0.000000,0.000000,-0.000000
32938769120,1763340355322025399,0.000000000,0.000000000,1,224455.556346,329745,33554432,0.000,1.403038,0.018709,-1.010450,0.000000,0.000000,0.000000,0.000000,0.000000,-0.000000
32945835928,1763340355329092206,0.000000000,0.000000000,1,224455.563346,329745,33554432,0.000,1.403041,0.018705,-1.010447,0.000000,0.000000,0.000000,0.000000,0.000000,-0.000000
32952798328,1763340355336054514,0.000000000,0.000000000,1,224455.570346,329745,33554432,0.000,1.403046,0.018697,-1.010441,0.000000,0.000000,0.000000,0.000000,0.000000,-0.000000
32959821099,1763340355343077396,0.000000000,0.000000000,1,224455.577346,329745,33554432,0.000,1.403037,0.018698,-1.010434,0.000000,0.000000,0.000000,0.000000,0.000000,-0.000000
32966759981,1763340355350016260,0.000000000,0.000000000,1,224455.584346,329745,33554432,0.000,1.403045,0.018685,-1.010442,0.000000,0.000000,0.000000,0.000000,0.000000,-0.000000
32973854622,1763340355357110938,0.000000000,0.000000000,1,224455.591346,329745,33554432,0.000,1.403048,0.018680,-1.010445,0.000000,0.000000,0.000000,0.000000,0.000000,-0.000000
32980718745,1763340355363975061,0.000000000,0.000000000,1,224455.598346,329745,33554432,0.000,1.403053,0.018674,-1.010445,0.000000,0.000000,0.000000,0.000000,0.000000,-0.000000
